:020000040800F2
:10000000283700209D010008BD8200087B5F0008A2
:10001000F581000821280008F5D300080000000041
:100020000000000000000000000000007D8B0008C0
:10003000A936000800000000C5860008978B00085C
:10004000B7010008B7010008B7010008B7010008B0
:10005000B7010008B7010008B7010008B7010008A0
:10006000B7010008B7010008B7010008B701000890
:10007000B7010008B7010008B7010008B701000880
:10008000B7010008B7010008B7010008B701000870
:10009000B7010008B7010008B7010008B701000860
:1000A000B7010008B7010008B7010008B701000850
:1000B000B7010008B7010008B7010008895F000810
:1000C0007D5F0008B7010008B7010008B70100080C
:1000D000B7010008D1D30008DDD30008B70100083C
:1000E000B7010008B7010008B7010008B701000810
:1000F000B7010008B7010008B7010008B701000800
:10010000B7010008B7010008B7010008B7010008EF
:10011000B1D00008B7010008B7010008B701000816
:10012000ED350008B7010008B7010008B701000865
:10013000B7010008B7010008B7010008B7010008BF
:10014000B7010008B7010008B7010008B7010008AF
:10015000B7010008B7010008F9350008E9D3000825
:10016000B7010008B7010008B7010008B70100088F
:10017000B7010008B7010008B7010008000000003F
:10018000B7010008B7010008DFF80CD000F098FABA
:1001900000480047E1E4000828370020064880476F
:1001A00006480047FEE7FEE7FEE7FEE7FEE7FEE75C
:1001B000FEE7FEE7FEE7FEE7318C00088901000854
:1001C0002DE9F05F0546002092469B46884606468C
:1001D000814640241BE0284641464746224600F01F
:1001E000A7F853465A46C01A914110D311461846F3
:1001F000224600F08EF82D1A67EB01084F46224682
:100200000120002100F085F817EB00094E41201E67
:10021000A4F10104DFDC484631462A464346BDE8E6
:10022000F09F2DE9F0410024061B254671F10006E0
:1002300005DA01240027D0EB070067EB0101161E49
:1002400073F1000605DA0027D2EB0702012567EB00
:100250000303FFF7B5FF86460E4617469C46AC42A1
:1002600004D00025D0EB050E65EB010624B100207B
:10027000D2EB000760EB030C704631463A4663460A
:10028000BDE8F08140EA01039B0703D009E008C9FB
:10029000121F08C0042AFAD203E011F8013B00F84B
:1002A000013B521EF9D27047D2B201E000F8012B97
:1002B000491EFBD270470022F6E710B513460A46E6
:1002C00004461946FFF7F0FF204610BD30B504463E
:1002D0000020034600E05B1C934203D2E05CCD5C4F
:1002E000401BF8D030BD30B50B460146002020221F
:1002F000012409E021FA02F59D4205D303FA02F533
:10030000491B04FA02F52844151EA2F10102F1DC92
:1003100030BD202A04DB203A00FA02F100207047A9
:100320009140C2F1200320FA03F319439040704733
:10033000202A04DB203A21FA02F00021704721FA3A
:1003400002F3D040C2F120029140084319467047A1
:100350002DE9FE4F804681EA0300C00F0C46009055
:1003600021F0004123F00045B8EB0200A94105D27D
:100370004046214690461C460B46024623F000406C
:10038000104347D0270DC7F30A00C3F30A51029068
:10039000401A019040286BDAC3F3130040F4801B2D
:1003A0000098924620B10023D2EB030A63EB0B0BBB
:1003B00001985946C0F140025046FFF7AAFF064691
:1003C0000D4650465946019A00F08CF910EB080092
:1003D0006141002487EA115284EAE7731A4340D04E
:1003E000009A62B3019A012A4FEA075215DC001BFA
:1003F00061EB02014FF0004202EA0752CDE90042F0
:10040000001C41F5801132462B4600F08CF903B0F8
:10041000BDE8F08F40462146F9E7001B61EB020181
:10042000001C41F5801300185B412018A2F500174D
:1004300047EB030140EAD570B6196D4111E06D0834
:100440004FEA360645EAC0754FEA0752001B61EBDA
:100450000201001C41F5801149084FEA30000019E3
:10046000514132462B4603B0BDE8F04F00F04CB985
:100470000098012240000023D0EB020263EBE073FE
:10048000009821464FEAE074B8EB000061EB0401EC
:10049000E9E783F000435BE781F0004158E72DE98D
:1004A000FE4F81EA030404F0004421F0004100946F
:1004B0004FF0000B23F0004350EA01045ED052EAF3
:1004C00003045BD0C3F30A54C1F30A552C44A4F2CD
:1004D000F3340194A0FB0254C1F3130141F48011E1
:1004E000C3F3130343F4801301FB024400FB034EE8
:1004F000840A970A44EA815447EA8357A4FB0768B1
:1005000002958D0A05FB07854FEA932C04FB0C54DA
:100510002705029D4FEA065847EA1637B5EB08054E
:100520006EEB070C870E920E47EA811742EA8312A0
:10053000A7FB0201B6EB0B0164EB00042B0D43EAB1
:100540000C335E1844EB1C50DA465146E7FB0201BF
:10055000C5F313044FEA0B3343EA14534FEA043252
:10056000019C43EA0603A4F10C040294009CCDE92B
:1005700000B400F0D8F803B0BDE8F08F00200146C9
:10058000F9E72DE9F04D81EA030404F0004B21F076
:10059000004514464FF0000A23F0004150EA0502DE
:1005A00020D054EA01021DD0C5F30A570246C5F314
:1005B0001303C1F31300C1F30A5640F4801543F44A
:1005C0008013A7EB0608101BD64608F2FD3873EB24
:1005D000050002D308F1010801E092185B41B8F16F
:1005E000000F03DA00200146BDE8F08D00204FF433
:1005F0008011064684460EE0171B73EB050705D3F2
:10060000121B63EB050306434CEA010C49084FEA51
:10061000300092185B4150EA0107EDD152EA030025
:1006200012D082EA040083EA0501084305D0101BBA
:10063000AB4106D20122002306E000224FF0004326
:1006400002E06FF0010253101AEB06004CEB085168
:1006500010EB0A0041EB0B01BDE8F04D00F054B87F
:10066000C1F30A52C1F3130140F2FF3341F4801188
:100670009A4202DA00200146704740F233439A4220
:10068000A2F2334202DC5242FFF752BEFFF741BEF4
:1006900030B5041E71F1000404DB4FF00044404209
:1006A00064EB0101141E73F1000405DB1C464FF0DE
:1006B0000043524263EB0403994208BF904230BDAD
:1006C000064C074D06E0E06840F0010394E807009F
:1006D00098471034AC42F6D3FFF75AFDA4F1000856
:1006E000C4F10008202A06DBCB17203A41FA02F0B9
:1006F00043EAE07306E041FA02F3D040C2F120027F
:10070000914008431946704710B5141E73F1000458
:1007100008DA401C41F1000192185B411A4301D1F3
:1007200020F0010010BD2DE9F04D92469B4611B11D
:10073000B1FA81F202E0B0FA80F220329046FFF77F
:10074000E8FD04460F4640EA0A0041EA0B01534621
:100750005A46084313D0114653EA010019D0C8F194
:1007600040025046FFF7E4FD05460E465046594606
:100770004246FFF7CEFD084305D0012004E02046A5
:100780003946BDE8F08D0020054346EAE0762C436B
:1007900037430A986305E40AA0EB08000022FD0A2B
:1007A00044EA47540A3002D500200146E9E7010532
:1007B00010196941DDE9084500196941BDE8F04DAE
:1007C000A2E730B58C1810F8012B12F00F0301D1FD
:1007D00010F8013B120906D110F8012B03E010F8C4
:1007E000015B01F8015B5B1EF9D101E001F8013BFF
:1007F000521EFBD1A142E6D3002030BD464910B5C0
:100800004A6822F440324A604A6843681A434A60A0
:1008100001684A6822F480724A6001684A68036984
:1008200042EA03224A6001684A6822F040724A6044
:1008300001684A6883681A434A6001688A6822F43A
:1008400000628A6001688A68C3681A438A60816AA4
:100850006FF07062D14201688A6822F070628A602B
:1008600001688A680CD0836A1A438A6001688A68C2
:1008700022F040528A6001688A68C36A1A4301E024
:1008800022F040528A6001688A6822F002028A607F
:1008900001688A68037E42EA43028A6090F8201069
:1008A000002901684A680FD042F400624A6001687A
:1008B0004A6822F460424A6001684A68174C436AF9
:1008C00004EB43331A4301E022F400624A600168FA
:1008D000CA6A22F47002CA620168CA6A838B104C29
:1008E00004EB03531A43CA6201688A6822F4007257
:1008F0008A6001688A6890F8303042EA43228A6050
:1009000001688A6822F480628A6001688A684069A6
:1009100042EA8020886010BD0023014000E0FFFF14
:100920000000F0FF00F06AB8092818D2DFE800F0F4
:100930000507090B0D0F111315000AA070470BA036
:1009400070470DA070470FA0704711A0704713A00B
:10095000704715A0704717A0704719A070471CA0DA
:10096000704700004E4F4E450000000044424720B3
:10097000494E4954000000004B455920494E495406
:10098000000000004F4C454420494E4954000000EF
:100990004D454E5520494E49540000005441534B9B
:1009A00020494E49540000005441534B20535441B8
:1009B000525400005441534B2052554E0000000049
:1009C00053544F502054494D454F5554000000009A
:1009D000554E4B4E4F574E0010B500280AD0064CCE
:1009E0002278002A06D1012222706070616003F033
:1009F00085FCA06010BD0000501C002003480021B1
:100A0000017041704160816070470000501C0020FF
:100A1000401A904201D3012070470020704700F037
:100A2000D5B90000064910B5097831B128B11822AE
:100A30000349FFF727FC012010BD002010BD000076
:100A40005C1C002070B50C4C0025022025706570E0
:100A5000A070E570656003F051FCC4E902052561F2
:100A6000656100F0D7F910B10120207070BD00F071
:100A70004DF9002070BD00005C1C00200348407848
:100A8000052801D000207047012070475C1C002021
:100A900003484078042801D00020704701207047A7
:100AA0005C1C002004484078012803D0022801D0B3
:100AB00000207047012070475C1C002070B5134C6B
:100AC00005462078002807D06078032805D0012843
:100AD00005D0022803D0002070BD012070BD03F0B6
:100AE0000DFC0646A07800F019FA28B1E5703146F1
:100AF000032000F021F8F0E700F008F900F060F9B9
:100B000060613146052000F017F8E4E75C1C002026
:100B100070B500F04DFA074C002502206570A070FA
:100B2000E570656003F0EAFBC4E9020525616561D3
:100B300070BD00005C1C0020014A5070916070473D
:100B40005C1C002070B5154C06460D46207818B187
:100B5000607818B1042801D0002070BD00F028FA98
:100B60002946304600F030FA60B1A6700020E070EF
:100B7000E06020616560606129460120FFF7DCFFCD
:100B8000012070BD00F0C2F800F01AF9606103F0B6
:100B9000B5FB01460520FFF7CFFFDDE75C1C002019
:100BA000062810D2DFE800F0030507090B0D07A0A7
:100BB000704708A070470AA070470BA070470DA0AF
:100BC00070470FA0704710A07047000049444C4583
:100BD000000000005354415254494E4700000000A9
:100BE00052554E4E494E470053544F5050494E4770
:100BF0000000000046494E495348454400000000AB
:100C00004641554C54000000554E4B4E4F574E0038
:100C1000F8B53D4C2078002861D000F06FF903F062
:100C20006DFB05462069401C20616078012806D0D4
:100C3000022804D0032805D1E178022902D0616896
:100C4000691AE1600326052840D2DFE800F03F037F
:100C50000C2B560014222846A168FFF7D9FEA8B332
:100C60002946022030E0A078294600F0EFF901285B
:100C700002D002280FD029E00220E070A07800F016
:100C80004DF910B1294603201EE000F03FF800F0B6
:100C900097F8606103E0E67000F092F829E02946D9
:100CA000052011E0A078294600F0D0F90228F2D002
:100CB000A07800F0E1F898B164222846A168FFF717
:100CC000A7FE68B129460420FFF736FFA0786A46E0
:100CD000294600F04BF8002801D00098E060F8BDEC
:100CE00040F2DC522846A168FFF792FE0028EDD0C2
:100CF0000120606100F00AF8D1E7284600F0E8F82A
:100D00000028C8D0E2E700005C1C0020164910B59E
:100D10000020487008F072FB08F070FF09F0A2F89C
:100D20000AF076F90AF0F6FC06F012F808B106F0BF
:100D30004FF901F087F902F0ADF820B102F0D0F9D7
:100D4000002001F0BBFF01F097F818B901F06EF830
:100D5000002807D040F2726001F094F8BDE810401E
:100D600001F048B810BD0000440200200B461349B2
:100D700030B40C7854B18978884207D1032808D060
:100D800004280BD005280ED0062811D030BC002036
:100D9000704730BC1146184608F042BF30BC1146BF
:100DA000184609F073B830BC114618460AF040B92D
:100DB00030BC114618460AF0BDBC000044020020B9
:100DC0000148406870470000440200200B488078CA
:100DD000022809D0032809D0042809D0052809D001
:100DE000062809D006A0704708F01ABB08F02CBFEF
:100DF00009F068B80AF038B90AF0B8BC440200201B
:100E00005441534B20554E535550504F5254454426
:100E10000000000010B5174C002002212070607007
:100E2000A170606001F010F988B108F04DFB80B14D
:100E300008F04EFF80B109F0A9F880B10AF07CF902
:100E400080B10AF027FD80B10120207010BD1E2066
:100E50000DE008F0DFFA0AE008F0F0FE07E009F024
:100E60002BF804E00AF0FAF801E00AF079FC60607F
:100E7000002010BD4402002010B5144C217811B19F
:100E8000A178884201D0002010BD022808D0032894
:100E900009D004280AD005280BD006280CD010E071
:100EA00008F034FB0AE008F021FF07E009F092F8AF
:100EB00004E00AF065F901E00AF010FD08B1002035
:100EC0006070607880F0010010BD000044020020D6
:100ED00010B5094C217819B1A178032902D004E09A
:100EE000002010BD08F00EFF08B1012010BD08F071
:100EF000A5FE6060F4E7000044020020064810B53B
:100F00000078002807D006F01BFA002803D0BDE8BF
:100F1000104006F043BA10BD4402002010B5234C27
:100F2000217811B1A178884201D0002010BD02289B
:100F30000AD0032811D0042818D005281FD006286D
:100F400026D064306060F0E708F0F0FA10B108F0E5
:100F5000DDFA22E008F05EFAF4E708F0E3FE10B1F3
:100F600008F0C4FE19E008F069FEEBE709F042F86A
:100F700010B109F02FF810E008F09EFFE2E70AF048
:100F80000FF910B10AF0FCF807E00AF067F8D9E7AA
:100F90000AF0B4FC30B10AF0A1FC08B10020607086
:100FA000012010BD0AF0DCFBCCE700004402002069
:100FB00010B5FFF7ABFE03480221817000214160AC
:100FC00010BD00004402002010B51F4C227872B101
:100FD0000022A070626002280BD0032811D00428E0
:100FE00018D005281ED0062824D064306060002068
:100FF00010BD084608F0C2FA607000BB08F00AFA9B
:1010000006E0084608F0A0FE6070C0B908F016FEC1
:10101000606014E0084609F019F8607078B908F0CB
:101020004BFFF5E708460AF0EDF8607038B90AF0B2
:1010300015F8EDE708460AF09BFC607008B160788F
:1010400010BD0AF08DFBE3E74402002070B5374C79
:101050000D46217889B3A178884232D1617859B19F
:10106000022830D0032838D004283ED0052846D0A6
:1010700006284ED0643057E0022808D0032809D053
:10108000042812D0052815D0062817D019E008F03A
:101090003DFA0CE008F02AFE78B1284608F032FE4E
:1010A00030B900BF08F0CAFD3EE008F093FF20B160
:1010B000012070BD0AF064F8F9E702E00AF00EFCC6
:1010C000F5E7022070BD284608F0FAFA0128F9D0A9
:1010D000022825D108F09EF926E0284608F072FE85
:1010E0000128EFD00228DDD01AE0284609F014F8D4
:1010F0000128E7D0022813D108F0DEFE14E02846CC
:101100000AF0EEF80128DDD0022809D109F0A6FF87
:101110000AE028460AF09EFC0128D3D0022801D01C
:10112000002070BD0AF01CFB6060CAE7440200208A
:101130002DE9F0411D4C0646207A002834D01C4F82
:10114000BE4202D01B4886422ED1304604F01AFC23
:10115000EFF3108572B63846002786420FD1E0784B
:1011600058B1A07848B1607802F0AEFA6070A0780B
:10117000401EA070E068401CE060E7700EE0E0797F
:1011800058B1A07948B1607902F09EFA6071A079F7
:10119000401EA071E068401CE060E77105B962B6CE
:1011A000BDE8F04100F03CB8BDE8F081140000203B
:1011B000241700206C170020EFF3108272B6002174
:1011C0001248017041708170C1700171417181716B
:1011D000C171C1600161017202B962B60C490D4B67
:1011E0000A689A4206D1896B21B10B490B4A0968FA
:1011F000914201D000207047EFF3108172B60122B6
:10120000027201B962B6012070470000140000208C
:1012100024170020001001406C17002000440040FB
:101220002DE9F0412D4C00210A46207A0E460D464C
:10123000002850D0EFF3108072B6E77801239FB9F1
:10124000A7788FB1E3706178677801EB011202EB48
:101250008111234A02EB410107EB071C0CEB8717B6
:1012600002EB4702B2F8A020E7799FB9A7798FB1C6
:10127000E371637903EB031505EB8315194B03EB5E
:101280004506657905EB051707EB851503EB450367
:10129000B3F8A05000B962B6002751B14AB1124864
:1012A00004F006FE28B1EFF3108072B6E77000B9C3
:1012B00062B6002E0FD0002D0DD02A4631460B48C5
:1012C00004F038FE002806D0EFF3108072B6E77104
:1012D000002800D162B6BDE8F081000014000020B3
:1012E0006003002070080020241700206C170020E5
:1012F00070B5194C217A002927D0EFF3108572B60A
:101300001649002688420CD1E07840B1A07830B16F
:10131000607802F0D9F96070A078401EA070E67085
:101320000EE00F4988420DD1E07940B1A07930B18B
:10133000607902F0C9F96071A079401EA071E67170
:1013400025B104E0002D00D162B670BD62B6BDE8E3
:101350007040FFF765BF0000140000202417002034
:101360006C1700202DE9F047294C8146207A404235
:1013700010EA090F15D0A1B1A02903D9A02602F0C7
:1013800095F900E08EB2EFF3108572B6A0780828C8
:1013900002D2A079082807D3E068401CE06005B9B4
:1013A00062B60020BDE8F087207894F8048000EB56
:1013B000001101EB80111748324600EB410007464F
:1013C0004946FEF75FFF08EB081000EB8811124852
:1013D000A7F8A06000EB4100074632464946FEF7F9
:1013E00051FFA7F8A060207802F06EF92070A07875
:1013F000401CA070207902F067F92071A079401C90
:10140000A07105B962B6FFF70BFF0120CAE7000023
:101410001400002060030020700800200FB4194859
:1014200010B5007AA8B040422A9A4FF0FF3410421B
:101430001FD02BABA02168460CF0CCFB002818DB9A
:10144000A02810D32E208DF89A008DF89B008DF8DF
:101450009C000D208DF89D000A209F248DF89E0091
:1014600002F024F900E0044621466846FFF77AFFBF
:1014700020B1204628B010BC5DF814FB6FF00100CD
:10148000F8E70000140000202DE9F0411E4F1F4E28
:1014900000243C701E493068884218D11D4D1E4AF8
:1014A0002968914213D1716889B9696879B9F2687C
:1014B0004FF6FF718A420AD1EA688A4207D1446234
:1014C000286844623C21304603F096FF10B10020AA
:1014D000BDE8F0813C210F4803F08EFF20B13C2194
:1014E0000A4803F0D0FFF2E730684462286844629B
:1014F0007C80BC80BC6014210848FC60FEF7DBFEE9
:101500007C7001203870E3E70400002004160020FE
:10151000000400404C160020000800404C0300204E
:1015200070B50A4D287800280FD0094800240068BB
:1015300044620848006844626C80AC80AC6014214E
:101540000548EC60FEF7B7FE6C7070BD040000202B
:10155000041600204C1600204C0300202DE9F04119
:10156000194C07462078404238402BD00122A11C5C
:10157000164802F0FCF905460022211D144802F02D
:10158000F6F906462946A06802F0DAF9A06031466D
:10159000E06802F0D5F90146E06028460D4D28804C
:1015A0006E80A068C5E90101E868401CE86002F0AF
:1015B000A5FE286101206070142229463846FEF7F6
:1015C00061FE0120BDE8F081040000200416002027
:1015D0004C1600204C03002010B502F08FFE04468C
:1015E000034601220749084805F0ACF9064823469E
:1015F00010220649143005F0A5F9054901200870AC
:1016000010BD000000000240800E002000100240CB
:10161000840000202DE9F0411848007800282BD0E4
:1016200002F06CFE164F0646002500BF05EB850054
:1016300007EB8004A188206802F056FE012800D044
:101640000020A179814202D0A071E66010E0E1792A
:1016500081420DD0E168711A1E2909D3E07138B1B9
:10166000207AFF2801D2401C20722069401C206192
:101670006D1CEDB2022DD9D3BDE8F08184000020AD
:10168000800E00200849097861B102280AD200EBD7
:101690008001064800EB8100017A19B1491E0172F0
:1016A000012070470020704784000020800E002039
:1016B00000280DD0074A0168914209D1416C0648C3
:1016C0008163016B491C0163082181710121017152
:1016D00070470000004C00402C00002010B50400B2
:1016E00020D0EFF3108172B61348427A2270C2689C
:1016F00062600269A260426AE260826A2261C26A32
:101700006261026BA261426BE261826B226282794A
:1017100084F82420027884F82520407884F8260074
:1017200011B102E0002010BD62B600F029F884F883
:101730002700012010BD00002C00002070B502F031
:10174000DDFD05460B480C490068884201D00020A9
:1017500070BD084804F063F8EFF3108472B62846B1
:1017600005F0B8FE05490120087004B962B60120F1
:1017700070BD0000DC160020004C00402C00002052
:101780000A4910B5087800280DD0EFF3108072B622
:101790000C69C96800B962B631B102F0AFFD001B37
:1017A000142801D8012010BD002010BD2C000020FD
:1017B00001480078704700002C00002070B5364CBE
:1017C000207800282FD002F099FD054605F060FE34
:1017D000607900210426062825D2DFE800F02403E2
:1017E0000F19252F64222846616905F049FE00285B
:1017F00019D02846BDE8704005F088BEA0780028C2
:1018000011D0A1700120607003206071A56140E0DB
:1018100005222846A16905F033FE002803D0667131
:10182000A5612562A67170BD206A281AC017401CE8
:10183000F9D02846BDE8704005F088BEE078B0B128
:10184000EFF3108072B6E170217A6172E168491C91
:10185000E160A16A2561491CA1620621A17166713E
:10186000E169491D21620028DDD162B670BD042204
:101870002846E16905F004FE0028F7D0074804F087
:1018800037F8E06A401CE0626671E069401D206242
:101890000720A07170BD00002C000020DC16002085
:1018A000002809D000680549884205D104484179DB
:1018B000052901D10121C17070470000004C004092
:1018C0002C00002010B50B4C2078002810D00A48BE
:1018D00003F0A5FFEFF3108072B600212170617054
:1018E000A170E17021716171A171002800D162B60F
:1018F00010BD00002C000020DC160020002806D0BF
:1019000000680349884202D102490120887070476B
:10191000004C00402C000020064810B5007800283C
:1019200007D0002006F09EFCBDE81040012006F024
:1019300099BC10BD0000002070B50D4C0546207804
:10194000002814D0002006F08DFC012006F08AFC4F
:1019500008482DB10122082102F0CBFC012004E04F
:101960000022082102F0C5FC00206070012070BD3B
:10197000000000200010024010B5144C0020024668
:10198000207060700821124802F0B3FC002006F0BD
:1019900069FC012006F066FC00210E4803F09CFE65
:1019A00008B1002010BD04210A4803F095FE20B1C3
:1019B0000021084803F0F4FEF3E7002006F052FC93
:1019C000012006F04FFC0120207010BD0000002017
:1019D0000010024094160020024908784978084017
:1019E000704700000000002010B50C460246FFF7CB
:1019F000F3FF002808D01146002006F0FDFB214629
:101A0000012006F0F9FB012010BD000010B54FF4D5
:101A100080610648FEF74FFC0548FF210170817A7E
:101A2000FF2901D00121417110BD0000A80E002046
:101A30008800002070B50D460446082918D27A2C7B
:101A400016D8104606F0E4FC0A490246002001EBD5
:101A5000C511135C2618401CC0B28B550528F8D35D
:101A60002144002048712846BDE8704006F062BD60
:101A700070BD0000A80E002070B514000E4605468B
:101A80000CD006E031462846FFF7D4FFAD1DEDB27D
:101A9000641C2278002A01D07A2DF3D970BDFEB5DE
:101AA000054600240F460A206E46B2FBF0F100FB0B
:101AB0001121B2FBF0F230313155641CE4B25AB15D
:101AC0000A2CF2D308E0641EE4B23946325D28469F
:101AD000FFF7B0FFAD1DEDB2002C01D07A2DF2D989
:101AE000FEBD0000002808D0044A0168914204D1DC
:101AF000016C0348C1600121C1717047005400406E
:101B0000880000202DE9F04F9946DDF824B01746F3
:101B100088460646802826D2B8F1400F23D2F01915
:101B2000802802D9C6F18000C7B208EB090040281E
:101B300003D9C8F1400000F0FF09002511E000249E
:101B400008EB050A09E000BF30190AF0FF01C0B236
:101B50005A4600F009F9641CE4B2BC42F4D36D1C8F
:101B6000EDB24D45EBD3BDE8F08F00002DE9F0411B
:101B700002F0C4FB07461A481A4A0168914203D191
:101B800040681949884202D00020BDE8F081EFF397
:101B9000108672B64FF480611448FEF78CFB144C2B
:101BA000FF202070012060700025A570E570257170
:101BB0006571A571E571E5602072657206F030FD12
:101BC0002761C4E90575C4E907576562A562E56246
:101BD00025636563A563E56306B962B60120D4E7B2
:101BE000CC14002000540040801A0600A80E0020EB
:101BF0008800002002494878897808407047000032
:101C0000880000202DE9F041534C607800287CD0FA
:101C100002F074FB0546EFF3108072B6E279A37907
:101C2000E168002702B1E77100B962B6A2BBE078B3
:101C300078B11BB1284606F029FC0AE01422284698
:101C4000616906F0DEFB00285FD00321284606F01C
:101C500053FC207A414E01280ED002287AD0032866
:101C60001BD0042876D1A069281AC017401C71D057
:101C7000206B401C206306E064222846216906F0A0
:101C8000C0FB002866D006F06DFC20B12846BDE8F8
:101C9000F04106F0CFBC316C09E0A07830B1607A39
:101CA0002F4E032808D02078E8B127E000212846ED
:101CB000BDE8F04106F020BCE07AC0F18001C9B275
:101CC000202900D920210F46402131702549A27AD0
:101CD00001EBC21101443A46701CFEF7D3FA04220C
:101CE0002B46791C31E04FF47A722846216A06F0BF
:101CF00088FB18B1002006F01DFC2562A07AFF28A1
:101D000013D100200123217800E023E003FA00F240
:101D10000A4203D0A072E772677103E0401CC0B2B0
:101D20000828F1D3A07AFF2814D0C0B2377040F051
:101D3000B0007070E07A102141EA1011B17000F02B
:101D40000F0002222B46F0700421BDE8F041044848
:101D500006F08CBCBDE8F08188000020CC14002087
:101D6000A8120020A80E002030B5802817D24029E4
:101D700015D2CD080A4BCC0803EBC41301F00704BD
:101D8000012101FA04F4002A1A5C01D0224300E088
:101D9000A2431A540348A94002781143017030BD90
:101DA000A80E002088000020002806D00068034903
:101DB000884202D1024901208871704700540040D6
:101DC0008800002010B5094C207800280DD0084963
:101DD00040F2DC50608009684863607818B10021E7
:101DE000034803F0DDFC0020607010BD28000020D7
:101DF0007415002010B50B4C2078002802D06078B4
:101E000008B1012010BD08496088096848630021B5
:101E1000054803F061FC08B1002010BD012060708E
:101E2000EFE70000280000207415002070B50F4D6A
:101E300000200F4C2870687040F2DC566E800D490F
:101E40002068884207D16068A72804D1E068A0F51F
:101E50009C411F3901D0002070BD0021044803F0CF
:101E60009FFC206846630120287070BD2800002078
:101E70007415002000000140014800787047000000
:101E80002800002010B5074C217849B106F077FEF4
:101E90006080617811B1044909684863012010BD70
:101EA000002010BD280000207415002009494A7840
:101EB000524202420CD0084B02689A4208D1406C50
:101EC00088610869401C0861002088700120C87082
:101ED00070470000680000200014014030B5002861
:101EE0001ED0EFF3108272B60E498C88CB888D68B5
:101EF0000560CD6845600D6985604D69C5608D6977
:101F000005614D7885758978C17502B962B69C42C4
:101F100001D3E11A02E0C3F58071214481820120DE
:101F200030BD00006800002070B50F480F49006800
:101F3000884201D0002070BD0B4803F070FC0C4DAE
:101F40000024AC80EC80AC60EC602C616C61AC6116
:101F5000AC70EC70012068700BF074FB08B10120CC
:101F600070BD6C70E6E70000B4170020001401405B
:101F70006800002030B109494A781AB1CA888B88B4
:101F80009A4201D100207047CA88054B9B5C0370C0
:101F9000521CD0B2C88001207047000068000020A9
:101FA000800D0020084810B5417800290BD0C17879
:101FB000002908D00021C170044803F099FCBDE855
:101FC00010400BF03FBB10BD68000020B41700208C
:101FD000114930B44A78524202421AD000680F4A7E
:101FE000904216D18888CA88401CC0B2904203D162
:101FF000C868401CC86007E00A78094B8C881A55ED
:1020000088808868401C88600020887030BC0BF095
:1020100019BB30BC7047000068000020001401406C
:10202000800D002005484178002906D0002141702C
:102030008170C170024803F05BBC704768000020EB
:10204000B417002000F018B810B520210848FEF79A
:1020500032F907485C212030FEF72DF904480121B0
:10206000203000220170C27102480170084610BD84
:10207000981C00205002002010B500F00BF80BF067
:1020800057FB0348002141708170C170C17110BDC0
:10209000B81C002010B5074C207828B140F2A4608D
:1020A000FFF7F0FEFFF78EFE002020706070E070FA
:1020B00010BD00001C1C0020002800DA40427047C0
:1020C000884201DA084670479042FCDD10467047AE
:1020D00010B54FF4FA6240F21451FFF7F1FF80B2ED
:1020E00010BD00002DE9F047534C8A468146216F10
:1020F000606B884200DA2067E16C002901DA48420F
:1021000000E00846A66C002E01DA774200E0374670
:10211000626C002A01DA534200E01346BB4200DD44
:102120001646002E01DA724200E032460025022AED
:1021300018DDC2EBC20040F21D1278217830FFF7A3
:10214000BFFF002E03DA3DA100F2726003E0A0F2AF
:1021500072603FA1404200F021FBA565E565256660
:10216000BDE8F087E26B002A00DA524240F2726862
:102170000A2A2ADC3BA1404600F0FEFAE565256606
:10218000B9F1000FECD0022FEADC606C002800DA15
:1021900040420228E4DC0120A065E06B1E224000E2
:1021A0005142FFF78DFFA0665146052000F052FA1C
:1021B000A06E30A100F2726000F0F0FA5246BDE865
:1021C000F04730A1012000F089BAA565002901DDA2
:1021D000012601E04FF0FF36216E29B1491E21662C
:1021E000606EC0EB00101BE000EB400000EBD07015
:1021F00040108C223C21FFF763FF704329A100F2BD
:10220000726000F0CBFA012F13DCE06D401CE0653A
:102210000528A5D303206666C4E91750C6EB06104F
:1022200000EB400108EB8100BDE8F04721A100F080
:10223000B5BAE56594E70000C8000020434150545A
:102240005552455F4252414B455F52494748540001
:10225000434150545552455F4252414B455F4C45B6
:102260004654000046494E414C5F57494E444F5733
:102270000000000046494E414C5F484F4C445F42CD
:102280004941530046495253545F53544F505F578E
:102290004954485F414E54495F44524946545F484F
:1022A0004F4C4400534554544C455F434F525245A4
:1022B00043540000534554544C455F4B49434B0035
:1022C00070B5314C0026606CFFF7F6FE0546A06C39
:1022D000FFF7F2FE854201DD656C00E0A56C012D83
:1022E00002DDA06EC01E10E0B5F1FF3F02DAA06E65
:1022F000C01C0AE0E06B10F1050F02DAA06E401E70
:1023000003E0052802DDA06E401CA0665A2251425F
:10231000A06EFFF7D5FEA066E06B002801DA41420F
:1023200000E00146052906DD242200EB4000514271
:10233000FFF7C6FE0646002D01DA684200E0284697
:10234000012801DC002005E0E80030224042514233
:10235000FFF7B6FEA16E6E22314408445142FFF7EA
:10236000AFFE628900F27260831A08A1122B02DDAF
:1023700002F1120004E013F1120F01DAA2F11200CF
:10238000BDE8704000F00ABAC800002046494E4936
:10239000534845445F414E54495F445249465400B6
:1023A00070B5204A536B116F8B4200DA1367D56CFE
:1023B000A3F2BF14002D00DA6D422B2D02DDB3F520
:1023C000E07F05DABDE870400146042000F042B924
:1023D000916C022903DD14A140F28C501EE01148DB
:1023E000806C4042002900DA01464FF0460202EBC1
:1023F000810110DA8C420EDC00EB80004FF4877212
:1024000069216930FFF75CFEBDE870400AA100F267
:10241000726000F0C3B90DA140F20E60BDE87040DB
:1024200000F0AAB9C80000205455524E5F484152EE
:10243000445F4252414B45004E4547355F5052453F
:10244000444943545F4252414B4500004C45465479
:102450005F4352554953450070B51E4C0546626BAB
:10246000E06E824200DDE266A2F2653250421E2832
:102470000BDC284600F028F9E0612946022000F034
:10248000E9F815A140F28C501FE0A16C002902DA96
:10249000C1F1000200E00A464FF0260303EB82027E
:1024A00010DD90420EDC01EB8100FA225A215A30F5
:1024B000FFF706FEBDE87040A0F272600AA140423C
:1024C00000F06CB90BA140F2D660BDE8704000F09E
:1024D00053B90000C80000205455524E5F48415285
:1024E000445F4252414B4500504F53355F42524189
:1024F0004B45000052494748545F435255495345A4
:102500000000000070B5144C0546E16E606B884217
:1025100000DDE06611A140F28C5000F02DF9A06CB6
:10252000002805DC606D401C6065022807D201E0D0
:1025300000206065A069281AB0F5E17F0AD329461A
:10254000032000F087F8BDE8704008A140F20E605B
:1025500000F012B970BD0000C80000205455524E62
:102560005F484152445F4252414B45004C454654FE
:102570005F4352554953450070B5204C0546E06C09
:10258000FFF79AFD20280FDCA06CFFF795FD0328CC
:102590000ADC1BA140F2726000F0EEF8206D401CD6
:1025A0002065032815D20FE0A06CE16CA0EB800041
:1025B000084464225142FFF783FD15A100F27260C6
:1025C00000F0ECF8002020652069281AB0F5967F0D
:1025D00012D3607928B90120656160710FA0FEF700
:1025E0001DFF2946012000F035F8BDE8704015A117
:1025F00040F2D66000F0C0B870BD0000C8000020F6
:1026000043454E5445525F52454144590000000035
:1026100043454E544552494E4700000042414C4C00
:102620005F42414C2C54494D45522C535441525415
:102630002C41543D4F5F4445504152545552450D35
:102640000A00000052494748545F435255495345D8
:10265000000000007CB51A4C05460E462071002093
:10266000A1616065012D1DD0022D21D0032D1FD049
:10267000042D1DD0052D1BD040F28D2020812089F6
:10268000616B401AE064284600F092F80146206928
:10269000A26C301ACDE9002022890A48636BFEF74C
:1026A000BDFE7CBD40F265302081606BE066E6E7F0
:1026B00040F2BF102081042DE1D100F053F8DEE795
:1026C000C80000205CE7000803494A7912B1496953
:1026D000401A704700207047C8000020F0B51B4C1E
:1026E000054689B0A0780E4600282CD10120A070A4
:1026F000E5701046FFF7E8FF03462062E06EA0F5A4
:102700004070653800D50020216FA1F2BF11494209
:1027100000D500216289A76C0DF1180C05978CE893
:102720000700D4E90E270DF1040C606BE16C8CE816
:102730008700E06900900DB105A100E006A13246D6
:102740000748FEF76BFE09B0F0BD0000C80000208E
:1027500050415353000000004641494C0000000026
:10276000A0E70008034800218165C1650166416654
:1027700070470000C800002070B50E46FFF7A8FCA7
:10278000054D04466889844204D02046FFF77AFB51
:1027900000B16C81EE6070BDC800002010B50C4621
:1027A000FFF796FC2146BDE81040FFF7E5BF0000AB
:1027B000062810D2DFE800F0030507090B0D07A07B
:1027C000704708A0704709A070470BA070470CA085
:1027D00070470EA0704710A0704700005741495441
:1027E0005F4F0000544F5F504F5335005455524EC9
:1027F0005F4252414B450000544F5F4E4547350004
:10280000534554544C455F4E4547350046494E4963
:10281000534845440000000054494D454F5554006D
:10282000FEE72DE9F0470D46040023D094F87B0025
:1028300000B3FDB1D4E915014218401A00EBD07085
:102840004FEA600802EBD272A16B206C4FEA62097A
:102850000A1802EBD272081A571000EBD07046101B
:1028600094F87900287094F87A00687094F87A00E7
:1028700018B106E00020BDE8F087606D08B9A06DD2
:1028800058B30020A870E06C05F050FF6860206D20
:1028900005F04CFFA860606D05F048FFE860A06D92
:1028A00005F044FF2861484605F040FF6861404656
:1028B00005F03CFFA861384605F038FFE861304676
:1028C00005F034FF2862606C05F030FF6862A06C90
:1028D00005F02CFFA8620120CDE70120D2E770B5FA
:1028E0000C46050027D034B32068002823DD60683B
:1028F000002820DDA06800281DDDE06800281ADD22
:102900002069002817DD6069002814DDA06900280F
:1029100011DDE06900280EDD206A00280BDD606A09
:10292000002808DDA06A002805DDE06A002802DB37
:10293000206B002801DA002070BD7C212846FDF7BD
:10294000BAFC342221462846FDF79CFC012085F87C
:102950007B00002085F87900012070BD70B50E461F
:10296000040006D094F87B0018B1022E03D0032E89
:1029700001D0002070BD94F87900032801D1022E07
:1029800012D0B04210D00025E5642565A566E56645
:1029900084F87850204605F0A0FE84F8796094F819
:1029A0007A0008B96565A565012070BD70B50400A1
:1029B00006D094F87B0018B1002901DD002A01DC63
:1029C000002070BD0025E5642565A566E566C4E9BF
:1029D0001C12012084F87800204605F07EFE0220BB
:1029E00084F8790094F87A0008B96565A565012036
:1029F00070BD30B58DB0040014D001463422684655
:102A0000FDF740FC94F87B507C212046FDF753FCF9
:102A1000342269462046FDF735FC84F87B500020BF
:102A200084F879000DB030BD2DE9F04190460400E6
:102A30002FD094F87B0060B3266808467242334674
:102A40001746C91705F064FE054633463A46404628
:102A50004FEAE87105F05CFE064655EA06001BD019
:102A6000284605F093FE0546304605F08FFEC4E982
:102A70001A500646E06A05F089FE616D814201DD6B
:102A8000002D04DB4242914212DA002D10DD0121BB
:102A90000FE00020BDE8F08194F87900022823D0EF
:102AA000032821D02046BDE8F0410221FFF756BFA0
:102AB0000021A26D824201DD002E04DB40428242F1
:102AC00003DA002E01DD012000E0002001430DD0DB
:102AD000C4E9135694F87900042805D0204605F07F
:102AE000FCFD042084F879000120D3E794F87900F4
:102AF000022804D0032802D0042800D018B90121EC
:102B0000204605F039FEC4E91356012084F8790007
:102B1000606DA84202D1A06DB04201D0012000E05A
:102B2000002084F87A00DFE72DE9F0411546040023
:102B300034D094F87B0080B326680846724233464E
:102B40001746C91705F0E4FD804633463A46284645
:102B5000E91705F0DDFD0546404605F017FE606506
:102B6000284605F013FEA065616DC4E91310C4E9A1
:102B70001A10E0630020C4E90D1020646064A064B2
:102B8000E0652066606658EA050100D0012104F87E
:102B9000791F60700120BDE8F081FFE70020FAE7AF
:102BA00010B5A0B190F87B208AB181B190F879205E
:102BB000012A0ED0022A0FD0032A0DD0042A0BD0EE
:102BC00000214165816580F87A10012010BD002048
:102BD00010BD05F0EFFEF8E705F05CFFF5E7002813
:102BE00003DAB0F1004F01D0404270476FF000406F
:102BF0007047C217401842EBE1726FF000434FF08C
:102C000000011B1A914102DA6FF0004070474FF04B
:102C10000041411A72F1FF31F8DA4FF0004070477D
:102C200040F60A6300221B1A8A4102DA40F60A6063
:102C30007047034A821A71F1FF31F9DA0048704790
:102C4000F6F1FFFF884201DA084670479042FCDD4A
:102C5000104670470349044A80FB0101002300F03D
:102C600005B80000AC1D0300606616002DE9F041B8
:102C70000C4607460021154608461E46491BB04132
:102C80004FF0000017DA381A74F100004FF002021A
:102C90004FF000032846314604DBFDF7C2FAC019A5
:102CA000614104E0FDF7BDFA381A64EB01012A46E0
:102CB0003346FDF7B6FABDE8F08100002DE9F0419A
:102CC000194E317829B3194C002720B3FEF728FCA0
:102CD000B0212046FDF7EFFA01252570A570A571FA
:102CE00000F06EF9A4F5B8700AF0D5FDA4F5867071
:102CF0000AF0D1FD0120FEF71FFE002807D0B770B3
:102D0000E77101F0FBFAB060757065700120BDE8F5
:102D1000F0810020FBE700F0E3F90020FEF70CFE55
:102D200077706770F2E7000008020020741A002034
:102D3000064910B509784942014201D1002010BD71
:102D4000B0220349FDF79EFA012010BD08020020C1
:102D5000741A0020F0B5484D99B000242C706C70A6
:102D6000AC70B0214548FDF7A6FA44487C21A8384C
:102D7000FDF7A1FA41482C212C38FDF79CFA00F010
:102D8000BFFC002875D000F049FDFEF7F5FD0028D6
:102D90006FD0FEF779FB00286BD00DAB4FF40070BD
:102DA000082140F2A93283E807007C22ADF84020D8
:102DB00041F2883672100523ADF84420ADF8483052
:102DC0000427ADF84260ADF846408DF84A70CDE971
:102DD000130140F2BA301590B720ADF85800ADF8A5
:102DE0005C20ADF86030ADF85A60ADF85E408DF80B
:102DF00062700DA922480AF00CFD002839D0204845
:102E000013A964300AF005FD002832D04FF4FA709F
:102E10000090DC2001904FF4AF70029040F24C40E3
:102E200003904FF4E16004904FF47A70CDE9050609
:102E30004FF41670079040F6B83008904FF4617068
:102E4000099041F270700A9002200B9014200C90AF
:102E50000A486946A838FFF742FD002809D000F06B
:102E6000AFF801F04BFAA8600449012028700870FF
:102E7000887119B0F0BD000008020020741A00200B
:102E8000041900200249087849780840704700007A
:102E90000802002001480078704700000802002066
:102EA0000548017821B1054980788979014301D02D
:102EB000012070470020704708020020741A00208B
:102EC00070B50B4CE07880B10A4DA5F1A800D5E9AA
:102ED0000712FFF729FE002808D00020E070E0600C
:102EE000206160612872E8642865012070BD0000DF
:102EF00008020020741A00200349044A80FB0101E3
:102F00000023FFF7B3BE000060661600AC1D03008F
:102F100070B5144C05462078002804D0022D03D04B
:102F2000A07820B1002070BD00F0DAF816E0FFF7BD
:102F3000C7FF0028F7D0012D12D002210A48FFF761
:102F40000DFD0028EFD008490020A831C8600861B5
:102F500048618861C86208638871A080012070BDE3
:102F60000321EBE708020020CC19002070B5124CB9
:102F70000D4606462078A178884303D0002E01DD57
:102F8000002D01DC002070BDFFF79AFF0028FAD069
:102F90002A4631460948FFF709FD0028F3D00749C2
:102FA0000020A831C860086148618861C862086370
:102FB0008871A080012070BD08020020CC1900207B
:102FC00010B51548FFF715FD13482C217C30FDF78F
:102FD00072F9124A10490020A831908048710123EB
:102FE0008B714872A1F89A00C860086148618861D5
:102FF000C861086248628862C8620863486388637F
:10300000C863086448648864D070D06010615061FF
:103010000872C864086510BDCC19002008020020A1
:103020002DE9F0472C4D0E462978AA78914319D006
:103030004FF4FA720021FFF705FEC0F5FA7204465C
:10304000904200DA0246002A00DA0022514230465D
:10305000FFF7F8FD0646E878DFF880904FF0010AA8
:1030600018B115E00020BDE8F087D9E907871B48B3
:103070003A464146A838FFF757FD0028F3D0A8EBA1
:10308000070000EBD07040102861686185F803A04C
:10309000124822461146A838FFF7C6FC0028E2D0A5
:1030A000A846EE604D46A019A71BC5E90307FFF728
:1030B00023FF68613846FFF71FFFA861C5E90B468B
:1030C00085F808A0EE64344303D00020A871A8F866
:1030D00004000120C7E7000008020020741A002045
:1030E00070B5154D2878002825D0FFF769FF134CDF
:1030F0000020A4F87400A4F87600A067E067C4F884
:103100008000C4F88400A4F88800A4F88A00E07065
:103110002071A4F5B8700AF0BEFBA4F586700AF021
:10312000BAFB0120A870E07105216172A071BDE8B1
:103130007040FEF7F1BB70BD08020020741A002039
:103140002DE9F04385B0FFF79DFE8D4FB978884398
:103150007ED001F0D3F80646B868351A052D18D38D
:10316000884C4FF00008192D14D96846FEF7F6F97F
:10317000FFF7B6FF84F80280A4F89850C4F8A06066
:1031800054F8A40F401C44F84809206C401C2064EB
:10319000BE60F3E06846BE60FEF7E0F900B3A8B297
:1031A0004FF4FA51A0FB010140F2E732801841F1DF
:1031B0000001521C0023FDF734F8001D41F100010D
:1031C00047F6FF7300221B1A8A4101DA47F6FF70A7
:1031D000BDF900C0BCF1000F05DACCF1000103E03D
:1031E000FFF77EFFCAE06146814201DC012200E078
:1031F0000022BDF90210002901DA4B4200E00B4623
:10320000834201DC012000E00020024202D1002ABA
:103210007ED0A1E0DDE90323604600F047FBA8B2C1
:1032200000F0B4F80028DBD0AAB2BDF9001056486F
:103230000AF070FB81465448AAB2BDF9021064300E
:103240000AF068FB804601464846FEF7CDFB00E0E9
:103250007AE00028C4D04C480AF0D3FA60624A48A9
:1032600064300AF0CEFAA06247480AF0C2FAE0657C
:10327000454864300AF0BDFA206643480AF0A9FACE
:1032800060664148503464300AF0A3FAA061606976
:10329000FFF7E0FC6060A069FFF7DCFCA0603A4843
:1032A0000AF07AFAE061384864300AF075FA206270
:1032B00035480AF079FAA084334864300AF074FA89
:1032C000E08431480AF08DFAA0622F4864300AF099
:1032D00088FAE0622C480AF070FA20632A486430C9
:1032E0000AF06BFA606328480AF0CCFA04F84D0C37
:1032F000254864300AF0C6FA04F84C0CA4F838905B
:10330000A4F83A80BDF90010A187BDF8020000E0E2
:103310001DE0E087206CFFF76CFC2064BDF9021013
:10332000606CFFF766FC6064A8B200F02DF9012024
:1033300004F84E0CA4F848502665E06C401CE0648C
:10334000B87804F8490C012005B0BDE8F083D4F842
:10335000A820521CC4F8A82020B9D4F8AC00401C06
:10336000C4F8AC0024F88CCF618004F88A8CFFF795
:10337000B7FEA58166612069401C20610020E3E75B
:1033800008020020741A0020041900202DE9F05FC3
:10339000834601467A48FFF703FC002863D078494A
:1033A00077487C31FFF73DFA00285CD07448DFF89D
:1033B000D4817C3000F12C09D0E9036598F8031022
:1033C00011B10178012950D04269C9F834208269CD
:1033D000C9F83820C269C9F83C20026AC9F84020FF
:1033E000426AC9F84420826AC9F84820427889F8BC
:1033F00005200078012806D0022804D0032802D036
:10340000042800D0002089F809003046FFF774FD39
:10341000C117FFF705FC07462846FFF76DFDC117EA
:10342000FFF7FEFB044656483946C8380AF053FAFF
:10343000002818D05248214664380AF04CFA002877
:1034400011D04846C0E90974C0E9076598F803201F
:1034500089F80820D8F80C20C9F84C20D8F81410A6
:103460000120C9F85010BDE8F09F701900EBD07032
:1034700040104FF4FA720021FFF7E4FB04465FEAC4
:103480000B004FF0000A30D041F27073A3FB0056DE
:10349000002202FB0B6003FB0A0140F2E730281810
:1034A00041F100014FF47A720023FCF7BAFE421E8C
:1034B00071F1000201DA012000216FF000430022C7
:1034C0001B1A8A4101DA6FF00040D8E90332002864
:1034D00017DDD9179D1A61EBE2714FEAE076471BC1
:1034E00076EB010703DA13180BE05046EDE70027EF
:1034F000D0F1000C67EB0607B5EB0C05B94100DA1B
:10350000131AC4F5FA721846C8F81030944200DA5B
:103510002246002A00DA00225142D8F81470FFF740
:1035200091FB2618251AC11BC8F814004FF47A70B5
:1035300081FB00015A460023FFF798FB104AC9F8A7
:103540003440D8F814307C320146C9F83830484647
:10355000D469C9F844A0C0E90F41C9F848A051781E
:1035600029B9D8E90321914201D18B4201D001212F
:1035700000E000214171012189F8091045E70000B0
:10358000CC1900200802002070B5164C0546606D6D
:10359000FFF725FB0F2806DCA06DFFF720FB0F28A7
:1035A00001DC012100E000210E482C38807818B1A0
:1035B000606A08B9A06A80B1002008400A4904D0B6
:1035C00088882844322800D93220888080B2A4F824
:1035D0009A00322803D3012002E00120EDE7002009
:1035E000A07170BD741A002008020020014800F08C
:1035F0005DBB00006C140020014800F057BB0000C8
:10360000FC17002001681823CAB2103AB2FBF3F28B
:10361000054B6FF30901032A9B5CC36500D9091DA3
:1036200081650846704700003EE6000810B5014677
:1036300000208B698A6A4FF0C07453B1B3F5005F04
:1036400015D072B1012A0CD0022A0AD0032A09D15E
:1036500004E01AB1012A06D0022A03D1C96AC901BD
:1036600000D5012010BDC96AA142FAD010BD002AC0
:10367000F7D0012AF2D0022AF3D0032AF3D010BDEA
:1036800030B50468256825F48025256004686360EA
:103690008368402B036803D099600068C26030BD26
:1036A0009A600068C16030BD70470000EFF3108081
:1036B00072B604490A69521C0A61002800D162B638
:1036C0007047000014000020401CC0B2082800D33E
:1036D00000207047002800DA40427047064910B5C4
:1036E00009784942014201D1002010BD70220349EE
:1036F000FCF7C8FD012010BD20020020281B00207F
:10370000034910B50120087000F088F8012010BDB1
:10371000200200202DE9F0473E4CD4E9020100F0E0
:10372000A1F8C4E90A01D4E9040100F09BF8C4E956
:103730000C01D4E9060100F095F807468946D4E962
:10374000080140F2BC5A52460023FCF739FD0E46F0
:1037500031490546A2FB010803FB01814FF0000C33
:1037600002FB0C1152466346FCF72AFD2A4A00234D
:10377000A5FB02C806FB028205FB032210EB0C0628
:1037800041EB0205022238464946FCF74AFDC4E9EE
:10379000100168084FEA3601C4E91410D4E90A019F
:1037A0004FF47A752A464FF00003FCF73AFD00F01B
:1037B00047F8A063D4E90C012A460023FCF731FD49
:1037C00000F03EF8E063D4E910012A460023FCF73C
:1037D00028FD00F035F8A064D4E914012A4600233E
:1037E000FCF7EEFC0022D0F1FF338A4101D24FF00A
:1037F000FF30A065D4E90B10A36A626B181A61EB65
:1038000002012A460023FCF70CFD00F019F8E065E0
:10381000BDE8F087281B0020AC1D030010B5702107
:103820000548FCF748FD0548034902780A70002264
:103830004A70427010BD0000281B002020020020AA
:103840006FF0004300221B1A8A4102DA6FF0004039
:1038500070474FF00042821A71F1FF31F8DA4FF0F1
:10386000004070472DE9F04140F2BC56324600233B
:10387000FCF7D7FC0C4F0446A2FB070C0D4603FBDC
:1038800007C3002102FB013132460023FCF7C9FCCB
:103890003A46A4FB026705FB0272002304FB0322E5
:1038A00080195141BDE8F081AC1D03002DE9F047BE
:1038B0000D46214990469A460A7832B189464978A0
:1038C0001E4C29B1226E424502D10020BDE8F0878E
:1038D000D4E90232C1171B184A41C4E90232D4E9C3
:1038E0000463EA1776195341C4E90463D4E9066313
:1038F00047195141F2194B41C4E90623FFF7EAFE8B
:10390000074600262846FFF7E5FED4E908123818D6
:10391000764140185641C4E90806FFF7FBFEC4F89B
:1039200068A0C4F86080606E401C60660120607012
:1039300089F80100CAE7000020020020281B0020AF
:10394000C217401842EBE1726FF000434FF00001E4
:103950001B1A914102DA6FF0004070474FF00041AE
:10396000411A72F1FF31F8DA4FF0004070470068F9
:10397000436A08880B80181A00B2002A04D010F598
:10398000004F02D0404200B2704747F6FF707047C8
:1039900072B6FEE778B50024009490F83C20012A26
:1039A00019D0012280F83C200A6807230568092AFB
:1039B00013D9EE680A3A02EB420293409E43EE604E
:1039C0000B788A680A3B03EB43039A400368DD687F
:1039D0002A43DA6010E0022078BD2E6902EB420231
:1039E00093409E432E610B788A6803EB43039A4011
:1039F00003681D692A431A614A681F23072A13D2E4
:103A000005686E6B521E02EB820293409E436E630A
:103A10000B790A885B1E92B203EB83039A4003681A
:103A20005D6B2A435A6327E005680D2A12D22E6B7C
:103A3000D21F02EB820293409E432E630B790A88C9
:103A4000DB1F92B203EB83039A4003681D6B2A438A
:103A50001A6311E0EE6A0D3A02EB820293409E4334
:103A6000EE620B790A880D3B92B203EB83039A4016
:103A70000368DD6A2A43DA62164B0568144A9D42E0
:103A800006D10D68122D03D1556845F480055560A7
:103A900005689D4218D10B68102B01D0112B13D152
:103AA000536843F400035360096810290CD10A4994
:103AB0000A4A0968B1FBF2F101EB8101490000E01B
:103AC000491E00910029FBD180F83C40002078BDC0
:103AD00000230140002001408401002040420F00EB
:103AE00070B504004FF0000503D0206C002610B123
:103AF00007E0012070BD204600F01CF8666484F8E1
:103B00003C60206CC00610D4206C20F4885040F03B
:103B1000020020642046FCF771FE6664206C20F0F1
:103B2000020040F00100206400E0012584F83C60C0
:103B3000284670BD70B586B0064614216846FCF76D
:103B4000BAFB24493068884242D1234800250168E5
:103B500041F48071016000681F4900F480701439DD
:103B60000590086840F004000860086800F0040050
:103B70000590086840F0020008600868032400F01F
:103B8000020005903F208DE831006946134800F09F
:103B9000B3FA009469461248CDE9014500F0ACFA49
:103BA000114C1048C4E900050015A560C4E9035094
:103BB000400060618000A0614011C4E90705204613
:103BC000656200F043F908B1FFF7E2FEB463A66353
:103BD00006B070BD00200140443802400008024099
:103BE00000040240106402406C1400202DE9F041F2
:103BF0000446876D00F082FB064694F835000025E8
:103C0000022806D08020606584F834500120BDE889
:103C1000F0812068016821F0160101602068416987
:103C200021F080014161206C08B9A06C20B12068AE
:103C3000016821F0080101602068016821F001019C
:103C400001600CE000F05AFB801B052807D92020FA
:103C50006065032084F8350084F83450D7E7206885
:103C60000068C007EED194F85C103F208840B8602F
:103C7000012084F8350084F834500020C7E790F81C
:103C80003510022903D080214165012070470521AC
:103C900080F835100068016821F001010160002002
:103CA0007047406D704790F8350070472DE9F84334
:103CB00004464FF00009CDF8009063484FF41651C8
:103CC000A56D0068B0FBF1F72E6894F85C10082031
:103CD00000FA01F131420FD021680A6852070BD572
:103CE0000A6822F004020A6094F85C108840A86018
:103CF000606D40F00100606594F85C104FF00108C1
:103D000008FA01F0304208D021684969090604D553
:103D1000A860606D40F00200606594F85C100420BB
:103D20008840304208D021680968890704D5A86016
:103D3000606D40F00400606594F85C1010208840CD
:103D4000304218D021680968090714D5A860206896
:103D50000168490304D50068000308D5A16C07E099
:103D60000168C90503D4016821F008010160216CD4
:103D700009B12046884794F85C10202088403042E2
:103D800031D021680968C9062DD5A86094F835009E
:103D900005282068016806D0490347D5006800035C
:103DA0001DD4616C1CE021F016010160206841699E
:103DB00021F080014161206C08B9A06C20B120681D
:103DC000016821F00801016094F85C103F208840F0
:103DD000A86084F8358084F83490216D1FE0E16B91
:103DE00009B120468847606D00282BD0606DC00760
:103DF00014D0052084F835002068016821F0010105
:103E000001600098401C0090B84203D82068006808
:103E1000C007F6D184F8358084F83490E16C00292D
:103E200010D001B02046BDE8F04308470168C9053D
:103E3000D5D4016821F01001016084F8358084F840
:103E40003490CCE7BDE8F883840100202DE9F041EF
:103E5000044600F053FA06465CB1022084F83500AF
:103E6000002584F834502068016821F001010160C8
:103E70000DE00120BDE8F08100F040FA801B05282C
:103E800005D920206065032084F83500F2E720681A
:103E90000068C007F0D12268116820480140D4E9C9
:103EA00001031843D4E903363343184363691843C5
:103EB000A3691843E3691843236A18430843616AF6
:103EC000042903D1D4E90B13194308431060206877
:103ED0004069666A20F0070130460E430127042836
:103EE0000CD1A06A0643E06A40B12046FFF79EFB72
:103EF00020B14020606584F83570BAE720684661DB
:103F00002046FFF77FFB94F85C203F2191408160C1
:103F1000656584F835700020ACE700003F8010F044
:103F20002DE9F0410446866D90F834000025012803
:103F30000DD0012084F8340094F835700020012F52
:103F400007D084F8340002252846BDE8F08102201D
:103F5000FBE7022784F8357060652046FFF790FB89
:103F600094F85C103F208840B0602068016841F000
:103F700016010160206C20B12068016841F0080141
:103F800001602068016841F001010160DCE7000088
:103F90002DE9F04F0022DFF838B101264FF00F096C
:103FA00006FA02F401EA0403A3427DD122F00307DA
:103FB0005F44D7F8088895074FEA157C09FA0CFA90
:103FC0000AEA0805DFF80C81404502D14FF00008ED
:103FD00032E0DFF80481404502D14FF001082BE0C8
:103FE000DFF8F880404502D14FF0020824E0DFF806
:103FF000F080404502D14FF003081DE0DFF8E48077
:10400000404502D14FF0040816E0DFF8DC8040455F
:1040100002D14FF005080FE0DFF8D080404502D113
:104020004FF0060808E0DFF8C880404502D14FF0A5
:10403000070801E04FF0080808FA0CF8A84522D15B
:104040002C4DD5F800C02CEA030CC5F800C005F1D2
:10405000040CDCF800509D43CCF80050254D0C3585
:10406000D5F800C02CEA030CC5F800C02D1FD5F808
:1040700000C02CEA030CC5F800C0D7F8085825EAA0
:104080000A05C7F80858056857000323BB409D433D
:104090000560D50800EB8505D5F820C057074FEA25
:1040A000D76809FA08F700E00CE02CEA070CC5F81D
:1040B00020C0C5689D43C5604568A54345608468C8
:1040C0009C438460521C102AFFF46AAFBDE8F08F55
:1040D000003001400000024000040240000802409D
:1040E000000C024000100240001402400018024080
:1040F000001C0240003C01402DE9F84FDFF8BCA154
:104100000022012503264FF00F090AF1040BAAF142
:10411000040E00BF0B6805FA02F42340A34270D1DD
:104120000F7907F00307012F01D0022F16D18768FE
:104130004FEA420806FA08FC27EA0C07D1F80CC03F
:104140000CFA08FC4CEA070CC0F808C04768A74303
:104150000C79C4F3001494403C4344600C79E4436C
:10416000A4070AD0C4684FEA420C06FA0CF7BC4315
:104170008F6807FA0CF72743C7600C7904F0030433
:10418000022C12D1D40800EB840CDCF82040570735
:10419000FF0E09FA07F824EA0804D1F8108008FA9B
:1041A00007F848EA0408CCF8208004684FEA420C7B
:1041B00006FA0CF7BC430F7907F0030707FA0CF770
:1041C000274307604C6814F4403F70D03C4C27688C
:1041D00047F480472760246822F0030704F48044F2
:1041E0000094384C07EB040CDCF8084897074FEABA
:1041F000177809FA08F7BC43334FB84202D10027B9
:1042000024E054E0314FB84201D101271EE0304F85
:10421000B84201D1022719E02E4FB84201D103273D
:1042200014E02D4FB84201D104270FE02B4FB842C4
:1042300001D105270AE02A4FB84201D1062705E03F
:10424000284FB84201D1072700E0082707FA08F7EE
:104250002743CCF80878DAF800405746D1F804C074
:104260009C435FEACC2C00D51C433C60DBF800404B
:104270005F46D1F804C09C435FEA8C2C00D51C43F8
:104280003C60DEF800407746D1F804C09C435FEA0A
:104290008C3C00D51C433C60084F083F3C68D1F87B
:1042A00004C09C435FEACC3C00D51C433C60521CDC
:1042B000102AFFF42FAFBDE8F88F0000083C014042
:1042C0004438024000300140000002400004024037
:1042D00000080240000C024000100240001402409E
:1042E00000180240001C02400069084000D0012074
:1042F00070470AB1816170470904FBE70148806893
:1043000070470000780100207047704710B5040026
:1043100013D0242084F83D002068016821F00101B9
:104320000160204600F0A8FA0020206484F83D00D7
:1043300044F8300FA073207310BD012010BD2DE98B
:10434000F041016804464A694E6890F83E00002535
:10435000D743FA0506D4F243D20503D46FF4807232
:1043600001254A61B90508D4F143C90505D422687D
:104370006FF4007145F002055161790525D4F143D0
:10438000C90522D4638D94F83D10226B202808D1F2
:104390003BB9212910D029290ED0282901D1212A61
:1043A0000AD022686FF48061516145F0040510283D
:1043B00006D0402804D008E0204602F0CDF904E001
:1043C0002068016841F400710160380508D4F043A9
:1043D000C00505D421686FF4006045F00805486108
:1043E000002D07D0206C284320642046BDE8F04112
:1043F00001F036BEBDE8F0812DE9F04702680021EA
:104400005368C66A90F83E4090F83D50102C12D088
:10441000402C10D0046C002C7DD05469E443A607D6
:104420007AD4DE43B60577D4036C03B19169BDE855
:10443000F04702F06DB9976951694FF42A0CC943EE
:104440005FEAC1784FF02A4904D066452AD04E452C
:1044500028D010E0DE43B6050DD4C16A614501D114
:10446000012103E0C16A494501D10821C162BDE8CB
:10447000F04702F0B3B80E0716D4DE43B60513D4E6
:10448000416CC9B21161416B09B1C96B29B9816B2A
:10449000002907D0C96B002904D00068416841F4A5
:1044A00000614160BDE8F0878E0706D4DE43B605A3
:1044B00003D4BDE8F04702F005B8FE435268760722
:1044C0004FEA02521DD4002AECDB0A0608D4DA4374
:1044D000520505D4490705D5BDE8F04701F096BF60
:1044E0004907DFD4D9438905DCD4212D05D0402CE0
:1044F000D8D1BDE8F04702F0B7B8BDE8F04701F009
:1045000043BF002ACEDB4A060BD4DA43520508D457
:10451000490708D501E00DE00EE0BDE8F04701F0E5
:10452000B9BE4907BED4D9438905BBD4BDE8F0471D
:1045300001F042BE916970E7E10606D4D9438905CE
:1045400003D4BDE8F04702F04FB92821212D27D030
:10455000292D25D0650655D4DD436D0552D4640759
:1045600052D590F83D30448D002C9BD01269446A9E
:104570002270426A521C4262428D521E4285428D16
:10458000002A8FD12A2B8DD10268536823F48063CF
:1045900053602222026380F83D1000F009FA81E79F
:1045A000250623D4DD436D0520D4640720D590F87B
:1045B0003D30448D002CF2D0446A24781461426A64
:1045C000521C4262428D521E4285428D002AE6D123
:1045D000292BE4D10268536823F4806353602122BD
:1045E000026380F83D1000F0E4F95BE76107D6D480
:1045F000D9438905D3D4418D0029D0D0416A0978A7
:1046000011610AE06107CAD4D9438905C7D4418D35
:104610000029C4D01169426A1170416A491C416283
:10462000418D491E41853DE7FDF75CBA70B5040038
:1046300025D094F83D00002520B984F83C50204650
:1046400000F050F9242084F83D002068016821F032
:10465000010101602068016841F4004101602068A7
:10466000016821F40041016000F0E8FA4D4A6168F8
:10467000914201D84C4900E04C49884201D20120C6
:1046800070BD4B492368B0FBF1F15E6826F03F0630
:104690000E435E606368934206D94FF496735943A4
:1046A0004FF47A73B1FBF3F12368491C1E6A26F0BC
:1046B0003F06314319626168914210D84900401E9B
:1046C000B0FBF1F2521CC2F30B02042A01D2042007
:1046D00022E0B0FBF1F0401CC0F30B001CE0A2682C
:1046E000F2B301EBC10303EB0116431EB3FBF6F378
:1046F0005B1C43F480431B0549D092B301EBC1021C
:1047000002EB0111401EB0FBF1F0401CC0F30B00A6
:1047100040F4804040F400402168CA694CF6FF73C1
:104720009A431043C861D4E9071001432068026826
:1047300022F0C00211430160D4E903010143206863
:10474000826848F2FF339A4311438160D4E905013E
:1047500008432168CA6822F0FF021043C86001E0E4
:104760000EE016E02068016841F001010160256457
:10477000202084F83D00256384F83E50002070BD61
:1047800001EB4106431EB3FBF6F35B1CB3E70120CC
:10479000C2E701EB4101401EB0FBF1F0401CC0F349
:1047A0000B00B7E7A086010080841E0000093D00D1
:1047B00040420F0070477047FDF7F6BA78B5002405
:1047C000009490F83D50202D4ED1284D46F2A81669
:1047D0002D68B5FBF6F505EBC50606EB051500954E
:1047E0006D1E009506D00568AD69ED43AD070BD48D
:1047F000009DF5E740F8304F202141738473016933
:1048000041F0200101612FE090F83C50012D2BD0A8
:10481000012580F83C5005682E68F60703D12E6804
:1048200046F001062E6005682E6826F400662E60AC
:10483000212580F83D50102580F83E5004644262E6
:104840004385428D02850A4AC262416480F83C4039
:1048500001684A6842F4E0624A600068016841F415
:1048600080710160002078BD022078BD84010020A5
:104870000000FFFF7047704710B50068154A1649E1
:10488000164C904213D1086820F4001008604021B3
:104890002046FFF77DFB80212046FFF779FB1F2094
:1048A00000F0E2F8BDE81040202000F0DDB80C4A2E
:1048B00090420ED1086820F480000860111520464F
:1048C000FFF766FB2046BDE810404FF40061FFF79C
:1048D0005FBB10BD0054004040380240000402405D
:1048E00000580040F0B587B0044614216846FBF735
:1048F000E2FC27682B4CDFF8A8C0002229491223CC
:10490000032504262848103467452AD10F6847F04C
:1049100002070F60096802AF01F002010591C02192
:10492000CDE9001387E864006946FFF7E5FB2068DE
:1049300040F4001020602068002200F40010059070
:1049400003211F2000F0AEF81F2000F09EF8002287
:104950000321202000F0A6F8202000F096F807B0F0
:10496000F0BDDFF848C06745F9D10F6847F002078E
:104970000F60096802AF01F0020105914FF4406138
:10498000CDE9001387E864006946FFF7B5FB2068AE
:1049900040F480002060206800F480000590DEE78D
:1049A00000540040303802400004024000580040EB
:1049B00070477047024881680278114481607047EF
:1049C000780100200B4810B5016841F400710160C6
:1049D000016841F480610160016841F48071016007
:1049E000032000F07FF80F2000F006F800F024F814
:1049F000002010BD003C024070B50D4D04464FF440
:104A00007A712878B1FBF0F00A490968B1FBF0F03F
:104A100000F01AFB48B9102C07D200222146501E84
:104A200000F040F800206C6070BD012070BD0000F7
:104A300078010020840100200A4808B5016841F48B
:104A400080410160006800F4804000900548001F2C
:104A5000016841F080510160006800F080500090D2
:104A600008BD00004438024000280DDB00F01F02A2
:104A7000012191404009800000F1E020C0F8801140
:104A8000BFF34F8FBFF36F8F7047002809DB00F033
:104A90001F02012191404009800000F1E020C0F890
:104AA00000117047F0B40E4B1B680C46C3F3022391
:104AB000C3F10705042D00D90425191D072901D2CA
:104AC000002300E0DB1E012606FA05F1491E214005
:104AD00099409E40761E16403143F0BC09F08CB8D8
:104AE0000CED00E0064900F0070208684FF6FF03EE
:104AF000184040EA0220034A104308607047000053
:104B00000CED00E00000FA052DE9F0470E46050027
:104B100065D0DFF81481D8F80000F7B200F0070084
:104B2000B04207D288F80070D8F8000000F0070003
:104B3000B04254D128683D4C810712D5400703D5B7
:104B4000206840F4E05020602878000703D52068F2
:104B500040F4604020602068A96820F0F00008431D
:104B600020602878C0072DD03049686808390128AE
:104B700012D0022813D0032811D009688907002910
:104B80002DDA216821F0030101432160FFF7B6FB14
:104B9000814641F2883A0EE009688903EFE7096827
:104BA0008901ECE7FFF7AAFBA0EB0901514502D907
:104BB0000320BDE8F0872068696800F00C00B0EBC6
:104BC000810FEFD1D8F80010404601F00701B14243
:104BD00007D90770006800F00700B04201D001203B
:104BE000E7E72878400705D52068E96820F4E05019
:104BF000084320602878000706D52068296920F43A
:104C0000604040EAC100206000F038F82168084A9E
:104C1000C1F30311515CC8400649086006480068AA
:104C2000FFF7EAFE0020C4E7003C024008380240DB
:104C300046E60008840100207C0100200448054964
:104C400000680968044AC1F38221515CC84070477A
:104C5000840100200838024056E60008044805494F
:104C600000680968044AC1F34231515CC84070478A
:104C7000840100200838024056E60008154810B5A7
:104C8000006810F00C02144813D04110042A0FD011
:104C9000082A0ED10F4C241F2268236802F03F021D
:104CA0005B0207D52068C0F38810A0FB010106E075
:104CB000084610BD2168C1F38811A1FB0001002343
:104CC000FBF77EFA2168C1F30141491C4900B0FBA2
:104CD000F1F010BD083802400024F4002DE9F84F2F
:104CE00004006ED02078DFF84C93C007A9F10405CA
:104CF0004AD009F104000168C1F38101012908D0FB
:104D00000068C0F3810002280AD1D9F800004002EF
:104D100006D52868800337D560680028E1D033E0E5
:104D20006068B0F5803F10D0B0F5A02F286810D093
:104D300020F480302860286820F480202860606893
:104D4000A8B1FFF7DBFA06460DE0286840F4803092
:104D5000F4E740F480202860F7E700BFFFF7CEFAC1
:104D6000801B642873D828688003F7D50CE0FFF710
:104D7000C5FA064605E000BFFFF7C0FA801B6428AD
:104D8000F0D828688003F7D42078DFF8AC82800759
:104D90004FF0000A3ED5A748001D016811F00C0F26
:104DA00008D00068C0F3810002280BD1D9F80000B8
:104DB000400207D42868800716D5E068012800D192
:104DC00012E033E1E068B8B10120C8F80000FFF755
:104DD00095FA064605E000BFFFF790FA801B02280F
:104DE000C0D828688007F7D52868216920F0F80026
:104DF00040EAC10028600DE0C8F800A0FFF77EFA85
:104E0000064604E0FFF77AFA801B02281FD82868BC
:104E10008007F7D42078000722D5864F874861693C
:104E2000703771B101210160FFF768FA064604E0AE
:104E3000FFF764FA801B022809D838688007F7D585
:104E40000EE0C0F800A0FFF759FA064605E082E040
:104E5000FFF754FA801B02287DD838688007F7D402
:104E60002078400768D5DFF8CCB100270BF13C0B68
:104E7000DBF80000C0000BD4DBF8001041F08051DB
:104E8000CBF80010DBF80000012700F08050009004
:104E90006B4E3068C00510D4306840F480703060CC
:104EA000FFF72CFA009005E0FFF728FA0099401A66
:104EB000022850D83068C005F6D55E4EA0686C3622
:104EC00001280FD00528306810D020F00100306094
:104ED000306820F004003060A068B8B1FFF70EFA27
:104EE00000900FE0306840F00100F4E740F004006B
:104EF0003060F7E7FFF702FA0099411A41F2883073
:104F0000814266D830688007F4D50EE0FFF7F6F9E5
:104F1000009007E0FFF7F2F90099411A41F288305A
:104F2000814256D830688007F4D42FB1DBF80010E6
:104F300021F08051CBF80010A069C8B33D49091D8C
:104F40000968C1F3810102294AD00228504607D0DE
:104F5000C8F8600000E03CE0FFF7D0F904463BE011
:104F60004746C8F86000FFF7C9F9064605E000BFEC
:104F7000FFF7C4F9801B02282BD828688001F7D4DA
:104F8000D4E907010843A16A2E4A490802EB01410E
:104F9000626A41EA8211084394F82C1040EA0161E8
:104FA000C9F8001001203866FFF7A8F9044606E0AA
:104FB0003EE000BFFFF7A2F9001B022809D82868CD
:104FC0008001F7D534E000BFFFF798F9001B0228F5
:104FD00002D90320BDE8F88F28688001F4D427E0C7
:104FE0000128F7D0D9F80000E26900F4800191426D
:104FF0001CD1226A00F03F01914217D147F6C071DF
:10500000626A0140B1EB821F10D1A26A4FF0FF33F8
:1050100000F4403103EB5202B1EB024F06D194F899
:105020002C1000F07060B0EB016F01D00120D1E7CF
:105030000020CFE70438024000004742800E47427C
:10504000007000400000FFFF10B5401EB0F1807FEF
:1050500001D3012010BD4FF0E02460610F216017E3
:1050600008F0CAFD0020A06107202061002010BDCB
:1050700010B590F83C20012A22D0012280F83C2073
:10508000CA688C6822F4407222434C6822F4806221
:1050900022430C6822F4006222430C6922F48052FD
:1050A00022434C6922F400522243C969002322F4AE
:1050B00080420A4301684A6480F83C30002010BDF9
:1050C000022010BD70B590F83C20012A32D0012496
:1050D00080F83C40022280F83D2003685A689D68B1
:1050E00022F070060A6832435A60134B02689A42F3
:1050F00014D0B2F1804F11D0104B9A420ED0104B09
:105100009A420BD00F4B9A4208D00F4B9A4205D0CF
:105110000E4B9A4202D00E4B9A4204D1496825F0B8
:1051200080031943916080F83D40002180F83C10D5
:10513000084670BD022070BD000001400004004020
:1051400000080040000C0040000401400040014005
:105150000018004010B5040003D094F83D0010B1D1
:1051600007E0012010BD002084F83C00204600F03C
:105170001FF8022084F83D00211D206803F0D0FFB5
:10518000012084F8460084F83E0084F83F0084F84B
:10519000400084F8410084F8420084F8430084F819
:1051A000440084F8450084F83D00002010BD000054
:1051B00008B50068B0F1804F08D10548016841F09A
:1051C00001010160006800F00100009008BD0000CE
:1051D0004038024070B5044690F83C000025012894
:1051E00017D0012684F83C60022084F83D00206836
:1051F000826822F0770222F47F4282600868502899
:1052000038D00DDC20284FD005DC90B3102811D108
:105210004AE0022070BD302846D040280AD13BE049
:1052200060282FD070280DD0B0F5805F03D0B0F586
:10523000005F12D0012584F83D60002084F83C0016
:10524000284670BDCB68D1E90121206803F0DDFF5D
:105250002068816841F0770109E0CB68D1E901213C
:10526000206803F0D2FF2068816841F480418160AA
:10527000E1E719E0CA684968206804F09BF850210A
:10528000206806E0CA684968206804F0A4F8602134
:10529000206803F0C4FFCEE7CA684968206804F0BC
:1052A00089F840212068F4E7226801461046F0E7BB
:1052B0002DE9F0410D46040003D094F83D0018B1EB
:1052C00008E00120BDE8F081002084F83C00204681
:1052D00000F040F8022084F83D002068816844F224
:1052E000070291438160211D206803F019FF2268A5
:1052F00090689169166A2B68AF69034340F20330E6
:10530000814341EA0721A868EF6908434FF6FC4151
:105310008843E96840EA0720014328692F6A0001B1
:1053200040EA0730084369686D6926F0AA0646EA34
:105330000515294393602268906154F8460B016279
:10534000012004F81F09E0752076E0762077A0752B
:105350000020B7E730B587B0044614216846FAF755
:10536000AAFF214824681F4D00221F49103802233C
:10537000AC4216D10C6844F002040C60096801F0DC
:1053800002010591016841F004010160006869466D
:1053900000F004000590C0200090CDE901321348D0
:1053A00019E0134DAC421AD10C6844F004040C60AF
:1053B000096801F004010591016841F008010160EC
:1053C0000068694600F0080005904FF440500090D6
:1053D000CDE901320748CDE90323FEF78DFE07B082
:1053E00030BD000000040040403802400008024088
:1053F00000080040000C024070B590F83E60044682
:1054000090F83F5090F8423090F84320022021B1AC
:1054100004290ED0012E1BD114E0012E18D1012B2E
:1054200016D184F83E0084F8420001220021206851
:1054300020E0012D0CD1012A0AD184F83F0084F824
:10544000430014E0012D03D1012B01D1012A01D029
:10545000012070BD84F83E0084F83F0084F84200CB
:1054600084F8430001220021206803F0C1FE0122DC
:105470000421206803F0BCFE2068016841F00101AE
:105480000160002070BD30B5044600680D0023D0D7
:10549000042D04D00022114603F0AAFE2068002249
:1054A000042103F0A5FE2068016A41F211121142A5
:1054B00007D1016A9210114203D1016821F0010164
:1054C000016001205DB1042D0DD004F83E0F607025
:1054D00020716071002030BD00221146E1E704F820
:1054E0003E0F2071F6E704F83F0FFAE730B587B0BA
:1054F000044614216846FAF7DEFE2468174D0021A1
:10550000174802230322AC4211D1046844F001047D
:1055100004600068CDE9021200F001000590D80196
:10552000CDE900030120049069460E4812E00E4DBB
:10553000AC4211D1046844F0100404600068CDE965
:10554000021200F0100005906020CDE900036946CA
:1055500004920648FEF7D0FD07B030BD00000140C0
:10556000303802400000024000400140001002407C
:1055700070B5044690F83C0000260D4601280FD077
:10558000012084F83C006AB1042A1DD0082A2FD0DB
:105590000C2A3FD00126002084F83C00304670BD24
:1055A000022070BD206803F043FE2068816941F04D
:1055B000080181612068816921F00401816120680E
:1055C00081692A69114311E0206803F061FE2068B7
:1055D000816941F4006181612068816921F4806101
:1055E0008161206881692A6941EA02218161D2E7EB
:1055F000206803F083FE2068C16941F00801C161A1
:105600002068C16921F00401C1612068C1692A696B
:10561000114311E0206803F0A5FE2068C16941F440
:105620000061C1612068C16921F48061C1612068A5
:10563000C1692A6941EA0221C161ACE710B50400E1
:1056400003D094F83D0010B107E0012010BD002008
:1056500084F83C00204600F01FF8022084F83D004A
:10566000211D206803F05CFD012084F8460084F8C9
:105670003E0084F83F0084F8400084F8410084F83C
:10568000420084F8430084F8440084F8450084F81C
:105690003D00002010BD000008B50C4A01680C4810
:1056A000914207D1016841F001010160006800F0FA
:1056B000010009E0074A914207D1016841F48031B5
:1056C0000160006800F48030009008BD00000140D7
:1056D000443802400040014010B50446022249B15E
:1056E00004290ED0082913D094F84100012816D0BF
:1056F000012010BD94F83E000128F9D184F83E2025
:105700000FE094F83F000128F2D184F83F2008E030
:1057100094F840000128EBD184F8402001E084F89F
:1057200041200122206803F063FD16492068164AD3
:10573000884201D0904203D1436C43F40043436458
:105740002068884213D0B0F1804F10D00F498842B2
:105750000DD00F4988420AD00E49884207D09042A6
:1057600005D00D49884202D00C49884204D1816895
:1057700001F00701062903D0016841F00101016031
:10578000002010BD00000140000401400004004062
:1057900000080040000C004000400140001800409C
:1057A00030B504460D460068002203F021FD194B78
:1057B00041F2111120688A10984202D0164B98428B
:1057C00009D1036A0B4206D1036A134203D1436C29
:1057D00023F4004343642068036A0B4206D1016A44
:1057E000114203D1016821F00101016001203DB1A6
:1057F000042D08D0082D09D084F84100002030BDC8
:1058000084F83E00FAE784F83F00F7E784F84000A8
:10581000F4E700000000014000040140704770B54B
:10582000044620680C3050E8001F21F4F07140E875
:105830000012002AF5D12068143050E8001F21F032
:10584000010140E80012002AF5D1206B012809D19E
:1058500020680C3050E8001F21F0100140E80012D1
:10586000002AF5D1206840694FF0100600064FF07D
:10587000000515D52068143050E8001F21F0800184
:1058800040E80012002AF5D1A06B48B10565A06B75
:10589000FEF7ACF920B1A06BFEF703FA202824D064
:1058A00020684069400615D52068143050E8001F74
:1058B00021F0400140E80012002AF5D1E06B48B128
:1058C0000565E06BFEF792F920B1E06BFEF7E9F9B0
:1058D00020280AD0E584E5856564202084F842000C
:1058E00084F841002563002070BD6664032070BD0C
:1058F00070B5044620680C3050E8001F21F4907108
:1059000040E80012002AF5D12068143050E8001F4A
:1059100021F0010140E80012002AF5D1206B012896
:1059200009D120680C3050E8001F21F0100140E838
:105930000012002AF5D1206840694FF000054006AA
:1059400015D52068143050E8001F21F0400140E8D0
:105950000012002AF5D1E06B48B10565E06BFEF757
:1059600045F920B1E06BFEF79CF9202806D0E585CB
:10597000202084F842002563002070BD1020606460
:10598000032070BD70B5044620680C3050E8001F3D
:1059900021F0C00140E80012002AF5D120684069DA
:1059A0001546000615D52068143050E8001F21F078
:1059B000800140E80012002AF5D1A06B48B10565CE
:1059C000A06BFEF713F920B1A06BFEF76AF920284F
:1059D00005D0E584202084F84100002070BD10200F
:1059E0006064032070BD10B50446FBF7A1FB2046A0
:1059F000FBF75EFE2046BDE81040FCF757BA0000FA
:105A0000F8B5016804460868CA684B6910F00F0FC2
:105A10004FF000055AD003F0010602F490773743A7
:105A200065D0C10705D0D10503D5616C41F00101F6
:105A30006164410705D5D90703D0616C41F00201CB
:105A40006164810705D5D90703D0616C41F0040179
:105A50006164010707D502F02001314303D0616C76
:105A600041F008016164616C00293BD0800604D5D7
:105A7000900602D5204607F0A8FB20684069616CBB
:105A8000C0F3801001F00801014320462BD007F03D
:105A900067FB20684069400621D52068143050E833
:105AA000001F21F0400140E80012002AF5D1E06B10
:105AB000A8B172490165E06BFEF7E1F8002811D04A
:105AC000E06B016D01B0BDE8F040084783060ED5DC
:105AD00093060CD52046BDE8F84007F076BB20467B
:105AE000FFF781FFF8BDFFF77EFF6564F8BD266B09
:105AF0002023012E7ED1C6067CD5D6067AD508682D
:105B00004868009048694FF0020640064DD5E26BA8
:105B1000106840684FF480770004000C3AD0A18DE3
:105B2000814237D9E085D069B8422DD020680C3049
:105B300050E8001F21F4807140E80012002AF5D1DE
:105B40002068143050E8001F21F0010140E80012E5
:105B5000002AF5D12068143050E8001F21F04001E0
:105B600040E80012002AF5D184F84230256320680D
:105B70000C3050E8001F21F0100140E80012002A0C
:105B8000F5D1E06BFEF732F86663A08DE18D401A27
:105B900081B206E0A18D8142A8D1D069B842A5D1D9
:105BA00066632046FFF73AFEF8BDA08DE18D401AEE
:105BB00081B2E08D0028F7D00029F5D020680C30A4
:105BC00050E8002F22F4907240E80027002FF5D112
:105BD0002068143050E8002F22F0010240E800272E
:105BE000002FF5D184F84230256320680C3050E84E
:105BF000002F00E006E022F0100240E80023002B16
:105C0000F3D1CDE705062BD5150629D594F841002B
:105C10002128C9D1A068B0F5805F01D12069B0B159
:105C2000206A411C2162216800784860E08C401E97
:105C30000004000CE084B7D12068C16821F0800125
:105C4000C1602068C16841F04001C160F8BD206AB0
:105C50000088C0F308004860206A801C2062E5E7E5
:105C60004006F3D55006F1D5CA68204622F040021E
:105C7000CA6084F8413000F076F9F8BDBDD0000864
:105C800070B5040004D094F84100002510B106E07E
:105C9000012070BD84F84050204600F023F82420F5
:105CA00084F841002068C16821F40051C160204699
:105CB00007F0ECFA2068016921F490410161206845
:105CC000416921F02A0141612068C16841F4005115
:105CD000C1606564202084F8410084F84200656357
:105CE000002070BD2DE9F04786B0064614216846B5
:105CF000FAF7E1FA5949584837680024574A1039E9
:105D0000022303254FF0080C87421DD1106840F490
:105D100000201060106800F400200590086840F032
:105D2000040008600868694600F004000590A802B5
:105D30008DE839104A48FEF7DFF9002202213420AD
:105D4000FEF7B0FE34203FE04448DFF81881001D24
:105D5000DFF814A14FF0070947453AD1026842F035
:105D600010020260006800F010000590086840F022
:105D7000010008600868694600F0010005904FF4D2
:105D8000C0608DE839025046FEF7B6F9384D374805
:105D900028604FF0006068604020C5E902040001FF
:105DA000C5E90404AC61EC612C6228466C62FEF724
:105DB0004DF808B1FDF7ECFDB56300220121252067
:105DC000AE63FEF76FFE2520FEF75FFE06B0BDE86E
:105DD000F087284EB7421DD1106840F400301060A3
:105DE000106800F400300590086840F00100086079
:105DF0000868694600F0010005900C208DE8390222
:105E00005046FEF779F9002203212620FEF74AFECC
:105E10002620D9E7184A9742D8D1026842F02002DA
:105E20000260006800F020000590086840F0400023
:105E300008600868694600F0400005904FF484400F
:105E40008DE839100D48FEF757F90022022147204E
:105E5000FEF728FE4720B7E7004C004040380240DC
:105E6000000802400010014000000240B8640240F7
:105E7000FC170020004400400014014000180240BC
:105E800090F84230202B01D00220704721B11AB186
:105E90000023036307F080BA0120704710B5044661
:105EA000FBF7FEFC2046BDE81040FCF791B800006F
:105EB00070B5044690F84100202801D0022070BD42
:105EC00001B3FAB12162A284E2840020606421233C
:105ED00084F84130A56B144BEB63A56B134B2B641B
:105EE000A56B134BEB64A36B186520681346A56B79
:105EF000021D2846FEF714F830B1102060642020FF
:105F000084F84100012070BD21686FF040000860F6
:105F10002068143050E8001F41F0800140E8001272
:105F2000002AF5D1002070BD15D1000857D1000816
:105F3000CBD0000890F84130202B01D002207047D0
:105F400079B172B101628284C2840021416421214D
:105F500080F841100068C16841F08001C1600020F4
:105F600070470120704710B50446FBF7C1F9204681
:105F7000BDE81040FBF7C2BC7047FEE70148FEF7E2
:105F8000DEB90000CC1400200148FEF735BA00004D
:105F9000CC14002038B5806B002190F83D202B4BAD
:105FA00046F2A8141B68B3FBF4F3C3EBC30303EB83
:105FB000830300933BB15B1E009303681B689B0542
:105FC00005D5009BF6E7036C43F020030364436BA5
:105FD00003B1D963836B03B1D96303681C6824F4EC
:105FE00080641C604185436B03B11965836B03B109
:105FF000196503681C6824F001041C6090F83D409A
:106000002023602C0BD0282434EA02020FD080F821
:106010003D3080F83E1000BFFEF706FB38BD80F82B
:106020003D3080F83E100164FEF76EF938BD02681D
:10603000136843F0010313600268136843F480633C
:106040001360016380F83D40E6E700008401002012
:1060500000684169C943090601D400210161704704
:1060600070B5044690F83D0094F83E10102901D018
:10607000402906D1222804D121680A6822F400624E
:106080000A60282131EA00024FF000054FF0200697
:1060900026D021684968090505D4602803D084F812
:1060A0003D6084F83E50256320684168090537D576
:1060B000416821F400614160606B90F835203C49F3
:1060C000012A11D00165606BFDF7D9FD38B3206856
:1060D000016821F00101016084F83D60606B1CE003
:1060E000256384F83D10DFE7A06B0165A06BFDF729
:1060F000C6FDA0B120684169C943490605D40069BD
:10610000616A0870606A401C60622068016821F062
:106110000101016084F83D60A06B016D884710E0CB
:1061200094F83D10602910D04169C943490605D44F
:106130000069616A0870606A401C60622046FEF770
:1061400073FA206CC1071CD115E084F83D6025640A
:106150004169C943490605D40069616A0870606AEB
:10616000401C60622068016821F001010160204646
:10617000FEF7CAF8E5E7810703D4410701D4000719
:1061800004D52068416821F4E061416094F83D0045
:10619000216C49070BD5282809D10648E062256300
:1061A00084F83D6084F83E502046FEF703FB70BD46
:1061B000955F00080000FFFF10B5C26A438D0168BB
:1061C000042B06D0438D032B08D0438D022B1DD00A
:1061D00012E04A6822F480624A600CE04B6823F4C3
:1061E00080634B60042A06D0022A04D001680A6842
:1061F00022F480620A6001680969426A1170416A8A
:10620000491C4162418D491E418510BD012A34D08F
:10621000102A32D0042A34D0022A32D00B6843F438
:1062200000730B6001680969436A1970416A491C6F
:106230004162438D5B1E438503681B690B70416A95
:10624000491C4162418D491E418501684B6823F418
:1062500040734B60202180F83D1090F83E300021C3
:10626000402B80F83E1010D0082A02D0202A00D0FF
:1062700012210163FEF79FFA10BD0B6823F48063BF
:10628000CFE70B6843F48063CBE70163FEF7F2FAD4
:1062900010BD000038B590F83D10222910D1C36A16
:1062A000418D03290DD901680969426A1170416A5B
:1062B000491C4162418D491E4185418D032906D00B
:1062C00038BDC26A022A02D0012906D029B100686D
:1062D000416821F48061416038BD2A4A46F2A81421
:1062E00000211268B2FBF4F202EB82020092026813
:1062F0002024009D6D1E009526D01568AD05F8D4AC
:10630000156825F4806515600268556825F4E06518
:10631000556002681269456A2A70426A521C4262DC
:10632000428D521E428580F83D4090F83E2080F814
:106330003E10402A21D0082B02D0202B00D0122161
:106340000163FEF738FA38BD036C43F020030364A1
:10635000536823F4E063536002681269436A1A7059
:10636000426A521C4262428D521E428580F83D4074
:1063700080F83E10FEF758F938BD0163FEF77AFA4F
:1063800038BD00008401002010B5C26A90F83D10AD
:1063900021290BD1418D51B1416A026809781161FF
:1063A000416A491C4162418D491E418510BD20232F
:1063B0000021082A13D0202A11D012F5803F0ED0D8
:1063C0000268546824F4E06454601122026380F887
:1063D0003E1080F83D3000BFFEF7EEF910BD0268B8
:1063E000546824F4E06454600268146844F400744F
:1063F0001460016380F83D3090F83E2080F83E1034
:10640000402AE9D1FEF737FA10BD000010B590F828
:106410003D1090F83E30C26A048DB4B1212903D0FA
:10642000402B11D122290FD1418DE1B390F83E10BC
:10643000402942D0416A026809781161416A491CC9
:106440004162418D491E418510BD2129E8D120239B
:106450000021082A13D0202A11D012F5803F0ED037
:106460000268546824F4E06454601122026380F8E6
:106470003E1080F83D3000BFFEF79EF910BD026867
:10648000546824F4E06454600268146844F40074AE
:106490001460016380F83D3090F83E2080F83E1093
:1064A000402AE9D100E002E0FEF7E5F910BD0068FE
:1064B000416821F48061416010BDBDE8104000F0EA
:1064C000D3B8000078B590F83E50C26A036B90F8DC
:1064D0003D6000240168222E7AD1066D0EB9402D50
:1064E00076D0056D1DB90569B5F5404F09D0458DCC
:1064F00005B3468D384D012E0ED0438D022B3AD078
:106500005DE04A698A6900920A6842F480720A6012
:10651000016D491C016578BDAA4213D10A6822F4B5
:1065200080620A6001684A68120503D50A6822F48D
:10653000806216E04A698A6900920A6842F4007231
:106540000A6039E0082A10D0202A0ED0122B0AD077
:10655000042A03D0022A01D0102AE7D10A6842F4A3
:1065600080620A6024E0012AE0D00A6822F4806296
:106570000A600168DEE7042A21D0022A1FD0102A0F
:106580001DD00B6823F480630B6001680B6843F433
:1065900000630B6001684B681B0509D5AA4212D045
:1065A000012A10D0082A0ED0102A0CD0202A0AD096
:1065B00001684A6989690091046578BD08E00B6843
:1065C00043F48063E5E74A6842F480524A60EFE7AB
:1065D000486988690090F0E70000FFFF90F83E10DE
:1065E000402910D00169B1F5804F19D0016DA9B3D0
:1065F000016D012910D1416C5FF0F10201F440718D
:1066000042EAD11106E0016D0029416C05D0C9B202
:1066100041F0010100680161704701F0FE01F9E7F6
:1066200090F83D102129416C09D0C9B241F0010117
:1066300002681161416B29B1C96B49B902E001F0EF
:10664000FE01F5E7816B0029E6D0C96B0029E3D094
:106650000068416841F4006141607047FFE7416CA8
:10666000F02201F44071CBE710B590F83D10026DB7
:106670004AB1026D012A14D0026D022A16D0BDE87B
:106680001040FFF7E5BCC16C0129816C02D0C1F359
:10669000072108E00268C9B21161016D891C01651A
:1066A00010BD816CC9B20268116123E022291CD09F
:1066B000428D0AB1212920D0428D002AF0D1212912
:1066C000EED101684A6822F4E0624A6001680A6813
:1066D00042F400720A6000210163202280F83D200C
:1066E00080F83E10FEF7C7F810BD01680A6842F452
:1066F00080720A60016D491CD1E7416A026809781D
:106700001161416A491C4162418D491E418510BD9C
:1067100038B50C4690F83D200021282595430268A5
:106720000B4605D051699169009180F83C3038BD25
:10673000556825F480655560E243540700D5012172
:10674000120601D5828900E0028B80F83C3092B2BB
:10675000FDF7DBFD38BD00002DE9F04190F83D303C
:106760000446C26A002120261E4F00686FF480652F
:10677000082A01D0202A01D1282B04D0212B17D0A0
:106780004561BDE8F081E762426822F4E062426060
:10679000206845612068026822F4806202602163FB
:1067A00084F83D6084F83E102046FEF703F8E8E7E1
:1067B000E7622122226384F83D6084F83E1041683C
:1067C00021F4E0614160206845612068016821F49E
:1067D000806101602046FFF73BFC2046FEF7E9F8A8
:1067E000CFE700000000FFFFF8B590F83D600446D9
:1067F0000068416821F4E06141602068002541693A
:106800000091016841F0010101602068016821F4F4
:106810008061016020684168090520D5474F222E1C
:1068200048D02A2E46D0616B096849686185618D20
:1068300019B1216C41F004012164416821F4006127
:106840004160606BFDF72FFA012808D0606B076587
:10685000606BFDF714FA10B1606B016D8847608DB5
:1068600008B320684169C943490708D40069616ACF
:106870000870606A401C6062608D401E6085206800
:106880004169C943490608D40069616A0870606AB1
:10689000401C6062608D401E6085608D18B1206C68
:1068A00040F004002064206C00B32046BDE8F840AE
:1068B000FFF7D6BBA16B096849686185618D19B185
:1068C000216C41F004012164416821F400614160C0
:1068D000A06BFDF7E8F90128C1D0A06B0765A06B9C
:1068E000FDF7CDF90028BAD0A06BB6E72A2E06D165
:1068F0002563282084F83D002046FEF759F894F8D7
:106900003D10202028290DD0216B222901D0222ED4
:1069100007D1256384F83D0084F83E502046FEF7F9
:1069200047F8F8BD0649E162256384F83D0084F824
:106930003E502046FDF73EFFF8BD0000955F000881
:106940000000FFFF70B501600D46044682801E46C0
:1069500011462846FDF7C8FC012800D00020A07190
:10696000E07100202072C4E9036070BD002803DAE2
:10697000B0F1004F01D0404270476FF000407047C7
:10698000F0B50346002A16DDC817CC1A60EBE37099
:106990004FEAE275161B75EB000601DA9818F0BD98
:1069A00000273E46D2EB070766EB0506E41BB04125
:1069B00001DA981AF0BD0846F0BD884201DA0846AF
:1069C00070479042FCDD104670470000054A10B544
:1069D0009479054B844201D090719962986A081AA3
:1069E000506310BD88180020C401002070B51749FD
:1069F0000324A1F13002937921F813005B1CB3FB4F
:106A0000F4F504FB153393715379032B04D25B1C0B
:106A1000DBB25371032B0FD3B1F90000B1F902407F
:106A2000B1F90410A04202DD0246204614468C4211
:106A300000DD0C46A04200DD04462046FFF796FF2D
:106A4000B0F5FA7F00DC0024204670BDF401002080
:106A5000064910B509784942014201D1002010BD14
:106A600040220349F9F70EFC012010BDC4010020AB
:106A70008818002070B5264C0646A07901281ED043
:106A8000244D032809D028692862E868686200F06C
:106A900039FA00F02DFA686AE86031460320FFF702
:106AA00095FFE86978B1616B81420CD8286A206152
:106AB000696AE1612162EA7984F82C2023E00020F0
:106AC0000146A0631FE000F01DFA00F011FA2879DA
:106AD000414295F90700014201D1042004E0616BB5
:106AE000B1F5FA7F04D9032000F0CCFA002070BD84
:106AF00032212161002800DD01E06FF03101E16108
:106B000084F82C003220BDE8704000F025BA000067
:106B100088180020C40100202DE9FC5F0446884647
:106B2000B0F90400FFF762FF684E0746A088708145
:106B3000B781B0794FF0000A012801D1C6F838A01A
:106B400041460220FFF742FF614DE87810B1B5F9E8
:106B50000800381A4FF4FA625142FFF72EFF0090F6
:106B60003946182000F03CF904460620009900F050
:106B700037F96E2220445142FFF71FFF0190E86A67
:106B800020B1B8EB000401D0142C00D905243846FC
:106B9000C5F82C80FFF7EAFED5E90512A1EB020843
:106BA00041F658394A460021FFF707FF88FB0001EC
:106BB0004A460023F9F735FB69692A69A1EB000908
:106BC00093462046914501DBB42101E04FF48271E8
:106BD00000B90120A1FB00C8CA1702FB008001FB1D
:106BE0000A0140F2E7301CEB000041F100014FF4D4
:106BF0007A720023F9F715FB421E71F1000201DAE7
:106C0000012000216FF000439A4600221B1A8A419E
:106C100000DA504602464946A8465846FFF7B0FEFD
:106C2000C0F5FA722861904200DA0246002A00DAC2
:106C3000002251420198FFF7C0FE054604B9012425
:106C400041F28830A4FB000140F2E732801841F1A4
:106C50000001521C0023F9F7E4FA421E71F1000210
:106C600001DA012000216FF0004300221B1A8A4143
:106C700000DA5046024629464446D8F80C00FFF791
:106C80007FFEE060014601202781E070002F01DDDA
:106C9000E07103E003DA4FF0FF02E2712071206936
:106CA0003061C6E9075147F6FF726FEA02010098AA
:106CB000FFF783FEF081E07986F82C00207970716F
:106CC000D4E90310BDE8FC5F00F046B98818002045
:106CD000C401002070B51C4C00254FF4B470257021
:106CE0006570A570E57025712581E571C4E90350D3
:106CF00060614FF49670C4E9060525626562FDF790
:106D0000FDFAC4E90A0500F0F3F8104E40213046C0
:106D1000B563F9F7D0FAB571F5713572A06AF06311
:106D200060697061A069B061FCF714F800280AD0AE
:106D3000012020703070B570FCF7A4F8F070FCF7FB
:106D4000AFF83071012070BDC40100208818002008
:106D50000148007870470000C4010020024908780B
:106D60004978084070470000C401002002490878B3
:106D70008978084070470000C401002070B5164DA6
:106D80002878002827D0FDF7B9FA0646FCF77AF8EC
:106D900008B1FCF7D5F9FCF775F8104CE070FCF77A
:106DA0007FF82071A079012805D0032803D004289A
:106DB00001D0052802D1A86A301A6063A87800289B
:106DC00009D0FCF76DF8002805D00020A870A0704D
:106DD0000620A071E66370BDC40100208818002061
:106DE00080FB0110002805DB4FF40072891840F188
:106DF000000203E00C4A891840F1FF32880A40EA99
:106E0000825091126FF0004300221B1A8A4102DA6D
:106E10006FF0004070474FF00042821A71F1FF316D
:106E2000F8DA4FF00040704700FEFFFF70B5134CDA
:106E3000054620786178084019D0FDF75FFA0022F6
:106E40000F4962700123A3704A708B7005238B7108
:106E5000CD710A61CA610A624A628A62C863A0622D
:106E600000F050F80120FCF753F808B1012070BD84
:106E7000072000F007F9002070BD0000C4010020C9
:106E8000881800202DE9F041174C0E46074620785F
:106E900061781546084203D0002E01DD002D02DC8A
:106EA0000020BDE8F081FDF729FA024600210F48D5
:106EB00061700123A3704170837005238371C771D2
:106EC0000161C16101624162C2638162A26200F03C
:106ED00019F829463046FCF749F808B10120E0E7E7
:106EE000072000F0CFF8DBE7C4010020881800205D
:106EF0000349002008638886487188717047000044
:106F0000C401002005490020C8700881C860C8621B
:106F10000349C881C861086270470000C4010020AD
:106F2000881800200A4A137833B1002904DD88420A
:106F300002DBB0F5FA7F01DD00207047C2E90501F0
:106F4000537803B91061034AC2E905010120704773
:106F5000C40100208818002070B50D464FF4FA7265
:106F60000021FFF72AFDC0F5FA720446904200DACC
:106F70000246002A00DA002251422846FFF71DFD92
:106F8000094A0146631814612032651A82E82A0012
:106F90002046FCF745F808B1012070BD072000F03D
:106FA00071F8002070BD00008818002007490A7899
:106FB00012B1B0F5FA7F01D900207047C86110B94D
:106FC000002008624862012070470000C4010020D0
:106FD000074810B50078002809D0012000F052F8C9
:106FE0000020FBF76BFE03480021C170817110BDCA
:106FF000C4010020881800202DE9F0411F4C2078A2
:10700000002834D00120FBF759FE00282FD0FDF7CF
:1070100075F9012767700025A570E5702571258138
:10702000E5718046E5606069E56125626562E5625B
:107030002061FFF75DFF124E40213046B563F9F73E
:107040003AF937707770B570F7703771B771F571BD
:107050003572C6F83C8060697061A069B06100213A
:107060000846C4F82880FBF7DBFF10B10120BDE81B
:10707000F081072000F006F80020F8E7C4010020A6
:107080008818002070B511490A78002A1CD0002504
:107090004D700F4C8D7006216570A570A171E07167
:1070A0002561E56125626562A562FDF727F9E06368
:1070B000FFF728FFFFF71CFFA563FCF711F8FBF7AC
:1070C000E1FEE0700120207170BD0000C4010020CD
:1070D0008818002070B5244E044630784042204085
:1070E00017D0FDF70BF9214D21782972617A697269
:1070F000A1886981E1682963E863717841B12178E9
:10710000012907D002290BD003290DD002201BE052
:10711000012070BD01462046BDE87040FFF7FCBC71
:10712000BDE87040FFF7A6BC0146A87900240128FD
:107130000ED00420FFF74AFCFFF7E4FEFFF7D8FE6D
:10714000686BFA2808D90520FFF79CFF002070BD66
:1071500000210846AC6302E000216420EC61BDE838
:107160007040FFF7F9BE0000C4010020881800201D
:10717000064910B509784942084201D1002010BDE6
:10718000034C1ECC80E81E00012010BDFA01002037
:10719000C818002005490020086048608860C86061
:1071A000087003490870488070470000C818002024
:1071B000FA0100202DE9F04F00252B46002853D07E
:1071C000002190F820400A46A34664F30F220F46A0
:1071D000466A04E004F0010C6744FFB26408002C26
:1071E000F8D190F82140DFF8A49067F30702BE467B
:1071F0004FF0010AFF2C06D0254B084661F307002B
:1072000083E847002DE0DFF88C80002400EB440782
:1072100038F914C03F8A641C0CFB0755E4B23B44A8
:10722000082CF3D34FF4FA50834200D903460C469E
:1072300063F31F44BBF1FF0F18D0BEF1000F1AD04B
:10724000CBB195FBF3F308466AF3070063F31F40E5
:1072500063F30F04A9F802300D49C1E90004C1E944
:10726000022689F800A00120BDE8F08F032308461C
:1072700063F3070005E008460223B9F8021063F340
:10728000070061F31F4061F30F04E5E7FA010020F6
:10729000C81800205EE600080349002088702C21F1
:1072A0000248F9F708B8000000020020D8180020B2
:1072B000064910B589784942084201D1002010BD25
:1072C0002C220349F8F7DEFF012010BD0002002048
:1072D000D81800202DE9F041154C00252C212570EF
:1072E0006570A57013486560F8F7E5FF0021124B43
:1072F000084601261A5C082A16D206FA02F2D2B211
:10730000114211D1401C1143C0B20828F2D3FF2909
:107310000AD1FAF713FA002804D0267000F018F802
:1073200020B10120BDE8F0810020FBE72570FBE7DC
:1073300000020020D81800206EE6000801207047E7
:107340000249087849780840704700000002002090
:1073500010B5094C2078002802D0607808B10120CF
:1073600010BDFAF725FA18B9FAF7E8F90028F7D0AE
:1073700001206070F3E700000002002070B5064CA9
:1073800001252078002805D0FAF79CFA00206070CB
:10739000A070284670BD0000000200202DE9F047D3
:1073A000344C002596B020786178084021D0FAF757
:1073B00005FA6846FAF792F900281AD001980028D1
:1073C00017D06168884217D1A07888B19DF827004E
:1073D00070B9294890F8211051B1002180F821108E
:1073E00080F8201040F8101F41608160C1603EE0CD
:1073F000002016B0BDE8F0872C210AA8F8F75BFF43
:107400000198139002981490DFF870A09DF82770EF
:107410009DF8006000204FF001090AAB4FF47A7824
:107420001AF8001009FA00F226FA01F101F0010140
:10743000D2B223F810105FB19DF849C04CEA020C9B
:107440008DF849C021B103EB40011543A1F810802C
:10745000401CC0B20828E3D38DF848500198606002
:107460002C2219460448F8F70DFF84F802900120F9
:10747000BFE7000000020020D81800206EE60008D8
:10748000401A904201D3012070470020704700004D
:1074900070B50546EFF3108172B60C4C20790026CA
:1074A000267101B962B600280AD00948FEF7B7F97B
:1074B000A670E670607820B104206071AD1C256272
:1074C00070BD012060715A3D656170BD2C000020C7
:1074D000DC1600200C4900224A708A70CA700A71BA
:1074E00001234B718B71CA710A724A72CA60C1E979
:1074F00004208861C861C1E908028A62CA620A631D
:107500004A638A63704700002C00002070B50D4C60
:1075100005460020E071A07002206071A561A07195
:107520000122E11D0848FEF705FD002808D0606B28
:10753000401C606301206071633D09206561A0719A
:1075400070BD00002C000020DC1600202DE9F04169
:10755000174C064600202072E070A070012204F152
:1075600008011448FEF78CFC751C092718B1606BE4
:10757000401C606318E00120E07105206071E66145
:10758000616A491C6162A07109490122C91D09484B
:10759000FEF7D0FC002809D0606B401C60630548F2
:1075A000FEF7A6F9042060712562A771BDE8F0819D
:1075B0002C000020DC1600207FB500213C48009103
:1075C00001910291394A0391026001244FF4803203
:1075D0000461C0E90121017680F820101203C26223
:1075E00008254FF0C062C5618262C16080F83040FA
:1075F0004161FCF775FA08B1FCF7CAF9CDE900540E
:10760000032469462A480294FCF7C4F908B1FCF740
:10761000BFF9092000900220019069462448FCF738
:10762000B9F908B1FCF7B4F90A20CDE900046946BC
:107630001F48FCF7AFF908B1FCF7AAF90B2000903E
:107640000420019069461A48FCF7A4F908B1FCF738
:107650009FF90C2000900520019069461448FCF722
:1076600099F908B1FCF794F90D20009006200190DB
:1076700069460F48FCF78EF908B1FCF789F90E202E
:1076800000900720019069460948FCF783F908B18A
:10769000FCF77EF90F20CDE9000569460448FCF7A8
:1076A00079F9002801D0FCF773F97FBD0020014073
:1076B000241400200D4808B5016841F480010160E0
:1076C0000068002200F48000009001213820FDF7BE
:1076D000E9F93820FDF7D9F9002201214620FDF70C
:1076E000E1F9BDE808404620FDF7CFB93038024047
:1076F0002DE9F04387B014216846F8F7DCFD3748E0
:107700000024016841F010010160016801F01001DE
:107710000591016841F004010160016801F0040174
:107720000591016841F080010160016801F080016C
:107730000591016841F001010160016801F001015A
:107740000591016841F002010160016801F0020148
:107750000591016841F008010160016801F008012C
:107760000591016841F0400101600068DFF8708018
:1077700000F04000059000220C214046FCF7B9FDC6
:10778000DFF860904FF41C67002239464846FCF74A
:10779000B0FD0C2000900125CDE90154694640461A
:1077A0000394FCF7A9FC102002268DE851006946DD
:1077B0004046FCF7A1FCCDE9005469460A48029610
:1077C000FCF79AFC0097CDE90154694648460394BA
:1077D000FCF792FC07B0BDE8F083000030380240AF
:1077E0000010024000180240000002400D4810B591
:1077F0000B4901600C49416000214FF480428160D7
:10780000C0E9031241618161C1610162FCF70EFFB1
:10781000002803D0BDE81040FCF7BAB810BD000046
:1078200000540040CC140020801A06000D4810B50A
:107830000B4901600C49416000214FF48042816096
:10784000C0E9031241618161C1610162FCF7EEFE92
:10785000002803D0BDE81040FCF79AB810BD000026
:107860000058004020150020A086010010B592B0FD
:1078700000240F941C2108A81094F8F71CFD202167
:107880006846F8F718FD224820490160A721C0E9A1
:10789000011444F61F61C0E903148021C0E90541C9
:1078A000FDF7CCFE08B1FCF773F80F940FA9184848
:1078B0001094FDF707FC08B1FCF76AF86020089007
:1078C00040F2DC50CDE909040B940C940D94002295
:1078D00008A90F480E94FDF74BFE08B1FCF758F8C5
:1078E00000944FF40050CDE90440029401940394B5
:1078F000694607480794FDF7BBFB08B1FCF748F859
:107900000348FDF7F3FD12B010BD00000000014078
:107910007415002010B586B0002417480094019417
:107920000294039404944FF0804105940160532124
:10793000C0E9011440F2E731C0E903148461FDF7A6
:1079400009FC08B1FCF724F84FF480500090694618
:107950000948FDF73FFC08B1FCF71AF82020CDE9F3
:10796000040404A90448FDF7ADFB002801D0FCF78E
:107970000FF806B010BD0000BC15002010B58CB08B
:1079800024216846F8F797FC002416480994144906
:107990000A94C0E900144FF6FF71C0E90241046186
:1079A00084610320CDE900040120CDE90204062111
:1079B0000491CDE90540CDE9074169460948FDF745
:1079C00077FC08B1FBF7E4FF099409A905480A947C
:1079D000FDF778FB002801D0FBF7DAFF0CB010BDF3
:1079E000000400400416002010B58CB02421684625
:1079F000F8F761FC00241648099414490A94C0E978
:107A000000144FF6FF71C0E9024104618461032054
:107A1000CDE900040120CDE9020406210491CDE95D
:107A20000540CDE9074169460948FDF741FC08B129
:107A3000FBF7AEFF099409A905480A94FDF742FB3C
:107A4000002801D0FBF7A4FF0CB010BD00080040D7
:107A50004C16002010B588B01C216846F8F72BFCA6
:107A6000164815490024C0E9001442F2CF01C0E9CC
:107A70000241802104618161FDF7E0FD08B1FBF75F
:107A800087FF6020CDE900040294002269460B487C
:107A90000494FDF76DFD08B1FBF77AFF04226946F7
:107AA0000648FDF765FD08B1FBF772FF0348FDF7D7
:107AB0001DFD08B010BD00000040014094160020DC
:107AC0000C4810B50A4901604FF4E13141600021D2
:107AD00081600C22C160C0E904128161C161FEF7BE
:107AE000CFF8002803D0BDE81040FBF751BF10BD10
:107AF000004C0040DC1600200C4810B50A4901601B
:107B00004FF4E1314160002181600C22C160C0E985
:107B100004128161C161FEF7B3F8002803D0BDE80B
:107B20001040FBF735BF10BD0010014024170020A6
:107B30000C4810B50A4901604FF4E1314160002161
:107B400081600C22C160C0E904128161C161FEF74D
:107B500097F8002803D0BDE81040FBF719BF10BD0F
:107B6000004400406C1700200C4810B50A49016021
:107B70004FF4E1314160002181600C22C160C0E915
:107B800004128161C161FEF77BF8002803D0BDE8D3
:107B90001040FBF7FDBE10BD00140140B4170020DB
:107BA000401A904201D30120704700207047000026
:107BB00070B50C460546FCF7A1FB0646F9F7A6F89A
:107BC00021462846F8F708FF1C483146057704622D
:107BD000082000F049F91A48C17841B12846F8F761
:107BE000A3FE02462146284604F0B2FC1AE0807843
:107BF000C0B1F9F70BFF002112A20846F9F73CFFCC
:107C00002846F8F791FE024602210020F9F734FFDA
:107C10000EA204210020F9F72FFF2A460421242078
:107C2000F9F73DFF2846F8F77FFE23462A46BDE8D0
:107C30007040014607A0F9F7F1BB0000741C00205A
:107C4000380200204641554C54000000434F444543
:107C50003A0000004150502C4641554C543D25738C
:107C60002C434F44453D25752C44455441494C3DDA
:107C7000256C750D0A00000010B586B004466846F4
:107C8000F8F7D0FE10B10598002800D1204606B0C4
:107C900010BD00002DE9F041FCF730FB2C490746F0
:107CA0002A4808602B4D00212B4C6970A970E9709F
:107CB0002971217061700220A070C4E90171E16036
:107CC00021616161A16121772162F8F797FEF9F7DF
:107CD00073FA002825D0F9F749FF002824D001269F
:107CE000AE7004F04DFB28B3EE70A06904F0C6FC42
:107CF0001AA004F0A7FC267008202870AF60F9F7DE
:107D00006BFCD8B16E70F8F79DFEE0B12E7139466C
:107D1000002000F0A9F815A0F9F780FB0120BDE8CC
:107D2000F0810021012001E000210320F8F754FE3A
:107D30000020F4E700212670042001E00021022049
:107D4000FFF736FFEAE700210520F9E731475453F2
:107D50002827002038020020741C0020494E495476
:107D600049414C495A494E47000000004150502CAF
:107D7000494E49543D4F4B2C454E5452593D4D416F
:107D8000494E5F4150502C5441534B5F504F525419
:107D90003D4143544956450D0A00000038B50B4C8F
:107DA0000B4960780A7890420ED00870A07804F0F1
:107DB000A9FC0346607800F09DF80146A069009098
:107DC000A27804A0F9F72AFB38BD0000741C00203B
:107DD000380200204150502C53544154453D2573E6
:107DE0002C5441534B3D25752C4E414D453D25733B
:107DF0002C5741524E3D30782530386C580D0A00D2
:107E000070B5164C8CB005464FF47A72A168FFF736
:107E1000C7FE002820D005A8A560F8F703FE0028BB
:107E20001AD0F9F7E7FE04469DF81500F8F7B8FEFA
:107E30000B4A0346507800F05DF8014602F110004D
:107E40000DF1080C61C801958CE85100D0680090D4
:107E500092780448F9F7E2FA0CB070BD38020020BD
:107E6000741C002018E9000810B504461B48447033
:107E700041601B48C07800282FD0042C10D0052C5E
:107E80000ED0062C0CD0072C0AD0002004F090FB5A
:107E9000082C20D2DFE804F006080A121416181A7B
:107EA0000120F3E7002012E0012010E0002004F0A0
:107EB0003FFB0CA004F0C6FB022008E0032006E014
:107EC000042004E0052002E0062000E00720BDE8D1
:107ED000104004F0A5BB0820F9E710BD741C002079
:107EE000380200205441534B20322052454144591E
:107EF00000000000092818D2DFE800F00507090B90
:107F00000D0F111315000AA070470BA070470DA0AC
:107F100070470EA070470FA0704711A0704712A0C5
:107F2000704714A0704716A0704717A07047000054
:107F3000424F4F540000000053454C465F434845B4
:107F4000434B00004D454E550000000041524D4549
:107F5000440000005354415254494E470000000071
:107F600052554E4E494E470053544F5050494E477C
:107F70000000000046494E495348454400000000B7
:107F80004641554C54000000554E4B4E4F574E0045
:107F9000F0B5A3B0F9F744F9834C2078002818D045
:107FA000FCF7ACF9814F0646787808B1F9F732FB57
:107FB0003879002578B1F8F72BFE7D4800687D49B7
:107FC000884208D07B4907203039FFF7F1FDFFF7E1
:107FD000E5FE23B0F0BD06A8FBF780FB30B1189892
:107FE00020611C9860611C9804F08EFA6078082863
:107FF00076D2DFE800F0041127305376A0B2962243
:1080000030466168FFF7CCFD002868D06AA004F014
:1080100019FB3146012084E0F9F7ECFD18B1A069A5
:1080200020F001000AE040F2DC5230466168FFF7C0
:10803000B7FD002877D0A06940F00100A06104F0EE
:108040001DFB1FE004F090F9A07004F093F90328E1
:1080500069D1314665E004F087F9A07004F08AF92F
:1080600002280FD022A804F02FFBC0B39DF888008F
:10807000A070C4E902653146F8F764FD28B13146C5
:1080800004204EE0314602204BE000256846F8F718
:10809000C9FC00B1059D0620294656E000F094F881
:1080A00004F022FB40B10120F8F708FD08B90121D6
:1080B00022E03146062034E0F8F7E0FC08B1022067
:1080C00020E0F8F7EFFC50B16846F8F7ABFC30B1B0
:1080D0009DF80100022826D13146052021E022E04A
:1080E00044E000F071F804F0FFFA38B10120F8F72D
:1080F000E5FC0028DDD10321072026E0F8F7BEFCCF
:1081000020B10420FFF7B8FD0146F5E76846F8F70F
:1081100089FCE8B19DF801000328CAD018E0314677
:108120000720FFF7A1FEF9F765FD0028A06929D017
:1081300020F0010028E000F047F8F8F79FFC38B184
:108140000120FFF799FD01460820FFF731FDEAE71E
:10815000F8F79EFC0028E2D1E5E700F035F804F0DE
:1081600097FA0028DFD0F8F7D3FC09E004F09EFA74
:108170000028D8D0F8F7D6FBF8F7CAFC2577256297
:10818000E5607FE740F00100A06104F077FAF8783D
:1081900008B104F02BF9FFF701FE3046FFF730FE7F
:1081A000F9F730FD15E70000741C002038020020AC
:1081B00028270020314754534F4C454420434F4E0D
:1081C0004E4543540000000000B587B06846F8F7FC
:1081D00029FC002809D006490398C860039804F0D8
:1081E000A7F9F8F71CFC04F02DFA07B000BD000059
:1081F000741C0020FEE700002DE9F0410C0005464C
:1082000006D0002100F04CF8002C05DD012604E02A
:10821000BDE8F04100F026B80026114F3246BDB14E
:10822000B9153846FCF765F886F00102F9143846AE
:10823000FCF75FF8002C00DA644242F2CF0084427F
:1082400000DD0446A1B22846BDE8F04100F028B8A0
:1082500040213846FCF74DF886F001028021E6E720
:108260000018024070B50546002100F019F80B4CCB
:108270004FF0010255B111022046FCF73AF80122F5
:10828000D1022046BDE87040FCF733B840212046BB
:10829000FCF72FF801228021F3E7000000180240CC
:1082A00042F2CF02914200D91146034A126808B146
:1082B000916370475163704794160020FEE70000F9
:1082C000014901200870704730020020F8B5642190
:1082D000B0FBF1F4B4F57A7F01D340F2E7341648ED
:1082E000017811B941688C4225D0002101700A251E
:1082F0004460B4FBF5F0C6B2F9F788FBB6FBF5F1C4
:108300000E2000F01BF8B6FBF5F005FB10612C20E9
:1083100000F014F80120072300901A4634214B2066
:10832000F9F7F0FBB4FBF5F005FB1041BDE8F840B0
:10833000562000F003B8F8BD300200202DE9F84FB8
:1083400007460A20B1FBF0F200FB121027494FF05C
:108350001E0A4FF023080C5C07F1150000F0FF091E
:10836000E00707F105064FF0010506D0F0B205233E
:10837000102204210095F9F7C5FBA00706D51423A8
:108380000522092148460095F9F7BCFB600706D590
:1083900014230522414648460095F9F7B3FB200710
:1083A00006D5F0B20523102237210095F9F7AAFB74
:1083B000E00606D514230522414638460095F9F714
:1083C000A1FBA00606D514230522092138460095F5
:1083D000F9F798FB600606D5F0B205231022514646
:1083E0000095F9F78FFBBDE8F88F00008AE60008DA
:1083F00008B50020009000BF401C0090FF28FAD96B
:1084000008BD401A904201D30120704700207047F8
:10841000A0F16101192901D82038C0B2A0F13001C2
:10842000092901D8C8B219E0A0F14101192902D8DF
:108430003738C0B212E0202815D03A2815D02D28A0
:1084400015D02E2815D03F2807D03E2813D02B2832
:1084500013D02F2813D03D2813D028200A4900EB31
:108460008000084470472420F8E72520F6E72620FE
:10847000F4E72720F2E72920F0E72A20EEE72B2077
:10848000ECE72C20EAE700005DE5000870B5194C28
:108490000025E570A571E061627A03210126012AB9
:1084A00006D0022A13D0032A22D0042A20D110E0B9
:1084B000A67021726572FF212170206200F0B0F871
:1084C000207910B1E06A401CE062267170BD6172D3
:1084D00070BDE07A2030C0B2E072802808D36079A5
:1084E00020B9A07A86402078B043207000F098F838
:1084F000657270BD8800002070B50D4C0D46A178E6
:1085000011B1A16A491CA1620022A270E270A2719D
:10851000E27104212172627200F57A70A061FF207D
:10852000207000F07DF8606AE563401C606270BDF9
:108530008800002010B5082811D20949012202FA4A
:1085400000F30C7823430B708B7A834207D1487A6F
:10855000022803D0032801D0042800D14A7110BD9D
:108560008800002030B587B014216846F7F7A3FED5
:108570002848FBF7CBFE28480021026842F002029F
:1085800002600068254D00F002000590C0200090B8
:108590001120CDE901010320039069462846FBF72D
:1085A000ABFD0122C0212846FBF7A3FEFFF720FF09
:1085B0000024002240212846FBF79BFEFFF718FF0E
:1085C000012240212846FBF794FEFFF711FF641CAF
:1085D000E4B2092CEDD3002280212846FBF789FE66
:1085E000FFF706FF012240212846FBF782FEFFF736
:1085F000FFFE012280212846FBF77BFEFFF7F8FEF5
:108600000448FCF713F810B1002007B030BD01207A
:10861000FBE70000CC140020303802400004024088
:108620000348FF2181720021C1724171704700002F
:108630008800002010B5044609480021172200F8E0
:10864000011B0849F7F71EFE07490220234608725E
:108650000122BDE810401821014800F007B80000D1
:10866000A812002046E500088800002070B51D46CD
:10867000164690B189B1114C0022A271E2710B46ED
:10868000024678210E48FCF799F840B102280FD035
:108690000B48016C2846FFF72FFF002070BD01201A
:1086A000E07066726561A06B401CA063012070BD24
:1086B000606B401C00216063ECE700008800002034
:1086C000CC1400207047002803DAB0F1004F01D02D
:1086D000404270476FF00040704770B50446406DEF
:1086E000E065A16D2166FFF7EEFF0546206EFFF7FE
:1086F000EAFF854200DD284600216066C4E91101D9
:10870000002801DD012000E0002084F87A0070BD1F
:1087100030B5D417851A71EB040401DA104630BD68
:10872000DA171C1A8A41FADA184630BDC117021E40
:1087300071F1000208DB4FF40042801841F10001A2
:10874000000C40EA014070474FF400430022D0EB98
:10875000030062EB0102000C40EA02404042704715
:10876000002802DD4FF00100704702DA4FF0FF30C1
:1087700070474FF000007047426D4263826DC263E4
:10878000002902D00021816301647047C1170904E8
:1087900041EA104100046FF00043DA07FFF7B8BF69
:1087A0002DE9FF4F85B0050014A8904690E8900889
:1087B0000E461FD05FEA0B00FBD0D5E900A9A6EB5F
:1087C0000A000290FFF77FFF01902046FFF7DEFFCF
:1087D00000903846FFF7DAFF0490DDE9000100273A
:1087E000814208DC4846FFF76EFF0499884202DCAC
:1087F000C5E90067D6E05046FFF7B2FF04463046B1
:10880000FFF7AEFF70B10CB184420BD13046FFF7D9
:108810005AFF04465046FFF756FF844202DD01240A
:10882000404601E03C460898FFF7B0FF80460CB197
:10883000129800E01398FFF7A9FF03900298FFF742
:108840008FFF040008FB04F829D04846FFF788FF93
:10885000A04224D1039C4846002C01DC384617E096
:10886000FFF731FFA0FB0013C21702FB003300FB30
:10887000023CE317084622195B416146F7F7D1FC39
:108880006FF0004300221B1A8A4101DA6FF00040AA
:10889000009901440198814201DB4FF000080398E0
:1088A0005946002801DC38461EE0A0FB0134C217FF
:1088B00002FB0B4100FB071140F2E730181841F1B1
:1088C00000014FF47A720023F7F7ABFC421E71F1FE
:1088D000000201DA012000216FF0004300221B1A80
:1088E0008A4101DA6FF00040444600281BDDE117A1
:1088F000B4EB090261EBE9714FEAE073B0EB020CF3
:1089000073EB010C02DA09EB00040CE04FF0000CF1
:10891000D0F100086CEB030CB2EB080271EB0C0118
:1089200001DAA9EB00044FEAE97119EB040041EB0D
:10893000E4714FF002024FF00003F7F772FC0246B9
:10894000A2FB0B0C01FB0BC1B94602FB09114FF452
:108950007A720023F7F765FC1AEB000041EBEA712D
:108960006FF000434FF00042FFF7D2FE80460298BE
:10897000A6EB080A40B15046FFF7F2FE0746029800
:10898000FFF7EEFE87420BD15046FFF79CFE0099A1
:1089900088420BDC2046FFF796FE0499884205DCEE
:1089A000C5E90069002009B0BDE8F08FC5E9008481
:1089B0000120F8E72DE9F04704468A46C06C616B58
:1089C000E26B401A216D86B0891A4218401A00EBFA
:1089D000D07002EBD27247105610E06AFFF7D6FE55
:1089E00005463846FFF76FFE07463046FFF76BFE39
:1089F0002844874204DD6769A669B846354603E026
:108A0000D4E90365D4E90187D4E90B1202A83B46F7
:108A100080E80604CDE90065424604F13400E16CCB
:108A2000FFF7BEFE8146D4E90B1202A83B4680E860
:108A30000604CDE90065424604F13C00216DFFF7D4
:108A4000AFFE06462068FFF7A1FE0546606B6A424E
:108A5000C1172B461746FFF75BFE6063E06B2B46A2
:108A6000C1173A46FFF754FEE063616BC4E9151085
:108A700059EA060084F87A0007D1E06C6065206D41
:108A8000A06501212046FFF777FE94F87A0006B032
:108A9000BDE8F0872DE9F041044690F8780086B0F3
:108AA00010B1D4E91C2007E094F8790003282FD0F6
:108AB000042830D0D4E90720D4E90B3501AE049165
:108AC00086E8290000901346002104F14400FFF7D6
:108AD00067FE656E4FF00108002D1FDDF0B1676C79
:108AE000E06DEE1780FB07012A463346F7F799FB46
:108AF0006065206E2A4680FB07013346F7F791FB3D
:108B0000A06501212046FFF737FE84F87A8020E037
:108B1000D4E90920D0E7A2682069CDE70025656582
:108B2000A565656401212046A564FFF725FE94F83C
:108B30007900042805D084F87A50002006B0BDE8FA
:108B4000F081A06EE064E06E206584F8798084F89E
:108B50007A800120F2E710B5F9F78EF918B9F9F724
:108B600065F9002809D040F27260F9F78BF9002806
:108B700003D0BDE81040F9F73DB910BD70474FF480
:108B8000FA71884203DB40F6C411884201DD0846D1
:108B9000704780B27047FBF70DBF000030B593B04F
:108BA00030216846F7F787FB14210CA8F7F783FB01
:108BB0001D480025016841F080510160006800F007
:108BC000805011901948016841F4804101600068AB
:108BD000022400F4804011900120009000040190D4
:108BE0008001CDE9064008AA0420A82182E81300EC
:108BF0000B906846FCF772F808B172B6FEE70CA954
:108C00000F2081E831004FF4A0500F904FF48050B6
:108C1000109005210CA8FBF777FF002801D072B651
:108C2000FEE713B030BD0000403802400070004045
:108C30000248016841F470010160704788ED00E06E
:108C4000002803DAB0F1004F01D0404270476FF0C6
:108C500000407047884201DA084670479042FCDDC8
:108C6000104670470A4810B54068FFF7E9FF322206
:108C70003C2801DC002010BD4FF47A716E2804DA24
:108C8000BDE810403C3800F05FB8084610BD000059
:108C90007C1300202DE9F047894605469046A8211F
:108CA0002748F7F708FB274C002688F001072670B5
:108CB000A660E66026616661A661E661266266627C
:108CC0006670A670E6702771A6626671E662A6718C
:108CD00026631B486663B021B038A663F7F7EBFA4A
:108CE0002846174DC5E9000985F89D7085F89E80D6
:108CF00085F861606E6640F272670126A5F87870AB
:108D000085F8A060B8F1000F01D0022000E001203A
:108D100085F8A400F9F7B0F818B9F9F787F8002832
:108D20000AD03846F9F7AEF840B1F9F763F828B140
:108D3000267085F89C600120BDE8F0870020FBE7E5
:108D40007C1300203C0100202DE9F0417AB105465A
:108D50000E4685FB064102EBD2704010C317271E5A
:108D600071F1000706DB1946C5FB060105E000208E
:108D7000BDE8F081201A61EB0301D317F7F751FA30
:108D80006FF0004300221B1A8A4102DA6FF00040A4
:108D9000EEE74FF00042821A71F1FF31E8DA4FF04E
:108DA0000040E5E72DE9F04115460E468046FFF705
:108DB00059FF04464FF4167715B140F2EE2100E05A
:108DC000394632464FF47A76304600F012F80DB14B
:108DD000394601E04FF4D271224600F00AF801460C
:108DE00032464046FFF7B0FF002800DC0120BDE816
:108DF000F08110B513460446081B4FF47A721946E9
:108E0000FFF7A2FF204410BD0F4B10B55B7902465F
:108E10006FF00040062B13D2DFE803F012030609BF
:108E2000060E11B90A200BE049B12A2008E009B169
:108E3000302005E0122003E009B1242000E01020DA
:108E4000824200DC104610BD3C0100202DE9F84FA5
:108E50009F4C4FF000099F482669F9F769FF0028E9
:108E60000BD09C4D1EB1D5F8A000B04201D001201E
:108E700005E061790020012901D0BDE8F88FD5E92E
:108E80001512114401EBD1714E1030B32069B0B10D
:108E9000D5F8A010814212D90A1A901E62280ED865
:108EA000A0690023311A4FF47A7081FB0001F7F7B3
:108EB000B8F940F6B8325142FFF7CCFE8146D5F8FA
:108EC000A000A6612061206A00EB400101EB0900CF
:108ED000C11700EB917080102062E86B052190FBB8
:108EE000F1F2216A0C2391FBF3F1A846A346114449
:108EF0004C422D259627FFF7A3FE00903046FFF742
:108F00009FFE82469BF8040008B3DBF8280070B986
:108F10000098232804DA3046FFF792FE142803DB7A
:108F2000D8F8A010CBF82810DBF8280080B1D8F8CA
:108F3000A010DBF82800081AB0F5617F04D2304693
:108F4000FFF77EFEF02803DB00208BF804001CE016
:108F5000D8F83C00002802DCB9F1000F15DDBAF1A9
:108F6000500F02DA8C205A2504E0BAF1B40F05DA6A
:108F7000642046254042844200DD0446B42251422A
:108F80002046FFF767FE0446B4279BF80500DFF88C
:108F90004491DA4640F2523B09F1B009062850D21A
:108FA000DFE800F04F030B37414B12255A274621CB
:108FB0006FF04504C9F8841046E04FF47A773A46DA
:108FC00055464FF4AF70DAF82C10FFF7BDFE00F2F3
:108FD0008A213A462046FFF7B7FE0446E96A002098
:108FE000FA2901DC5A200BE059450DDAA1F2523181
:108FF0004FF4167249425A20FFF7A6FE002803DDFF
:1090000041428C4200DD0C461825C9F884007827BF
:109010001AE04FF47A724FF461712046FFF794FE24
:1090200004461225F3E74FF47A7259462046FFF7BB
:109030008BFE12250446822706E000240C252827F3
:1090400002E00020C9F884003A4651422046FFF76A
:1090500001FEDAF824205146831AAB4201DD501993
:1090600003E06C42A34200DA501B4862C9F8686012
:10907000D8F83C20C9F86C200B6AC9F87030D8F8D1
:109080003030C9F87430C9F838009AF8040089F80B
:10909000A3004C4645461046FFF7D2FD642810DA7F
:1090A000286BFFF7CDFD5A280BDA286CFFF7C8FDB7
:1090B000B0F5AF7F05DA3046FFF7C2FDB0F5827F2D
:1090C00001DB012000E0002084F8A2000120D4E6AA
:1090D0003C010020CC12002070B5104E0D4640F22D
:1090E0009E72B6F8784040F2F641FFF7B3FD001BE0
:1090F0002A466942FFF7AEFD0444A0B2F8F7C2FE6B
:1091000038B126F8784FA4F27264B460B5800120BB
:1091100070BD082086F8A400002070BD7C130020DC
:10912000F0B50268274B284D284E294F294C4FF0A7
:10913000804C984209D0604507D0A84205D0B04283
:1091400003D0B84201D0A04204D122F0700E4A6888
:1091500042EA0E0298421BD0604519D0A84217D0AF
:10916000B04215D0B84213D0A04211D01A4DA84237
:109170000ED01A4DA8420BD0194DA84208D0194D57
:10918000A84205D0184DA84202D0184DA84203D1DC
:1091900022F44075CA682A434D6922F080022A43AE
:1091A0008D68C5620D688562984201D0A04201D1E8
:1091B00009690163016841F0040101600121416115
:1091C0000260F0BD000001400004004000080040C3
:1091D000000C0040000401400040014000440140F8
:1091E0000048014000180040001C004000200040E2
:1091F00010B501F01F030121046A99408C430462F9
:10920000016A9A401143016210BD10B5846842EAB8
:10921000032224F47F440A432243826010BD826803
:1092200022F070020A4342F007018160704700009B
:10923000F0B5036A026A22F00102026242688469A0
:10924000124E24F073050C682C4323F002058B6842
:109250002B430D4DA84201D0B04205D123F00807A1
:10926000CB683B4323F00403A84201D0B04205D1B0
:109270004D6922F4407215438A692A434260846131
:10928000496841630362F0BD0000014000040140F1
:10929000F0B5026A036A23F010030362436884692D
:1092A0000D6824F4E64444EA05248D6822F0200287
:1092B00042EA05120F4D104EA84201D0B04206D12D
:1092C000CF6822F0800242EA071222F04002A84250
:1092D00001D0B04207D14D6923F4406343EA8503CE
:1092E0008D6943EA85034360846149688163026252
:1092F000F0BD00000000014000040140F0B5026A2A
:10930000036A23F4807303624368C46922F4007221
:1093100024F073050C68124E2C438D6842EA052236
:109320000E4DA84201D0B04206D1CF6822F40062AF
:1093300042EA072222F48062A84201D0B04207D15B
:109340004D6923F4405343EA05138D6943EA05133D
:109350004360C4614968C1630262F0BD000001401E
:109360000004014030B5046A026A22F480520262AD
:109370004268C3690D6823F4E64343EA05238D6818
:1093800024F4005444EA0534084DA84202D0084DA4
:10939000A84204D14D6922F4804242EA851242601B
:1093A000C36149680164046230BD000000000140EF
:1093B0000004014010B5036A046A24F00104046249
:1093C000846924F0F00444EA021423F00A020A43F8
:1093D0008461026210BD10B5036A046A24F01004AF
:1093E0000462846923F0A00324F4704444EA023246
:1093F00043EA01118261016210BD000010B5FDF762
:10940000A7FC08B1FDF7E4FD01490020487010BD3C
:10941000700200200148406A70470000700200207E
:109420000C484078082813D2DFE800F01204060840
:109430000A0C0E1008A070470AA070470DA07047D4
:109440000FA0704712A0704715A0704718A0704772
:109450001AA07047700200205432204C4150205214
:10946000554E000054322046494E442041204C497C
:109470004E450000543220504F532038354D4D009A
:10948000543220412053544F5050494E4700000061
:10949000543220555345522053544F500000000081
:1094A000543220412053544F505045440000000096
:1094B0005432204641554C54000000005432205292
:1094C000454144590000000070B50F4C0020207049
:1094D00060706062FDF7FEFE012550B1FDF72EFFC2
:1094E00048B1FDF757FEFDF7F5FB30B125700120BF
:1094F00070BD656205E0022000E003206062FDF7B8
:109500003DFF002070BD000070020020064810B52D
:109510004078062806D028B1072803D0F9F7C0FC08
:10952000002800D0012010BD7002002010B5124CA0
:10953000207800280DD0607806280BD005280BD0A5
:1095400001280BD0022809D0032807D0042805D011
:10955000002010BDFDF73CFD012010BDFDF7FEFB16
:1095600020B10120FDF762FC0028F6D000206061E8
:1095700005206070F0E70000700200202DE9FC413A
:10958000274C0746207818B1607828B1062803D008
:10959000142124A061623FE0FAF740F9FDF7FAFDDB
:1095A000FDF7CEFE68B3FDF777FE4FF4A0754FF4DC
:1095B000C37629463046FDF7B5FC30B3FDF71CFDF8
:1095C000002826D001206070A7600021E760A1700C
:1095D000E170217161712161A1716161A161E1613C
:1095E0002162616250214FF48270CDE900014FF495
:1095F000AF532A4631461448F7F710FF0120BDE863
:10960000FC81042111A0616206E0052119A06162BC
:1096100002E0062121A06162F7F700FF0020EEE7DB
:109620007002002054322C53544152545F46414939
:109630004C3D53544154452C44455441494C3D25DF
:109640006C750D0A00000000F8E9000854322C5334
:10965000544152545F4641494C3D4C494E455F533D
:10966000454E534F522C44455441494C3D256C7551
:109670000D0A000054322C53544152545F46414964
:109680004C3D53504545445F52414E47452C44455F
:109690005441494C3D256C750D0A000054322C5341
:1096A000544152545F4641494C3D434F4E54524FF2
:1096B0004C2C44455441494C3D256C750D0A000025
:1096C0002DE9FC47DFF8C8820646002598F800001F
:1096D0002F46A8B398F80100072834D0062835D0C3
:1096E00078B3AC48FDF7E4FDDFF8A89209F12C0946
:1096F00040B3A848D8F81020416A914205D190F8AB
:10970000212098F806309A4237D0C8F8101090F807
:10971000210088F80600FF281CD098F8050088B1C1
:109720009C48FDF747FDC8B19A482C30FDF720FD55
:10973000A0B199F808000127032817D3012516E0E6
:1097400001E005E019E00220BDE8FC870120FBE70D
:109750000620D4E0012088F80500E1E798F8010030
:1097600004280AD0052808D00720C8E00025894829
:109770002C30FDF7AFFC0028F0D0FDF7FFFA85484C
:109780008030F9F7ABFF18B382483C30FDF760F941
:10979000F0B18048F030F9F7CBFAC8B17D4B3046D4
:1097A000F033A3F1B40202F1440100F08BF9794CDB
:1097B00098F80110803444F6206004290AD0052965
:1097C00008D0D8F80810711A81423CD3092096E0DD
:1097D000082094E0D8F80810711A814202D3F9F7F2
:1097E0005FFB18B1FDF7C2FA10B1CEE00D2086E0A4
:1097F000F9F756FB0028F8D098F80100042802D0A9
:109800000020034609E0A16CD8F8142001208B1A2F
:1098100003D5B3F1004F13D05B420621C8F81C30CA
:1098200088F8011008B1A3F150000090D8F80800A2
:10983000A26D311A58A0F7F7F1FDFDF7C9FB85E7D6
:109840006FF00043E9E7FDF789FA20B198F80100CD
:10985000032802D032E00A2051E04E48803000F068
:1098600023F9C0F15001002912DC0421C8F81C00C2
:1098700088F80110A0F1500100910346A16C53A09B
:10988000D8F81820F7F7CAFD0620FDF7FBFB7CE0AF
:109890004FF4C06081FB0010820542EA912028222B
:1098A0007821282801DA104602E0782800DD0846F1
:1098B0000146C8F82000FDF735FB20B198F80100FB
:1098C000012802D015E00C2019E0A06DB0F5AF5FC3
:1098D0005BD34FF4827630463146FDF723FB68B107
:1098E000022088F801003246334646A0A16DF7F702
:1098F00095FD98F80100022805D046E00B20BDE850
:10990000FC4700F0C5B8EFB398F80300052809D369
:1099100098F80200C00608D598F80400401E88F8A0
:10992000040002E0401C88F8030098F802001F21A0
:1099300001EA4000284388F802009DB198F804002D
:10994000401CC0B288F8040001280BD10321052077
:10995000CDE9000199F8083099F8092037A0A16DE8
:10996000F7F75CFD98F80320052A0ED398F8041049
:1099700003290AD33FA0F7F751FD0648803000F0D5
:1099800015F900E001E000289DD00020DCE6000091
:1099900070020020D81D002054322C46494E4953F5
:1099A000483D312C4D533D256C752C444953543D55
:1099B000256C752C4F46465345543D256C642C450B
:1099C00052523D256C640D0A0000000054322C50A8
:1099D0004F535F524541434845443D312C433D255B
:1099E0006C642C5441524745543D256C642C4F46C1
:1099F000465345543D256C642C4552523D256C64BC
:109A00000D0A000054322C505245444543454C3D0C
:109A1000312C5345415243485F4C494E453D312C12
:109A2000444953543D256C752C5441524745543D8F
:109A3000256C642F256C640D0A00000054322C4103
:109A40005F43414E443D312C444953543D256C7590
:109A50002C4D41534B3D3078253032582C4E3D250E
:109A6000752C57494E3D25752C4E4545443D257571
:109A70000D0A000054322C415F57494E3D312C48AD
:109A800049543D25752F25752C4F4B3D310D0A004E
:109A9000044910B5486207204870FDF7F3FA022028
:109AA00010BD000070020020054A5178032901D042
:109AB000042903D1806C5169401A00D500207047F9
:109AC000700200202DE9F0411F4E074686B0F06875
:109AD0001D46381A14468846C82832D30846F7600F
:109AE000FFF7E2FFF3692169CDE902105022CDE9C9
:109AF0000423617AD8F84800CDE90001B068D8F8AD
:109B000058303A1A71781148F7F788FC04F11C00B4
:109B10000FC88DE80F00B4F90E30B4F90C20B4F979
:109B20000A100BA0F7F77AFCA86DB5F89810D5F8D5
:109B3000A4208DE80700D5E9071211A06B6DF7F797
:109B40006DFC06B0BDE8F0817002002068E90008F5
:109B50005432432C52453D25642C453D25642C440C
:109B6000453D25642C43543D256C642C433D256CB8
:109B7000642C434D443D256C642F256C640D0A0014
:109B80005432572C543D256C642F256C642C4D4564
:109B9000413D256C642F256C642C44543D25752C67
:109BA0004F56523D256C750D0A0000007FB5104CD4
:109BB0000546806C60615030A0610020E061782033
:109BC00001462062FDF7AEF900280FD00320607037
:109BD000E3782279D4E905018DE80F000548A96DE5
:109BE000037A427A0448F7F719FC012004B070BDEB
:109BF00070020020041E0020B4E9000810B503F034
:109C0000E7F808B103F0FCF8044800210122417094
:109C10008270C1700171417110BD00009802002076
:109C2000054810B540780C464042204003D003F070
:109C300011F82060012010BD9802002001488068C2
:109C400070470000980200200C4810B5417819B107
:109C5000817819B10AA010BD0CA010BDC17829B13E
:109C6000007908B10CA010BD0FA010BD03F0B6F82C
:109C700008B111A010BD13A010BD00009802002073
:109C800054332053544F5050454400005433205215
:109C900045414459000000005433205041535320A3
:109CA000484F4C44000000005433204641494C20AA
:109CB000484F4C44000000005433204F202B3520E7
:109CC0002D35000054332057414954204F000000E7
:109CD000054801210170002141708170C17001713E
:109CE000417181600120704798020020044881780A
:109CF000C27840781143884380F00100704700002B
:109D000098020020064810B5417809B1807808B162
:109D1000012010BD03F0B6F8BDE8104003F058B8BC
:109D20009802002010B5074C20786178084002D0D6
:109D3000E07808B1012010BD03F062F80120A070A6
:109D4000F8E700009802002010B50D4C20786178EB
:109D500088430FD002F092FF70B1012060700020A4
:109D6000A070E07020716071A06006A0F7F756FB4C
:109D7000012010BD142000E06520A060002010BD6F
:109D80009802002054332C53544152543D312C43FB
:109D900054524C3D3534455F4F4E455F53484F5408
:109DA0005F414E54495F44524946542C5345513DFE
:109DB0004F5F544F5F504F53355F544F5F4E454791
:109DC000350D0A0070B5134C4FF00105207861780D
:109DD000084202D10220A56070BDA078B8B903F096
:109DE00051F802F0EFFF0028F6D0E57003F000F81C
:109DF0002071607958B9657102F02CFF0246207914
:109E000008B105A100E006A107A0F7F707FB0120B4
:109E100070BD000098020020504153530000000024
:109E20004641494C0000000054332C494E544547EC
:109E300052415445445F46494E4953483D312C52A6
:109E40004553554C543D25732C4D533D256C752C75
:109E5000484F4C443D414E54495F44524946540D8D
:109E60000A00000010B5FCF773FF08B1FDF7B0F869
:109E700000F076FA08B100F027FB03F059FC024924
:109E80000020487010BD0000A4020020094A137889
:109E90005B420B4201D10020704793780BB11069EF
:109EA00001E0D368C01A086050780028F4D001207F
:109EB00070470000A402002001488069704700003C
:109EC000A402002010484178407907291AD2DFE81F
:109ED00001F01904060B101217000CA0704708B10E
:109EE0000EA0704710A0704708B112A0704715A0CF
:109EF000704718A0704708B11AA070471BA07047A0
:109F00001CA070471EA07047A402002054342054A7
:109F10004F2042202B20484F4C4400005434204214
:109F20002050415353000000543420422046414900
:109F30004C000000543420504153532053544F5090
:109F4000000000005434204641494C2053544F50E7
:109F500000000000543420555345522053544F50B4
:109F60000000000054342050415353005434204624
:109F700041494C005434204641554C5400000000E7
:109F800054342052454144590000000070B5104C33
:109F9000002020706070A061FDF7D2F9012510B992
:109FA000FDF798F930B1FDF7C9F928B1FCF7D0FEFB
:109FB00020B106E0A56109E0022006E0FCF78AFE78
:109FC00010B12570012070BD0320A061002070BD7C
:109FD000A4020020064810B54078052806D028B114
:109FE000062803D0F8F75CFF002800D0012010BD40
:109FF000A402002010B5144C207800280BD0607803
:10A00000052809D004280DD001280DD002280BD036
:10A01000032809D0002010BDFCF7DAFF00F054FA45
:10A0200003F086FB012010BDFCF798FE20B1012053
:10A03000FCF7FCFE0028F6D000F046FA03F078FBAF
:10A0400004206070EEE70000A40200203EB5304C12
:10A050000546207818B1607818B1052801D0142081
:10A0600052E0FDF76DF9D8B3F9F7D8FBFDF792F898
:10A07000FDF712F94FF496714FF4B470FCF752FFEC
:10A0800078B303F03BFB68B300F056F958B3FCF724
:10A09000B3FF48B3012060700021C4E90351C4E953
:10A0A0000551A170E17021716171A171E1612162BD
:10A0B000E171616221723C22502140F24C408DE8F6
:10A0C00007004FF4FA534FF4E16240F2DC511148BB
:10A0D000F7F7A4F90121002002F07AFA01203EBD31
:10A0E00003E004E005E006E009E004200CE00520C0
:10A0F0000AE0072008E003F01BFB082004E000F062
:10A10000E3F903F015FB0620A0610020E7E700005B
:10A11000A402002094EB00082DE9FE435B4C0546A9
:10A120002078A0B36078062834D0052835D078B3DD
:10A13000042816D003F006FB554803F09DFA40B3FF
:10A14000534800F019FA20B35148443000F0E2F8C7
:10A15000F8B16078032804D0042802D000F018FF7A
:10A1600008B3FCF70BFE4B48F9F7B8FAE8B14948D9
:10A170004438FCF76DFCC0B146487030F8F7D8FDA4
:10A1800098B1A078434E40F2DC5880B11CE001E069
:10A1900005E006E00220BDE8FE830120FBE7092080
:10A1A00070E00A206EE00B206CE00C206AE0B16DDC
:10A1B000414501D3012104E0284600F0F1FD18B12A
:10A1C0000221284600F010FE284600F013FF284622
:10A1D00000F062FE607844F62067032807D0042868
:10A1E00005D0E068281AB8422FD30E204AE0FCF7C9
:10A1F000BDFD20BBF8F754FE08B305206070A078C1
:10A20000E1780840217908406071236AB26DCDE998
:10A2100000210293E168A5EB010201D01EA100E03C
:10A220001FA121A02369F7F7F9F8A07808B12169E7
:10A2300001E0E068291A607902F0A2F9ADE7E06870
:10A24000281AB84219D30D201CE0FCF787FDB0B1E5
:10A25000B06DB0F5E16F10D34FF4967745464246A6
:10A2600039460620FCF70EFE58B1032060702B46DD
:10A270003A461DA0B16DF7F7D1F800208BE70F200B
:10A2800000E01020BDE8FE4300F07ABDA4020020EB
:10A2900018210020F81F00205041535300000000F7
:10A2A0004641494C0000000054342C524553554C53
:10A2B000543D25732C4D533D256C752C41423D2555
:10A2C0006C752C444953543D256C752C42414C4CC3
:10A2D0005F4F4B3D25752C4D41585F4552525F4DA8
:10A2E0004D3D256C750D0A0054342C53544F50507D
:10A2F000494E473D312C444953543D256C752C44FF
:10A3000045433D256C642C4A45524B3D256C640DFC
:10A310000A000000064910B509784942084201D1F7
:10A32000002010BDA8220349F5F7ACFF012010BDA5
:10A330003C0100207C130020002140F28D2000F021
:10A3400006B80122002140F28D20FEF7A3BC01F1E6
:10A350007D02FB2A01D3002070470022FEF79ABC41
:10A3600001480078704700003C010020104810B5FB
:10A370000178D1B10F4C94F89D10B1B194F89F10B1
:10A3800099B14079012810D1D4F8800010F13A0F2A
:10A390000BDC2069FEF754FC052806DCA06AFEF7FA
:10A3A0004FFC782801DC012010BD002010BD00000A
:10A3B0003C0100207C1300200548007828B10548A6
:10A3C00090F89D0008B10120704700207047000000
:10A3D0003C0100207C130020092818D2DFE800F09F
:10A3E0000507090B0D0F111315000AA070470BA0EC
:10A3F00070470CA070470DA070470EA070470FA0CB
:10A40000704710A0704711A0704713A0704715A0A7
:10A410007047000049444C45000000005741495432
:10A42000000000004341505455524500484F4C44F1
:10A430000000000044414D5000000000434F5252C4
:10A44000454354005245434F5645520056495349DF
:10A450004F4E5F4C4F535400534552564F5F455239
:10A46000524F5200554E4B4E4F574E0010B50B46B3
:10A470000446052800D900244FF47A7200211846BA
:10A48000FEF7E8FB02460E480E4B41798C4210D095
:10A4900000214170C17083F86010012C01D0022CA2
:10A4A00007D101718162012C03D141620162C16156
:10A4B00081704471C26283F861405A6610BD000029
:10A4C0003C0100207C13002010B5FEF744FB094935
:10A4D000002040F2726208704871C862064981F833
:10A4E0009C0081F861004866A1F8782081F8A400FA
:10A4F00010BD00003C0100207C130020062810D273
:10A50000DFE800F0030507090B0D07A0704708A05E
:10A5100070470AA070470CA070470FA0704711A0A9
:10A52000704713A0704700004E4F4E4500000000DA
:10A5300053544152545F484F4C44000053544152CD
:10A54000545F52414D50000053544F505F415050A2
:10A55000524F41434800000053544F5050494E471A
:10A560000000000053544F505F534554544C450075
:10A57000554E4B4E4F574E002DE9F04F4FF47A7623
:10A58000B14699B00446CB460027FE4D1197287876
:10A59000404220407ED0FEF759FC0090FA484068C7
:10A5A000FEF74EFB28224FF00008142801DC40463D
:10A5B00007E03C2804DA31461438FEF7C5FB00E01A
:10A5C00030460690FEF74EFB109003210020069ABD
:10A5D000FEF70FFC0521109AFEF70BFC00F1030AB1
:10A5E0004FF47A7632460A201099FEF7ADFB12300E
:10A5F0000A90324618201099FEF7A6FB22300C90E4
:10A6000032465A201099FEF79FFB96300E90324644
:10A61000AA201099FEF798FB00F5A070DA4E0D9075
:10A62000069830641098C6F854A070640A98B06513
:10A630000C98F0656069C6F8900094F83F0030B15E
:10A6400094F8400018B1207808B1012000E0002003
:10A6500086F89F0030B396F89E00A96800286069CC
:10A660007DD088427CD0A860D6F89410B146491CB1
:10A67000C6F894103046B4F9107066890221C0E91A
:10A68000026780F8A41007F17D00C9F89880FB28C4
:10A6900039D300E0AEE085F80680C5E90C68C5F85E
:10A6A00038807FE056F8980F0022401C46F87C095D
:10A6B000072086F88800C5F81480C5F80C80C5F816
:10A6C0001C8085F8028085F8038086F84480C6F8EF
:10A6D0000080C6F80480C6F80880C6F80C80C6F86A
:10A6E0001480C6F81880F1693069084430623E2051
:10A6F0000699FEF757FB0021FEF786FB0146306AFC
:10A7000000F272602EE3A87928B1286B301AFEF7A8
:10A7100097FA0C2809DCA879401CA871686B3044B2
:10A720006863A86B3844A86303E00120A871C5E9F9
:10A730000D672E63AB79032B34D3686B4FF0010C9C
:10A7400090FBF3F1C9F80010AA6B484692FBF3F2B4
:10A75000C9F8042089F89DC089F89E8001E025E0B1
:10A7600047E0C9F81480C9F81080C9F88880C9F892
:10A770008C8089F8A18089F8A0C06E61A469C5F8B1
:10A780001C80EC6085F8028085F8038080F860808A
:10A7900085F804800324C5F8288089F8A4407BA0AC
:10A7A000F6F73CFE182140F27260DBE2884224D1C9
:10A7B0000098F0B1B16BF06A0844D6E90C1211446C
:10A7C00008444FF496727D49FEF744FA0446F0635C
:10A7D00096F8A20008B13E2000E02220002206994F
:10A7E000FEF7E0FA0021FEF70FFB014604F272606B
:10A7F000B8E2012019B0BDE8F08F62498860624874
:10A80000D0F89420521CC0F894200022C0F8982060
:10A81000B4F80A80B4F910200B9203684068A8EBE2
:10A820000305101A14900020139005904A69DAB1BC
:10A830000846C068C0B1A169814215D90F1AA7F1B5
:10A840000800702810D8A8EB02004FF47A7113901A
:10A8500080FB01013A460023F5F7E3FC4FF4C862A0
:10A860005142FEF7F7F905904648C0F81480A169F7
:10A87000C160C16901EB410205991144CA1701EB9E
:10A8800092718E10C6614FF42F714FF47A70069A50
:10A89000FEF7AFFA40F22621109AFEF7AAFA3A4CD8
:10A8A000014694F8A20008B1822000E05A204FF43B
:10A8B0007A72FEF749FA34494FF47A720023086538
:10A8C00086FB0001F5F7ADFC5A2228445142FEF701
:10A8D000C1F90F902846FEF7B3F904461498FEF725
:10A8E000AFF916900F98FEF7ABF915903046FEF7CA
:10A8F000A7F904900020554501DD012005E0CAF1CB
:10A9000000018D4201DA4FF0FF30109900290CDD73
:10A9100088B11C4991F902202AB1904203D03A2C07
:10A9200001DC0322CA70887005E004D115498870E3
:10A930000020C8700AE01348C07838B13A2C07DC10
:10A940001098002807DD0120119004E03A2C02DD68
:10A950000C490020C8700B48C1780B4880F8601083
:10A96000C0F808800B994561C160149901610F9985
:10A9700081611399C16127B1A6FB0703F21700217A
:10A980001EE028E03C0100207C13002042414C4C9A
:10A990005F484F4C442C5441524745545F4C4F4301
:10A9A0004B3D312C43583D256C642C584D4D3D2575
:10A9B0006C642C4E3D25750D0A00000084FEFFFFDF
:10A9C00002FB073206FB01214FF47A720023F5F7F0
:10A9D00028FC014600E00021E64801620599C0E933
:10A9E0000916A0F87A7016990A2901DC012100E005
:10A9F000002180F8A010D0F88820A24201D2C0F82F
:10AA00008840D0F88C30169A934201D2C0F88C203E
:10AA100011B9012180F8A1108046C06EFEF710F92F
:10AA20003C2851DA4746D8F87000FEF709F9782833
:10AA30004ADA786FFEF704F9322845DA052C43DB51
:10AA4000182C41DC049823283EDC0598FEF7F8F822
:10AA5000232839DC4FF47A7204200699FEF774F942
:10AA6000C01C00904FF47A7204201099FEF76CF924
:10AA7000014600980144C0484278521CD2B242704C
:10AA80008A4224DB002141700F2C01DB022000E010
:10AA900001200699B1F5FA7F02DB012800DD0120D3
:10AAA000002D03DDF96AA1EB000004E001DBF86A88
:10AAB00002E0F96A0844F8624FF064026FF0630143
:10AAC000FEF7C8F8F86202E0AB4800214170159922
:10AAD000514501DC002708E00C2901DC022704E0D5
:10AAE0001C2901DC032700E0042740F28A214FF4EF
:10AAF0007A70069AFEF77DF94FF4FA71109AFEF714
:10AB000078F901464FF47A7017FB00F04FF47A722F
:10AB1000FEF71AF9074601464FF47A720F98FEF7CE
:10AB200013F940420090C8F84870DDB1D6B1002D4D
:10AB300002DD002E02DB07E0002E05DD4FF4FA7186
:10AB400040F2EE20109A04E040F21A4140F2E24056
:10AB5000109AFEF74EF901464FF47A720098FEF70C
:10AB6000F3F8009098F8A20008B1052500E004254C
:10AB70004FF47A7740F272613846069AFEF739F957
:10AB800040F26C71109AFEF734F90146642015FB0F
:10AB900000F03A46FEF7D8F8054679103846069A8E
:10ABA000FEF727F94FF4AF71109AFEF722F901462C
:10ABB0003A466420FEF7C8F80B903A4629463046DC
:10ABC000FEF7C2F846423A460B990598FEF7BCF8E4
:10ABD000361AC8F84C501198C8B13D460021284695
:10ABE000109AFEF706F9099040F2E2412846109AC1
:10ABF000FEF7FFF807462A4609990098FEF7A4F8E1
:10AC000000902A4639463046FEF79EF806465A4FCF
:10AC10004FF448707979062910D2DFE801F00F036C
:10AC2000060B2A2F4FF42F7908E040F2EE2940F26C
:10AC30007E4002E081464FF4966083464FF47A727C
:10AC400049460098FEF780F805464FF47A72594657
:10AC50003046FEF779F80646544522DC0498192858
:10AC60001FDC0598FDF7ECFF23281ADC387948B182
:10AC700017E040F28A294FF4AF60DEE7814640F2E8
:10AC8000E240DAE7D8F83800FDF7DAFF142808DCEC
:10AC90000025032088F8A4002E462A46182006998D
:10ACA00039E011984FF0040958B188F8A4900022B7
:10ACB00022200699FEF776F80821109AFEF799F8F7
:10ACC0002BE00C98844209DA0D990498884205DA41
:10ACD0000598FDF7B5FF0D99884206DB062088F838
:10ACE000A40001226420069915E00A98844206DA3D
:10ACF00004990E98814202DA98F8A20028B188F8E7
:10AD0000A49000223E20069905E0052088F8A400C2
:10AD1000002222200699FEF745F898F8A41006298B
:10AD200025D00021FEF770F8C8E90C560446D8F883
:10AD30003810D8F82C004FF496720844A91908442A
:10AD40000E49FDF787FF00F27262C8F83C001198C7
:10AD500018B1F87808B1401EF870F87888F86000EB
:10AD60002146104619B0BDE8F04FFEF7B5B90121F4
:10AD7000D8E700007C1300203C01002084FEFFFF88
:10AD8000064910B58861062048700720FCF77AF95B
:10AD9000FFF79AFB02F0CCFC022010BDA4020020B9
:10ADA0000F4910B5896D40F24C4400230D4AA14271
:10ADB00001D2D36112E00A494439096A002903DA51
:10ADC000B1F1004F02D049425029F2DBD16921B1E3
:10ADD000401A3C2802D3012010BDD061002010BDD4
:10ADE000F81F0020A40200207FB51C4C02460D462F
:10ADF000A07800282ED1E0680121101A2061A170EE
:10AE0000A571B0F5FA5F01D8012000E00020144BD5
:10AE1000E07093F8A110F1B100212171D3F88C30CA
:10AE200008402362607102206070104600F0E2F872
:10AE3000284600F01BF80B4B0A4D0146443320799D
:10AE40002D6A9B6D226A8DE82D00E3780648226901
:10AE5000F6F7E4FA7FBD0121DFE70000A40200203D
:10AE60005C210020B41F002080EA0008012803D0E4
:10AE7000022803D002A0704703A0704704A07047C7
:10AE80004E4F4E450000000044495354000000005E
:10AE90005455524E0000000070B5384C054694B031
:10AEA0006069281AC82867D36561A079FFF7DEFFBB
:10AEB00001463348324ED0E9093244360069B66D56
:10AEC00002960592CDE90303A078CDE9000108B10F
:10AED000236901E0E0682B1AE06861782A1A2948A2
:10AEE000F6F79CFA284C94F8A400FFF775FA94F84A
:10AEF0009F1009B1012200E0002294F8A11009B1CD
:10AF0000012300E0002394F8A01009B1012500E01E
:10AF10000025D4F88C10CDE90F15CDE9113294F845
:10AF2000A31009B1012300E0002394F8A21009B195
:10AF3000012500E00025D4E91C120BAE0E9386E833
:10AF40002600D4E91A35D4E90D1207AE86E82E00A2
:10AF5000D4E90B35B4F8781003AEB4F87C2086E859
:10AF60002E00D4E909120091CDE90120D4E905238E
:10AF70000648A168F6F752FA14B070BDA40200208A
:10AF8000B41F00203CEA00085C210020D8EA000839
:10AF900010B51648FCF78CF908B3144914484A6AEE
:10AFA000436A9A4204D191F82130047AA34216D020
:10AFB000426291F821100172FF2912D0C07970B15C
:10AFC0000A48FCF7F7F878B108482C30FCF7D0F8BD
:10AFD00050B10648BDE810402C30FCF77BB801208A
:10AFE00010BD0121C171EBE7002010BD781F0020CA
:10AFF000A402002005498A780AB1086901E0C968FD
:10B00000401A82F0010101F0E3BA0000A40200201E
:10B0100010B5FBF79DFE08B1FBF7DAFFFFF754FA16
:10B0200002F086FB01490020487010BDCC020020D0
:10B03000094A13785B420B4201D100207047937894
:10B040000BB1106901E0D368C01A0860507800287D
:10B05000F4D0012070470000CC0200200148406A73
:10B0600070470000CC020020104841784079082940
:10B0700019D2DFE801F0180406080A0F11160CA017
:10B0800070470FA0704712A0704708B114A0704716
:10B0900017A070471AA0704708B11DA070471EA0E6
:10B0A00070471FA0704721A070470000CC0200200D
:10B0B0005435204C4150202B204F20484F4C440009
:10B0C00054352046494E442041204C494E4500000D
:10B0D000543520412054494D45204C4F434B0000EE
:10B0E000543520504153532053544F50000000001A
:10B0F0005435204641494C2053544F500000000025
:10B10000543520555345522053544F5000000000F1
:10B1100054352050415353005435204641494C008A
:10B120005435204641554C540000000054352052FF
:10B13000454144590000000070B5104C00202070BB
:10B1400060706062FCF7FCF8012510B9FCF7C2F8EA
:10B1500030B1FCF7F3F828B1FBF7FAFD20B106E0B7
:10B16000656209E0022006E0FBF7B4FD10B125702E
:10B17000012070BD03206062002070BDCC02002061
:10B18000064810B54078062806D028B1072803D015
:10B19000F7F786FE002800D0012010BDCC02002069
:10B1A00010B5174C207800280DD0607806280BD0F9
:10B1B00005280FD001280FD002280DD003280BD06E
:10B1C000042809D0002010BDFBF702FFFFF77CF92F
:10B1D00002F0AEFA012010BDFBF7C0FD20B1012046
:10B1E000FBF724FE0028F6D0FFF76EF902F0A0FA74
:10B1F00000206071E069A06105206070EAE700004E
:10B20000CC0200202DE9FC41334C0546207818B1D2
:10B21000607818B1062801D0142059E0FCF790F8A6
:10B22000E8B3F8F7FBFAFBF7B5FFFCF735F84FF496
:10B23000967631464FF4B470FBF774FE80B302F09B
:10B240005DFA70B340F28D2700213846FFF77FF892
:10B2500040B3FBF7D1FE30B3012060700020C4E999
:10B2600003506061C4E90605C4E90850A062A070FB
:10B27000E0702071E0626071A0712063E071207263
:10B280006072A072012101F0A3F947F23050CDE9BC
:10B29000006041F2185300223946104804E008E0EB
:10B2A00009E00AE00BE00EE0F6F7B8F80120BDE88F
:10B2B000FC8104200CE005200AE0072008E002F0F1
:10B2C00037FA082004E0FFF7FFF802F031FA062011
:10B2D00060620020EBE70000CC0200201CED0008BB
:10B2E0002DE9FF418B4D00278DF80C700446E86175
:10B2F0002878E8B36878072847D006284BD0C0B331
:10B30000052817D002F01EFA834802F0B5F988B379
:10B310008148FFF731F968B37F484430FEF7FAFF00
:10B3200040B36878042805D0052803D003A800F0AE
:10B3300091F970B3FBF722FD7848F8F7CFF948B3DD
:10B3400076484438FBF784FB20B374487030F7F735
:10B35000EFFCF8B1204600F0CFF9204600F016F9D6
:10B3600068786E4E042820D005281ED0A87802E008
:10B370000BE012E013E047F2305898B36869201AE6
:10B38000B0F5FA5F4BD30F20C1E0022004B0BDE856
:10B39000F08106E007E00120F8E70920B7E00A2085
:10B3A000B5E00B20B3E00C20B1E0FBF7DFFC40BBC5
:10B3B000F7F776FD28B3697806200529687000D173
:10B3C0006F71B06D2979EA6A8DE80700A87808B135
:10B3D0002B6901E0E868231AE868221A687910B13D
:10B3E0004FA101E015E050A15148F6F717F8A878F1
:10B3F00008B1296901E0E868211A687901F0C0F80C
:10B40000C9E7A86941F28831201A88427CD30D200F
:10B410007DE0E868211A414501D90E2077E0FBF76D
:10B420009DFC18B16878012802D00EE010206EE073
:10B43000B16D41F21850814266D3022068702F72BC
:10B440006F72AF723BA0F5F7E9FF68784FF496771B
:10B45000022845D19DF80C00F0B330485438407AAA
:10B46000C0F38201072916D0C0F3C200072812D00A
:10B470005FF0000000F024F9687A052830D3A87A3C
:10B4800003282DD3E8680121201A2861A9704045BE
:10B4900003D8012002E00120ECE700201E49E870FB
:10B4A000443191F8A120FAB100222A71D1F88C1010
:10B4B0001040E96268716C61B06CA862032068702A
:10B4C000204600F019F9B06DE96ACDE90010029745
:10B4D0002B79EA781D4800E016E02969F5F79EFF10
:10B4E0006878032802D00FE00122DEE700F040F880
:10B4F0003946884208DB40F2DC520620FBF7C2FCEA
:10B5000020B10420AC61687000203FE7112000F0FA
:10B510001FF83BE7CC020020A8230020882200204F
:10B5200050415353000000004641494C00000000C8
:10B53000D8EC000854352C46494E445F413D312C2F
:10B54000444953543D256C750D0A00007CED0008FC
:10B55000064910B5486207204870FBF793FDFEF7D7
:10B56000B3FF02F0E5F8022010BD0000CC0200207D
:10B5700004480549806C896A401A002800DC0020D4
:10B580007047000088220020CC02002070B52C4CAF
:10B5900005468AB0206A281AC8284ED32562A078AA
:10B5A00008B1FFF7E5FF27494FF496760DF1100C2F
:10B5B000D1E90923497A03968CE80E0021494431E8
:10B5C0008A6DA178CDE90012029009B1236901E0EA
:10B5D000E0682B1AE06861782A1A1B48F5F71EFF0D
:10B5E0001A4C94F8A400FEF7F7FE94F89F1009B1E6
:10B5F000012200E0002294F8A11009B1012300E02B
:10B60000002394F8A01009B1012500E00025D4F82A
:10B610008C10CDE90515CDE90732B4F87820A36A7E
:10B62000A16BCDE902020193049120690090D4E955
:10B63000021207486368F5F7F1FE0AB070BD00001A
:10B64000CC020020442200201CEC0008EC23002047
:10B650006CEC000870B50446002020701648FBF71B
:10B6600027FE18B3144A1549506A0B6B984204D14F
:10B6700092F82130CD79AB4218D0086392F82100BE
:10B680000125C871FF2813D0887978B10A48FBF7E3
:10B6900091FD78B108482C30FBF76AFD50B1257058
:10B6A000BDE8704004482C30FBF714BD012070BD8C
:10B6B0008D71EBE7002070BD08220020CC02002035
:10B6C0000C490B464A7A1B7A052A05D3DA0605D5BA
:10B6D0008A7A521E8A7201E0521C4A721F2202EAC2
:10B6E000430202430A72002802D0887A401C887202
:10B6F00070470000CC020020054A937883F00101D6
:10B700000BB1106901E0D268801A00F061BF00003F
:10B71000CC02002010B5FBF71BFB08B1FBF758FC6F
:10B72000FEF7D2FE02F004F801490020487010BD77
:10B7300000030020094A13785B420B4201D100202C
:10B74000704793780BB1106901E0D368C01A0860A4
:10B7500050780028F4D0012070470000000300203A
:10B760000148406B704700000003002015484178F5
:10B7700040790C2923D2DFE801F02206080A0C0EDA
:10B78000101217191B2010A0704714A0704717A0A3
:10B7900070471AA070471DA0704720A0704708B1DD
:10B7A00022A0704725A0704728A070472BA07047A3
:10B7B00008B12EA070472FA0704730A0704732A06C
:10B7C0007047000000030020543620434150545578
:10B7D00052452054415247455400000054362053EE
:10B7E0005441525420484F4C4400000054362053DA
:10B7F000544152542052414D500000005436204CC8
:10B8000041502054415247455400000054362046D0
:10B81000494E442041204C494E45000054362041B9
:10B820002054494D45204C4F434B00005436205086
:10B830004153532053544F500000000054362046CB
:10B8400041494C2053544F500000000054362053BF
:10B85000544F5020534554544C4500005436205505
:10B860005345522053544F5000000000543620508E
:10B87000415353005436204641494C00543620462B
:10B8800041554C5400000000543620524541445963
:10B890000000000070B5104C0020207060706063E4
:10B8A000FBF74EFD012510B9FBF714FD30B1FBF796
:10B8B00045FD28B1FBF74CFA20B106E0656309E0CD
:10B8C000022006E0FBF706FA10B12570012070BDDA
:10B8D00003206063002070BD00030020064810B5FF
:10B8E00040780A2806D028B10B2803D0F7F7D8FAF9
:10B8F000002800D0012010BD0003002010B51B4C13
:10B900002078002815D060780A2813D0092817D08D
:10B91000012817D0022815D0032813D0042811D0ED
:10B9200005280FD006280DD007280BD0082809D0ED
:10B93000002010BDFBF74CFBFEF7C6FD01F0F8FE42
:10B94000012010BDFBF70AFA20B10120FBF76EFAC7
:10B950000028F6D0FEF7B8FD01F0EAFE0020607185
:10B96000E06A606209206070EAE7000000030020DE
:10B9700070B5364C064688B0207818B1607818B19A
:10B980000A2801D014205DE0FBF7DAFCF0B3F7F7EA
:10B9900045FFFBF7FFFBFBF77FFC4FF48275284662
:10B9A0002946FBF7BFFA90B301F0A8FE80B3FEF77B
:10B9B000C8FC70B3012060700020C4E903606061BE
:10B9C000A061E06120626062C4E90A06C4E90C601B
:10B9D000A063A070E070207160646071A071E0638A
:10B9E0002064E071A06420726072A072E072012194
:10B9F00000F0EEFD47F230504FF49671CDE905109E
:10BA000041F21852FA2342F6E06003E011E012E03E
:10BA100013E014E0CDE900050295CDE9033242F2CE
:10BA200010734FF42F720A48F5F7F8FC012008B0A4
:10BA300070BD042006E0052004E0072002E001F0CC
:10BA400077FE082060630020F1E70000000300207B
:10BA5000ACF000082DE9F04F87B04FF0000A044623
:10BA60008DF814A0FD4DE862287850B368780B2853
:10BA700027D00A2829D050B3204600F007FB687869
:10BA8000F74F4FF482794FF4967809287ED001F071
:10BA900059FEA7F1440001F0EFFDD0B1A7F1440039
:10BAA000FEF76AFDA8B13846FEF734FC88B1687825
:10BAB0004FF42F7B01280ED0022835D0032867D001
:10BAC000B7E0022007B0BDE8F08F0120FAE70920B7
:10BAD0009BE20A2099E2204600F038FCFEF76CFC5D
:10BAE000B8B13868E86378682864D7F89400AC6126
:10BAF00028620220687000210120FEF7B7FCCDE922
:10BB0000008BE868D5E90F12231AD648F5F786FCB2
:10BB100006E0E868201AB0F5FA6F01D3122074E24B
:10BB2000204600F017FB6DE2A869261A464540D36F
:10BB3000D7F89400296A88423BD9FEF717FC30B346
:10BB4000204600F003FC32213C20FBF7EBF958B310
:10BB5000FBF752FA40B3FA20FBF728FA20B3032090
:10BB6000EC61687000210220FEF780FCB86BD7F80A
:10BB70009430BA6A39698DE80F00B7F878203146F9
:10BB8000B948D7F88030F5F749FC02E05CE010E0F6
:10BB90002DE042F21071CDF80090CDE90191E868F6
:10BBA0003223211A3C2200E00DE0B0A0F5F736FC6C
:10BBB000B6E7204600F0CAFB5E45B1D397F89F0078
:10BBC00018B1012302E006201FE20023BA6AB96B14
:10BBD000386901AC009184E80D00B7F8782031464F
:10BBE000B248D7F88030F5F719FC16200DE2E86965
:10BBF00042F21071201A00F09DFA8346C82181FBA1
:10BC00000B014FF47A720023F4F70BFB00F13C06B2
:10BC1000D22181FB0B014FF47A720023F4F701FB70
:10BC200000F13201B14200DD31463046FBF77AF9CE
:10BC300030B36878072807D0082805D0092803D032
:10BC400005A800F031FBE8B1FBF798F89848F7F742
:10BC500045FDC8B196484438FAF7FAFEA0B19448B9
:10BC60007030F7F765F878B1204600F06FFB20469A
:10BC700000F070FA68788E4EAB46032806D040E09C
:10BC80001720C2E10B20C0E10C20BEE1DBF81C0054
:10BC9000251A386900F0F6F9052806DCB86A00F0C4
:10BCA000F1F9502801DC012000E00020029042F26E
:10BCB0001070854203D3029808B1012000E00020F3
:10BCC00042F6E0618D4201D3012100E000210843EA
:10BCD00017D048464946FBF725F940B304208BF8B6
:10BCE000010000215D460846FEF7C0FBB96A3869CD
:10BCF000CDE90001E868B26D211A6E48029BF5F7A4
:10BD00008DFB9BF801005D4641F2883B092810D06D
:10BD1000072826D008283CD0A87847F2305BB8B373
:10BD20006869201AB0F5FA5F60D30F206DE1182022
:10BD30006BE1FBF71BF870B9F7F7B2F858B185F86B
:10BD400005A00A206870A87808B1296901E0E868B0
:10BD5000211A002041E0686A211A594517D30D20A5
:10BD600053E1FBF703F80028F5D1F7F799F800281D
:10BD7000F1D00820AC62687000210520FEF776FB48
:10BD8000E868BB6A211A3A694BA0F5F747FB39E12D
:10BD900026E0A86A201AB0F5C87FF8D30A20687098
:10BDA000B06D3B6929796A6C8DE80F00A87808B1FD
:10BDB0002B6901E0E868231AE868221A687908B15B
:10BDC00048A100E049A14B48F5F728FBA87808B145
:10BDD000296901E0E868211A687900F0D1FB74E66E
:10BDE000E868211A594501D90E200EE1FAF7B6FF8D
:10BDF00018B16878042802D011E0102005E1B16D77
:10BE000041F21850814228D30520687085F809A0B6
:10BE100085F80AA085F80BA037A0F5F7FFFA687837
:10BE2000052875D19DF81400002816D020485438F4
:10BE3000407AC0F38201072975D0C0F3C2000728F9
:10BE400071D0002000F066FAA87A052860D3E87A5D
:10BE500003285DD3E868201A5CE0D3E000030020EB
:10BE60007C26002058F1000858F0000854362C5366
:10BE7000544152545F52414D503D312C4D533D255C
:10BE80006C752C5350443D256C642F256C642C54E8
:10BE900041524745543D256C642F256C642C52411A
:10BEA0004D503D256C750D0A000000009CEF000808
:10BEB0001825002004EF000854362C53544F505FCF
:10BEC000534554544C453D312C4D533D256C752CF8
:10BED0004552524D4D3D256C642C56463D256C64B3
:10BEE0000D0A000050415353000000004641494CE8
:10BEF0000000000048EF000854362C46494E445FCD
:10BF0000413D312C444953543D256C750D0A0000C8
:10BF100038E008E04FF0010A286185F802A0584592
:10BF200003D8012002E001208CE70020E87097F898
:10BF3000A11059B300212971D7F88C2008406A64F8
:10BF400068716C61B06C4F46A86348463946FAF791
:10BF5000E9FFE8B185F806A00620687000210320FB
:10BF6000FEF784FA204600F0F1F9B16DCDE90287C1
:10BF700001910497686C00902B79EA78244829692C
:10BF8000F5F74CFA6878062804D03BE00121D2E7A7
:10BF900013203AE0A879022818D200F0BDF8A028B2
:10BFA0000EDB8C21B420FAF7BDFF68B10220A87126
:10BFB00000F0B2F801468C23B42216A0F5F72EFA51
:10BFC0006878062802D01DE015201EE000F0A4F8D5
:10BFD000404517DB4FF448763246B4210620FAF785
:10BFE00051FF88B107206C62687000210420FEF7C1
:10BFF0003DFA14483246816A0091436AB42112A086
:10C00000F5F70CFA00205DE5112000F075F859E510
:10C010003CEE000854362C53544F505F46494E4175
:10C020004C5F53544147453D312C504F53543D25AF
:10C030006C642C5350443D256C642F256C640D0AB0
:10C0400000000000D424002054362C53544F505F7D
:10C0500050524F46494C453D312C444543454C3D9B
:10C06000256C642C4A45524B3D256C642C454E543E
:10C0700052595F5350443D256C642F256C640D0A62
:10C0800000000000002800DA4042704770B5194AED
:10C090000024214653789B1E072B25D2DFE803F0AE
:10C0A000040A242410161C0091690124401A4FF43C
:10C0B0002F7116E0D1690224401A42F2107110E08B
:10C0C000032400F029F84FF496710AE0516A042421
:10C0D000401A40F2DC5104E0916A0524401A4FF402
:10C0E000C87100F027F801462046BDE87040FEF711
:10C0F000BDB9000000030020064910B548630B20BD
:10C1000048700720FAF7BEFFFEF7DEF901F010FBDA
:10C11000022010BD0003002004480549806C896B93
:10C12000401A002800DC002070470000182500207D
:10C130000003002010B54FF47A7209B1884201D390
:10C14000104610BDA0FB02040A4600232146F4F766
:10C1500037F810BDF0B5424C05468BB0206B281A5D
:10C16000C8287BD32563A07808B1FFF7D5FF3D49E8
:10C170000DF11C0CD1E915360F6CB4398A798CE8B5
:10C18000CC00D1E90923497A4FF4967604AF03969F
:10C1900087E80E00334970398A6DA178CDE9001225
:10C1A000029009B1236901E0E0682B1AE068617828
:10C1B0002A1A2D48F5F732F92A4CF43494F8A400E1
:10C1C000FEF70AF994F89F1009B1012200E000225D
:10C1D00094F8A11009B1012300E0002394F8A01005
:10C1E00009B1012500E00025D4F88C10CDE9051532
:10C1F000CDE90732B4F87820A36AA16BCDE9020239
:10C200000193049120690090D4E9021217486368F1
:10C21000F5F704F994F86100FEF770F9626E94F88E
:10C220006030D4F884100891CDE9060204F1500181
:10C2300005930FC901AE86E80F00E06C009004F191
:10C2400040010B480EC9F5F7E9F8B4F87C000090FE
:10C25000D4E90C1207A0E36BF5F7E0F80BB0F0BDE2
:10C26000000300208825002098EE0008ECEF00086D
:10C27000CCED000854364354524C2C504F533D25BE
:10C280006C642C44414D503D256C642C4354524CFD
:10C290003D256C642C535445503D25752C43484135
:10C2A00053453D310D0A000070B504460020207052
:10C2B0001648FAF7FDFF18B3144A1549506A8B6CFB
:10C2C000984204D192F821300D7AAB4218D088649C
:10C2D00092F8210001250872FF2813D0C87978B19F
:10C2E0000A48FAF767FF78B108482C30FAF740FFA0
:10C2F00050B12570BDE8704004482C30FAF7EABE12
:10C30000012070BDCD71EBE7002070BD98240020A6
:10C31000000300200C490B468A7A5B7A052A05D374
:10C32000DA0605D5CA7A521ECA7201E0521C8A7218
:10C330001F2202EA430202434A72002802D0C87A4E
:10C34000401CC8727047000000030020054A937823
:10C3500083F001010BB1106901E0D268801A00F08E
:10C3600037B90000000300200148C0787047000082
:10C3700088010020014800797047000088010020F2
:10C3800070B5124C02200025E0702571A57000F0F8
:10C39000EFF9E56025616561A561E561A562E5628A
:10C3A00025636563681EA563606209A10C4800F0FF
:10C3B000E9F90B480BA1163000F0E4F901202070D8
:10C3C000607000F05BFA012070BD00008801002061
:10C3D0005341464520534B454C45544F4E000000B9
:10C3E0005C1800204E4F4E450000000070B5454CD3
:10C3F000207800287DD02079012509285DD2DFE84A
:10C4000000F05C5C052138385C4450000020F5F7F2
:10C4100039F900284FF001000DD0F5F733F9E07835
:10C42000062801D3022001E0401CC0B2E070A06ADF
:10C43000401CA06213E0F5F725F928B300F098F945
:10C4400003200BE00020F5F71DF900284FF0010054
:10C4500007D0F5F717F900F08BF90220207165700D
:10C4600031E0F5F70FF978B16571E06A401CE062E0
:10C4700029E00020F5F706F90120F5F703F918B1D6
:10C48000A571206B401C20631DE00020F5F7FAF831
:10C490000120F5F7F7F8B0B1E571606B401C6063FF
:10C4A00011E00020F5F7EEF80120F5F7EBF850B1B8
:10C4B0002572A06B401CA06305E00020F5F7E2F8B0
:10C4C0000120F5F7DFF8F7F719FFE1686422B1FB07
:10C4D000F2F22179042903D0052901D0062909D1D6
:10C4E000616A8A4206D0216A401A642802D36570C4
:10C4F00003E006E06078002803D0BDE8704000F05B
:10C50000BDB970BD8801002008490A6982420BD07C
:10C5100008610879042805D0052803D0062801D031
:10C52000072801D1012048707047000088010020D1
:10C5300006496423CA68C860B2FBF3F2B0FBF3F3A8
:10C540009A4201D001204870704700008801002005
:10C550002DE9F04117460E46054600F009F9064C54
:10C5600039460648C4E9065600F00CF90820207147
:10C5700001206070BDE8F081880100207218002061
:10C5800010B504460846FFF7D3FF0CB104A000E045
:10C5900005A000F057F8BDE81040072000F040B8B3
:10C5A00050415353000000004641494C0000000038
:10C5B00010B5064C2178002907D0A178814204D01B
:10C5C000A070FBF77DFE0120607010BD8801002087
:10C5D00010B50C46FFF7ACFF002C0ED10748C07811
:10C5E000042808D0052801D0062806D104A0BDE8FB
:10C5F000104000F027B806A0F9E710BD8801002020
:10C60000412054494D45204C4F434B4544000000C8
:10C61000422054494D45204C4F434B4544000000B7
:10C6200070B5074C05462078002807D02079A8422D
:10C6300004D000F09DF825710120607070BD0000ED
:10C640008801002010B586B00446162209496846C4
:10C65000F3F718FE2146074800F094F81622054922
:10C660006846F3F733FE002802D0034901204870E2
:10C6700006B010BD5C1800208801002003494A69FB
:10C68000824202D048610120487070478801002032
:10C6900005480178C279114201D10020704700217C
:10C6A000C171012070470000880100200548017811
:10C6B000027A114201D1002070470021017201204D
:10C6C000704700008801002006490A784B791A4219
:10C6D00001D10020704700224A7108B1C978017069
:10C6E00001207047880100200548017882791142B5
:10C6F00001D10020704700218171012070470000A6
:10C7000088010020801E05280ED2DFE800F0030516
:10C7100007090B0005A0704707A0704709A07047E4
:10C720000BA070470DA0704710A0704732204C41FD
:10C73000502053544F500000332042414C4C205362
:10C74000455100003420412D4220484F4C44000008
:10C7500035204C415020484F4C44000036204C417D
:10C760005020544152474554000000003F00000053
:10C770000348002141718171C1710172704700004D
:10C7800088010020002200280AD019B906E083544D
:10C79000521CD2B28B5C0BB1152AF8D30021815404
:10C7A0007047000010B50446014608A20020F5F7C6
:10C7B00063F90748214602690C20F5F770F9214614
:10C7C000BDE8104003A25420F5F756B9443A0000E2
:10C7D000880100204D4D000070B5054614484FF407
:10C7E0007A71C068B0FBF1F46421B0FBF1F00A216A
:10C7F000B0FBF1F201FB12060EA229460020F5F76C
:10C800003BF9224629460C20F5F749F90AA22946A8
:10C810004820F5F731F9324629464E20F5F73FF921
:10C820002946BDE8704005A25A20F5F725B9000059
:10C8300088010020543A00002E0000005300000040
:10C8400070B505460A480C46C078814201D109A25C
:10C8500000E009A229460020F5F70EF92046FFF76F
:10C8600051FF2946BDE8704002460C20F5F704B997
:10C87000880100203E0000002000000010B5604C40
:10C880002046A178007939B104280DD005280BD0B5
:10C89000062809D0072807D008287CD2DFE800F056
:10C8A00008171A374D676A87E068FBF70FFD9CE0B1
:10C8B000F5F7ACF853A201210020F5F7DDF855A2F9
:10C8C00003210020F5F7D8F855A205216BE000F010
:10C8D00075F98AE0F5F79AF8002154A20846F5F7B1
:10C8E000CBF802210120FFF7ABFF03210220FFF765
:10C8F000A7FF04210320FFF7A3FF05210420FFF772
:10C900009FFF06210520FFF79BFF4DA22DE0F5F7C5
:10C910007DF800214EA20846F5F7AEF8E078FFF763
:10C92000F1FE024602210020F5F7A6F84BA20421F1
:10C930000020F5F7A1F84CA234E0F5F767F80021E4
:10C940004BA20846F5F798F8E078FFF7DBFE0246C1
:10C9500002210020F5F790F80420FFF73DFF484A38
:10C9600006210020F5F788F846A207211BE000F019
:10C97000E1F83AE0F5F74AF8002144A20846F5F755
:10C980007BF8E078FFF7BEFE024602210020F5F7B3
:10C9900073F8042000E026E0FFF71EFF0520FFF7F4
:10C9A00001FF374A06210020F5F766F81DE0F5F78C
:10C9B0002DF8002139A20846F5F75EF8E078FFF778
:10C9C000A1FE024602210020F5F756F80420FFF7E9
:10C9D00003FF0520FFF7E6FE294A06210020F5F7B0
:10C9E0004BF832A2C1E700F065F800206070F7F75D
:10C9F00085FC2062E0686421B0FBF1F0606210BD4C
:10CA00008801002032303236482053595354454D66
:10CA1000000000004D41494E204150502056310049
:10CA2000424F4F54494E472E2E2E000032303236A0
:10CA300048205441534B2053454C4543540000007B
:10CA400055503A4E455854204B303A4F4B00000059
:10CA50005441534B2041524D454400004B303A5312
:10CA6000544152540000000055503A4241434B009B
:10CA70005441534B205354415254494E47000000F7
:10CA80005C1800204B303A53544F50005441534BE4
:10CA90002053544F5050494E470000005441534BCF
:10CAA0002046494E49534845440000004B303A4D1A
:10CAB000454E550010B5F4F7A9FF002112A2084613
:10CAC000F4F7DAFF124A02210020F4F7D5FF11A291
:10CAD00004210020F4F7D0FF104C04212420A26987
:10CAE000F4F7DDFF0EA206210020F4F7C5FF0621B2
:10CAF0002A20E269F4F7D3FF0721BDE810400AA21B
:10CB00000020F4F7B9BF00004641554C5400000026
:10CB100072180020434F44453A000000880100206D
:10CB200044455441494C3A004B303A5245534554E0
:10CB30000000000010B5F4F769FF002113A20846B9
:10CB4000F4F79AFF154CE078FFF7DCFD024601216F
:10CB50000020F4F791FF0320FFF73EFE0420FFF7CB
:10CB600021FE0F4A05210020F4F786FF207D800773
:10CB700004D50CA206210020F4F77EFF0721BDE8B2
:10CB800010400D4A0020F4F777BF00005441534B8A
:10CB90002052554E4E494E470000000088010020AB
:10CBA0005C1800204E4F204D4F54494F4E204F559A
:10CBB000545055540000000084CA000810B5F4F722
:10CBC00025FF002111A20846F4F756FF12A2022108
:10CBD0000020F4F751FFF5F70DF808B111A200E0BD
:10CBE00013A203210020F4F747FF144A0521002077
:10CBF000F4F742FF1248007D800706D50721BDE803
:10CC0000104010A20020F4F737BF10BD53454C462A
:10CC100020434845434B00004B4559203A204F4B99
:10CC2000000000004F4C45443A204F4B00000000EC
:10CC30004F4C45443A205245545259005C1800204C
:10CC4000880100205441534B3A20534B454C4554E6
:10CC50004F4E0000084810B5817809B1006A10BD38
:10CC600001784079014205D0F7F748FBBDE8104054
:10CC7000F5F72ABD002010BDC8000020F0B5334CE8
:10CC800087B0002525706570A570E570257140F2AC
:10CC90008D26268140F272676781E56225636563B0
:10CCA000A563E56325646564A56429A0E564E06087
:10CCB000A57125656565F5F755FDE666E5612562B3
:10CCC000266765616571A566F4F776FA00282FD0AE
:10CCD000F5F7ACF870B33846F5F7D4F860B3F5F76C
:10CCE00089F858B300F00AFD012500282BD06570A3
:10CCF00019A000BFF4F792FBF7F700FB2061A061D9
:10CD00006062A0620DF1080C257002230A222B211B
:10CD10001E208CE80F0040F2BF10CDE9000740F262
:10CD20006533324641F288311048F4F777FB012031
:10CD300007B0F0BD0EA002E012A000E017A0F4F7CB
:10CD40006DFB0020F4E71AA0D4E70000C800002023
:10CD5000484F4C44000000004F4B2C564953494F5C
:10CD60004E5F494E49540D0A0000000094E6000849
:10CD70004552522C534552564F5F494E49540D0A65
:10CD8000000000004552522C534552564F5F534508
:10CD9000545F4E45555452414C0D0A004552522C99
:10CDA000534552564F5F454E41424C450D0A0000D7
:10CDB0004552522C564953494F4E5F494E49540DE6
:10CDC0000A0000000148807870470000C800002079
:10CDD0000148007870470000C80000200349087827
:10CDE0004A7989781040884370470000C8000020C5
:10CDF00002498878C978084070470000C8000020C0
:10CE000070B5104C207800281AD040F27265284680
:10CE1000F5F738F800F08CFCF4F7D4FF0020207010
:10CE20006070E07808B108A104E0A07808B108A11A
:10CE300000E009A12A46BDE8704009A0F4F7EEBA67
:10CE400070BD0000C8000020504153530000000096
:10CE50004641494C0000000041424F52540000003E
:10CE600042414C4C5F42414C2C53544F502C524544
:10CE700053554C543D25732C50554C53453D257509
:10CE80000D0A0000F0B59BB0F4F7CAF96D4C20789C
:10CE900000287DD06078002640F2726788B300F0E9
:10CEA00051FC607868B309A800F0E6FB48B3F7F7D7
:10CEB00025FA05469DF86300002853D00E98E16AD4
:10CEC00088424FD0E0629DF8240050B3BDF82E0098
:10CED0006063BDF934106FF03102A163511AE16350
:10CEE0002189091AE1640121A1712663216C69B1CC
:10CEF000411A6164A26C114401EBD1714910A16423
:10CF000006E0FFE7F7F7FAF905462BE06664A6644A
:10CF100020642079062821D2DFE800F0080C1014E4
:10CF2000181DA671206B401C20631BE02846F5F7F6
:10CF300023FB17E02846F5F78FFA13E02846F5F7AC
:10CF4000E1FA0FE02846F5F72BFA0BE0294601201D
:10CF5000F5F7C8F806E0F5F7B3F903E03AA138466B
:10CF6000F5F70AFC206B0A2807D32079052804D09E
:10CF700039A13846F5F700FC26636079A17888432B
:10CF800019D02846F5F7A0FB41F28831884200E02D
:10CF90004AE010D30620207140F2BF102081616B5F
:10CFA000401AE06428A13846F5F7E6FB2A462DA191
:10CFB0000020F5F793FBA06A281AB0F57A7F10D30A
:10CFC000A5622079F5F7F4FB0146D4E912206678D2
:10CFD00063898DE84D002069636B2A1A2448F4F7B1
:10CFE0001DFA606A281A32281ED36562A0790028CB
:10CFF00020791BD0F5F7DCFB014605AFE0686289BC
:10D00000A66EA36D87E84D0004F1440026890DC883
:10D01000CDE90302CDE90163A06B00902069636B49
:10D020002A1A1448F4F7FAF91BB0F0BDF5F7C0FB63
:10D030000146608900902069236B2A1A0EA0F4F73C
:10D04000EDF9F1E7C800002054494D454F55545FB4
:10D05000484F4C4400000000564953494F4E5F4C26
:10D060004F53540052554E5F4C494D4954000000F7
:10D0700050E800089CE8000842414C4C5F42414C9B
:10D080002C53544154453D25732C543D256C756DEE
:10D09000732C4E4F5F5441524745542C4C4F5354C0
:10D0A0003D256C752C50554C53453D25750D0A009A
:10D0B0000148F8F7A5BC0000DC16002010B5806B15
:10D0C0000021C185F8F78FFC10BD70B5846B206816
:10D0D000406994F84110C0F3C0100025212904D103
:10D0E00018B1E584204600F062F82068406994F8A1
:10D0F0004210C0F38010222904D118B1E5852046E2
:10D1000000F02EF8606C40F0100060642046F8F7E4
:10D110006AFC70BD10B50146806B09680968C905D5
:10D1200016D40021C1840168143151E8002F22F087
:10D13000800241E80023002BF5D101680C3151E851
:10D14000002F42F0400241E80023002BF5D110BD32
:10D15000F8F709FF10BD10B5806BF8F70DFF10BD93
:10D1600001680C3151E8002F22F4907241E800234D
:10D17000002BF5D10168143151E8002F22F0010293
:10D1800041E80023002BF5D1016B012909D1016889
:10D190000C3151E8002F22F0100241E80023002B4F
:10D1A000F5D1202180F84210002101637047016809
:10D1B0000C3151E8002F22F0C00241E80023002B7F
:10D1C000F5D1202180F84110704708B590F8421041
:10D1D000222901D0022008BD82684FF480539A4270
:10D1E00001D1016921B1816A9A421BD04AB10AE09A
:10D1F0000268816A5268C2F308020A80816A891C47
:10D2000008E0026972B10268526802F07F020A7097
:10D21000816A491C8162C18D491E0904090CC185BE
:10D2200003D01BE002685268F1E70168CA6822F087
:10D230002002CA600168CA6822F48072CA6001686C
:10D240004A6922F001024A61202180F8421000213F
:10D250004163026B012A03D0F8F720FE002008BDCD
:10D26000016301680C3151E8002F22F0100241E8FF
:10D270000023002BF5D101680A68D20602D50A689E
:10D2800049680091818DF8F7C9FAE7E770B504465F
:10D2900000680169E26821F440511143016121698C
:10D2A000A068E26908436169114308432168CA68BC
:10D2B00049F20C639A430243CA6020684169A2693B
:10D2C00021F440711143416131492068884202D004
:10D2D0003049884202D1F7F7C1FC01E0F7F7AEFC14
:10D2E000E2690023192164253226B2F5004F6268F5
:10D2F00028D0A0FB0101930F9200F2F761FF0146D5
:10D30000B0FBF5F06FF01802504301EB800006EB24
:10D310000010B0FBF5F000F0F002B1FBF5F002EB0D
:10D320000012B1FBF5F06FF01803584301EB8000D9
:10D3300006EB0010B0FBF5F000F00F002168104480
:10D34000886070BDA0FB010192185B41F2F738FFC5
:10D350000146B0FBF5F00201B1FBF5F06FF01803E8
:10D36000584301EB800006EBC000B0FBF5F000F085
:10D37000F80002EB4002B1FBF5F0584301EB8000EE
:10D3800006EBC000B0FBF5F000F00700D6E70000A8
:10D39000001001400014014081628285C285002195
:10D3A0004164222180F84210016921B10168CA68F4
:10D3B00042F48072CA6001684A6942F001024A611F
:10D3C0000068C16841F02001C16000207047000082
:10D3D0000148F8F715BB0000241700200148F8F7B2
:10D3E0000FBB00006C1700200148F8F709BB0000D4
:10D3F000B4170020FEE7000010B5992802D86FF09E
:10D40000770010BDB0F5916F23D2134A002100BF01
:10D4100002EB41035B88834217D332F8113002EBF1
:10D420004102C01A5288D21A0B4B0A3303EB410453
:10D4300033F91110B4F90240631A584300EB52005B
:10D44000B0FBF2F0084400B210BD491CC9B2042977
:10D45000DED3782010BD000076E6000870B5040029
:10D4600036D0FAB10D2933D0002594F862000A298C
:10D4700001D0B8B917E020B184F86250A4F8605028
:10D4800026E0B4F8601069B1204600F029F8A4F84D
:10D49000605020B1606E401C6066012070BDA06EBF
:10D4A000401CA06614E0B4F8600060280BD3012093
:10D4B00084F8620024F8605FE068401CE060A068C7
:10D4C000401CA06004E0215434F8600F401C208010
:10D4D000002070BD002802D07021F2F7ECBE70472A
:10D4E0002DE9F04F144689B00322ADF82020002822
:10D4F00078D0002C76D0042974D30278532A71D1C5
:10D500004278422A6ED182782C2A6BD10022E946D9
:10D510000026804608AF09EB820AB446DFF820B146
:10D520000AE0303B5E455DD806EB86066D1C03EBDA
:10D5300046063D804FF0010C3D888D4205D218F81B
:10D540000530302B01D3392BEBD9BCF1000F49D07A
:10D55000521CCAF80060082A09D2BDF820308B425C
:10D5600040D2C55C2C2D3DD15B1CADF82030D2B231
:10D57000082ACDD3BDF82000884233D10098012875
:10D5800030D898B301994FF4A06081422AD2039910
:10D59000814227D20599814224D202994FF47070BA
:10D5A00081421FD2049981421CD20699814219D22C
:10D5B0000798B0F57A7F15D803990198884211D859
:10D5C0000499029888420DD8039901980844059956
:10D5D000B1EB500F06D10499029808440699B1EBBB
:10D5E000500F11D0002009B0BDE8F08FFFE70120F7
:10D5F0004FEA090151F82020002AF3D1401CC0B2A3
:10D600000828F7D3009808B1012100E0002121701B
:10D61000019860800298A0800398E080049820819F
:10D62000059880B26081069AA281079AE28111B1C1
:10D63000FFF7E2FE00E0002020820120D3E7000097
:10D64000A086010010B5012209490A48F8F718FC24
:10D6500028B1002106488170817811B106E00121CE
:10D66000F8E74169491C41610121C170807810BD12
:10D6700068000020B417002030B587B0040031D016
:10D680006846F4F72BFC68B3F6F738FE054612221D
:10D6900018492046F2F7F6FD1748416861611549BF
:10D6A00082687039A2614B6EE3618B6E2362C96E32
:10D6B00061620099A1620199E16202992163039973
:10D6C00061630499A163BDF81410A187017884F8FF
:10D6D0003E10407884F83F0038B1A81A642804D876
:10D6E000012003E0002007B030BD002084F8400096
:10D6F0000120F8E7081C00202402002010B50A4C85
:10D7000000201221207060706060A0600748F2F76E
:10D71000D2FD06487038FFF7DDFEF4F705FC00285F
:10D7200001D00120207010BD24020020081C002020
:10D7300010B5F4F777FC024800210170417010BD6C
:10D740002402002030B5124C87B0207800281CD06D
:10D75000F4F728FC012513E06A469DF814100D48E3
:10D76000FFF77CFE60B10B48122269467030F2F779
:10D7700089FD6068401C6060F6F7C0FDA0606570C0
:10D7800005A8F4F7F7FB0028E6D107B030BD00008C
:10D7900024020020981B002020B190F8621009B1EB
:10D7A000406A70470020704728B190F8621011B1AC
:10D7B000B0F9280070470020704740B190F862101F
:10D7C00029B1006BC11700EB915080127047002007
:10D7D000704720B190F8621009B1006A70470020CC
:10D7E000704720B190F8621009B1C06A70470020FC
:10D7F000704720B190F8621009B1C06970470020ED
:10D80000704720B190F8621009B18069704700201C
:10D81000704770B50C46050025D024B32068002859
:10D8200021DB606800281EDBA06800281BDBB4F940
:10D830000C00002817DBB4F90E10002913DD884214
:10D8400011DCB4F9100000280DDB88420BDCB4F9C0
:10D850001200002807DB884205DCA08A18B1A07DF1
:10D8600008B1082801D9002070BD64212846F2F7CC
:10D8700022FD182221462846F2F704FD012085F8F2
:10D88000620070BD28B190F8621011B190F83600B6
:10D8900070470020704700281CD090F862100029C3
:10D8A00018D00021816141620185C16201638186D6
:10D8B00080F836108163C163016441648164C1648E
:10D8C000016541658165C16580F8601080F861106F
:10D8D000C1610162704740B190F862202AB182694B
:10D8E000002A04DD002905DB06E00020704703DA8A
:10D8F000002901DD012200E00022521E114206D162
:10D90000002202630285C262828680F8362081612D
:10D91000012070472DE9F05F1546040060D094F8AF
:10D92000620000285CD0002D5AD0204600F00DF98E
:10D93000216AA0694FF0000A411A6162F0B32046E3
:10D9400000F0BEF82085616A20684FF4806B80FB90
:10D9500001675A46002330463946F2F762FC47F623
:10D96000FF73DA4300F0E3F8E062616A6068A28A5C
:10D9700080FB013CA3FB05080CFB058503FB0A515A
:10D980000023F2F74EFCB4F910209302226B10181A
:10D9900041EBE271C3F1000200F0C9F8B4F92820AC
:10D9A0000546D117890241EA92519202921941EB40
:10D9B00007085619914648EBE07100E013E05A461B
:10D9C00053463046F2F72DFCB4F90E60F717321AC1
:10D9D00077EB010212DA626A002A0FDD01220EE003
:10D9E0000020BDE8F09FA4F828A0C4F82CA0C4F83B
:10D9F00030A0A4F834A084F836A0F1E70022002378
:10DA0000D6F1000C63EB0703B0EB0C00994104DA8C
:10DA1000606A002801DA012000E00020024300D102
:10DA20002563206B5A46C31719EB000048EB03012E
:10DA30000023F2F7F6FB321A77EB010207DB002234
:10DA4000734262EB0702C31A71EB020201DA012290
:10DA500000E0002284F83620321A77EB010208DB5E
:10DA60000022734262EB0702C31A914100DA70424E
:10DA700006B2A686A169002902DD002E03DB04E0C0
:10DA800003DA002E01DDA4F834A0B4F93420B4F98F
:10DA9000120049B1002807DD002A05D006DD002963
:10DAA00002DB1146814205DB104607E00029FBDC62
:10DAB0005142F7E7002A01DC404200B2A08690E71D
:10DAC0002DE9F04184690546002C06D008DA4FF0B4
:10DAD0000000614260EBE47004E00020BDE8F081EA
:10DAE0002146E017AA68A2FB0167D31703FB017167
:10DAF00002FB00114FF40070301841F100014FF4A7
:10DB000080620023F2F78DFBB5F90C20D317821841
:10DB1000B5F90E005941C317851A8B4100DA024648
:10DB2000002C01DD10B2D9E7504200B2D6E730B583
:10DB3000D417851A71EB040401DA104630BDDA17E8
:10DB40001C1A8A41FADA184630BD2DE9F0410E461A
:10DB500004464FF47A7786FB07014FF0000815461C
:10DB60004346F2F75EFBE06194F8601094F86120A0
:10DB7000A37DC8B204EB40009A420AD3B0F9383012
:10DB8000A26DD21AA265B0F84830E26DD21AE265F1
:10DB900002E0521C84F861200687A0F84850A06D6E
:10DBA000491C8319A365E06D4219C8B2E265A17DE5
:10DBB000814200D8002084F860003AB183FB07015D
:10DBC0000023F2F72EFB2062BDE8F081C4F820802C
:10DBD000FAE700007CB5491E1C461546CDE9000158
:10DBE000044B6A462146284600F0D8F8009A0021E6
:10DBF00011707CBDCBE400080907090E002804DB86
:10DC000000F1E02080F80014704700F00F0000F1F0
:10DC1000E02080F8141D704702E008C8121F08C1F8
:10DC2000002AFAD170477047002001E001C1121F9D
:10DC3000002AFBD1704700002DE9FF5FDDE90220DB
:10DC4000010DDDF838B0024318D044F61050A1F2AF
:10DC5000FF3141430D140F98012820D0A5EB0B0094
:10DC6000401C5FEA000A4FF00004474EDFF81C91A9
:10DC7000A046504616D5CAF1000728E00F980124A7
:10DC800043A2012808D0002100980F9BC0E9002181
:10DC9000C0E90243BDE8FF9F6FEA0B01F4E7CBF157
:10DCA0000000DEE7074612E0F80707D022463346B9
:10DCB00040464946F2F7F3FB804689462246334602
:10DCC00010461946F2F7EBFB04460E467F10002F74
:10DCD000EAD1DDE90201BAF1000F42464B4602DA11
:10DCE000F2F7DDFB01E0F2F74CFC04460E460022A1
:10DCF000284BF2F7CDFC03D84FF0FF30014607E088
:10DD00000022254B20463146F2F722FBF2F7A8FC11
:10DD1000102409E0002C0ADB0A220023F2F750FA53
:10DD2000019B30321A55641E50EA0102F2D1641C84
:10DD3000019AC4F1110314440F9A012A03D001225D
:10DD400008430DD10AE0084304D000204FF0110B26
:10DD50000F9080E7A3EB0B056D1E0DE05B4504DD26
:10DD60004FF0000205F1010504E003DA4FF0000274
:10DD7000A5F10105002AECD000980F99C0E9023105
:10DD8000C0E9004586E70000000024400000F03FA5
:10DD9000300000000000F0430000E03F2DE9FF4F9D
:10DDA00095B09B468946064600250FE2252877D187
:10DDB00000242746F84A0121059400E0044316F8A0
:10DDC000013F203B01FA03F01042F7D130782A28B6
:10DDD00011D06FF02F033078A0F13002092A16D845
:10DDE000059A44F0020402EB820203EB4202104463
:10DDF000761C0590EFE759F8042B0592002A03DA08
:10DE0000504244F40054059044F00204761C3078EB
:10DE10002E2816D116F8010F44F004042A280DD03C
:10DE20006FF02F023078A0F13003092B09D807EBEF
:10DE3000870302EB4303C718761CF3E759F8047B0A
:10DE4000761C30786C280FD006DC4C2817D0682858
:10DE50000DD06A2814D104E0742810D07A280FD18C
:10DE60000DE044F400140AE044F4801401E044F4AA
:10DE700040147278824202D104F58014761C761C1C
:10DE8000307866280BD013DC582877D009DC0028BE
:10DE900075D04528F6D04628F4D047281AD19DE100
:10DEA00018E0632835D0642879D0652812D195E12F
:10DEB000702873D008DC6728F1D069286FD06E28ED
:10DEC0000DD06F2806D1B5E073282CD0752875D0F9
:10DED000782874D05A46179990476D1C75E1C4F3A1
:10DEE0000250022809D003280DD0D9F800100428C8
:10DEF0000DD00D6009F1040967E1D9F80010EA17A7
:10DF0000C1E90052F6E7D9F800100D80F2E70D7074
:10DF1000F0E719F8041B8DF8001000208DF80100BF
:10DF2000EA46012003E059F804AB4FF0FF306107E7
:10DF30004FF0000102D40DE008F101018846B9421A
:10DF40000FDA8045F8DB1AF808100029F4D108E050
:10DF500008F1010188468142FADB1AF8081000290D
:10DF6000F6D105985B46A0EB080721463846179A7C
:10DF700000F094FA284400EB080507E04DE029E1A1
:10DF80000DE01AF8010B5A4617999047B8F10108AD
:10DF9000F7D25B4621463846179A13E142E00A223F
:10DFA0000092C4F302524FF0000A022A08D059F836
:10DFB00004CB032A4FEAEC710AD00DE029E02AE0F5
:10DFC00009F1070121F00702F2E802C1914609E0D8
:10DFD0000FFA8CFC4FEAEC71042A03D14FFA8CFC47
:10DFE0004FEAEC71002907DA0A460021DCF1000C47
:10DFF00061EB02012D2202E0220504D52B228DF8CF
:10E000000420012203E0E20701D02022F7E7904636
:10E0100059E00A2102E010220DE010214FF0000A21
:10E0200000910BE010224FF0000A44F0040408278E
:10E03000009203E008224FF0000A0092C4F302525B
:10E04000022A05D059F804CB0021032A08D009E0A0
:10E0500009F1070121F00702F2E802C1914605E04B
:10E060001FFA8CFC042A01D10CF0FF0C4FF00008C1
:10E07000220728D5702806D0009B83F0100353EAAE
:10E080000A0305D00EE040228DF80420012208E0AA
:10E090005CEA010206D030228DF804208DF80500DC
:10E0A00002229046009B83F0080353EA0A030AD138
:10E0B0005CEA010201D1620705D530228DF8042007
:10E0C0004FF001087F1E582804D034A003900EA8FA
:10E0D00002900DE036A0F9E753466046009AF2F749
:10E0E0006FF884460398825C0298401E029002708A
:10E0F0005CEA0100F0D1029806A9081A00F1200A92
:10E10000600702D524F4803400E00127574502DD82
:10E11000A7EB0A0000E0002000EB0A010090059840
:10E120004144401A0590E00306D45B462146179A05
:10E13000059800F0B3F90544002706E001A85A4607
:10E14000C05D179990476D1C7F1C4745F6DBE003C7
:10E150000CD55B462146179A059800F09FF90544B7
:10E1600004E030205A46179990476D1C0099481ECC
:10E1700000900029F5DC08E0029802995A460078E0
:10E18000491C0291179990476D1CBAF10001AAF140
:10E19000010AF1DC65E10000092801003031323369
:10E1A00034353637383961626364656600000000D3
:10E1B00030313233343536373839414243444546BD
:10E1C0000000000000F058F90544761C3078002863
:10E1D0007FF4ECAD19B02846BDE8F08F620700D49B
:10E1E000062709F1070222F0070CFCE80223E146AA
:10E1F00003F000485FEA080C02D00FF2702C0DE02B
:10E200005FEA045C02D50FF2682C07E05FEAC47C89
:10E2100002D00FF2602C01E0AFF2700C4FF0FF382B
:10E2200023F00043CDF850C065280CD006DC45280B
:10E2300009D046281DD047283DD13DE0662818D09A
:10E2400067287ED138E00021112F01DB112000E08A
:10E25000781CCDE9000106A90EA8FFF7EDFCDDE969
:10E260000F010E9A03910021009207F1010A049117
:10E270004DE04FF000400097CDE9011006A90EA82F
:10E28000FFF7DAFCDDE90F0203920E9B11990022E1
:10E29000DDF80CA00093049211B9791C00EB010A7F
:10E2A000B7EB0A0004D4C0F1FF3007F1010A049073
:10E2B000AAEB0700019044E0012F00DA01270021BA
:10E2C000112F01DD112000E03846CDE9000106A93B
:10E2D0000EA8FFF7B1FCDDE90F010E9A03910021B2
:10E2E00004910092BA4621070CD40399514500DAF3
:10E2F0008A46BAF1010F05DD009AAAF10101515CCD
:10E30000302908D0B84202DA10F1040F06DA0121F0
:10E31000CDE9011015E0AAF10101E9E7002805DCCB
:10E32000049901440491AAEB000102E0411C51450B
:10E3300000DD8A460499401A401C01904FF00040CD
:10E340000290200704D40198504501DBCDF80480E9
:10E3500000208DF84F0002980DF14F07B0F1004FEB
:10E3600025D02B200E9002984FF0020800280CDADE
:10E37000404202902D200E9007E00A210298F1F70A
:10E38000B2FF3031029007F8011DB8F10001A8F189
:10E390000108F2DC02980028EFD1791E0E9808706F
:10E3A000307800F0200040F0450007F8020D12A878
:10E3B000C01B00F107081498007800B1012000EBA1
:10E3C0000A01019801EBE07105984144401A401E92
:10E3D0000590E00306D45B462146179A059800F0A5
:10E3E0005DF805441498007818B15A46179990477B
:10E3F0006D1CE00324D55B462146179A059800F072
:10E400004DF805441CE00498002807DBDDE9030112
:10E41000884203DD0098405C179901E0179930208D
:10E420005A469047049805F10105401C0490019854
:10E43000401E019004D12E205A46179990476D1C1A
:10E44000BAF10001AAF1010ADDDC05E017F8010BC1
:10E450005A46179990476D1CB8F10001A8F10108C0
:10E46000F4DC5B462146179A0598ABE62D000000C8
:10E470002B000000200000002DE9F041044600259B
:10E480001E461746880404D405E039462020B047CC
:10E490006D1C641EF9D52846BDE8F0812DE9F041D8
:10E4A000044600251E469046C80301D5302700E0EB
:10E4B0002027880404D505E041463846B0476D1C46
:10E4C000641EF9D52846BDE8F0814A68002A06D0C6
:10E4D0000A68531C0B6010704868401E4860704703
:10E4E000F6F770FAFAF75AFBF9F702F9F9F7E2F8DA
:10E4F000F9F762F8F9F77AF9F9F798F9F9F7B6F94F
:10E50000F9F73CFAF9F770FAF9F7A4FAF9F7F4FA1F
:10E51000F9F70EFBF9F728FBF9F7FCF9F9F7D0FA50
:10E52000FAF719FB48B1F9F7B5FB40B1FAF713FB5D
:10E5300038B100BFF9F72CFDFCE772B6FEE772B602
:10E54000FEE772B6FEE7AED580A83FD30040A1C873
:10E55000DA1281CFD9F1DB30A4A68D14AF3E514938
:10E56000453E00427F400042615149462141454BB2
:10E57000311814127F1027454545393C4A49493026
:10E5800001710905033649494936064949291E7E64
:10E590001111117E7F494949363E414141227F4157
:10E5A00041221C7F494949417F090909013E4149EE
:10E5B000497A7F0808087F00417F41002040413FA1
:10E5C000017F081422417F404040407F020C027FBF
:10E5D0007F0408107F3E4141413E7F090909063E04
:10E5E0004151215E7F0919294646494949310101B6
:10E5F0007F01013F4040403F1F2040201F3F4038E7
:10E60000403F6314081463070870080761514945C7
:10E610004300000000000036360000080808080823
:10E620000060600000020151090600412214080840
:10E63000083E0808201008040214141414140006DC
:10E640001016000610160000000000000000010275
:10E650000304060708090000000001020304A8E4FF
:10E6600078EC48F418FCE803B80B8813581B000139
:10E670000203040506079900BF018D0265038804A3
:10E6800088FFCEFF0000320078003F065B4F666DCA
:10E690007D077F6F42414C4C5F42414C2C535441AB
:10E6A00052542C4354524C3D4F4E455F53484F54A7
:10E6B0005F505245444943545F434150545552457D
:10E6C0002C5345513D4F5F544F5F504F53355F546E
:10E6D0004F5F4E4547352C4C494D49545F4D533D96
:10E6E000256C752C4F3D25752C504F53353D2575A8
:10E6F0002C4E4547353D25752C4E45555452414CC1
:10E700003D25752C504F53355F544F4C3D25642C9F
:10E710004E4547355F434150545552453D25642C85
:10E7200046494E414C5F544F4C5F4D4D3D25642C46
:10E7300046494E414C5F5350443D25642C46494E5A
:10E740004953483D46495253545F53544F505F49D3
:10E750004E5F57494E444F570D0A000042414C4C02
:10E760005F42414C2C53544154455F4348414E470E
:10E77000452C53544154453D25732C544152474533
:10E78000543D25752C43583D256C642C5350443D15
:10E79000252B6C642C543D256C756D730D0A00009F
:10E7A00042414C4C5F42414C2C524553554C543DD8
:10E7B00025732C524541534F4E3D25732C544F54D5
:10E7C000414C5F4D533D256C752C504F53355F4D7B
:10E7D000533D256C752C46494E414C5F43583D25B1
:10E7E0006C642C46494E414C5F4552525F50583D37
:10E7F000256C642C46494E414C5F585F4D4D3D257C
:10E800006C642C46494E414C5F4552525F4D4D3D24
:10E81000256C642C46494E414C5F5350443D256C59
:10E82000642C504F53355F4F5645525F50583D252D
:10E830006C642C4E4547355F4F5645525F50583DEE
:10E84000256C642C50554C53453D25750D0A000030
:10E8500042414C4C5F42414C2C48422C5354415451
:10E86000453D25732C543D256C756D732C43583DE7
:10E87000256C642C4552523D252B6C642C5350441E
:10E880003D252B6C642C50554C53453D25752C561D
:10E890004953494F4E3D25750D0A000042414C4CED
:10E8A0005F42414C2C53544154453D25732C543DFB
:10E8B000256C756D732C43583D256C642C585F4D49
:10E8C0004D3D256C642C5441524745543D25752CD3
:10E8D0004552523D252B6C642C5241575F53504496
:10E8E0003D252B6C642C5350443D252B6C642C4DE2
:10E8F0004F44453D25732C50554C53453D25752CB3
:10E90000535441424C453D256C750D0A00000000F2
:10E91000484F4C44000000004150502C53543D25BA
:10E92000732C5441534B3D25752C544D3D25732C70
:10E93000454C41505345443D256C752C4449535436
:10E940003D256C752C53444953543D256C642C4F24
:10E950004C45443D25752C5741524E3D307825306D
:10E96000386C580D0A00000054322C53543D257564
:10E970002C4D533D256C752C444953543D256C75E5
:10E980002C53444953543D256C642C4D41534B3D0D
:10E990003078253032582C423D256C642C504F5332
:10E9A0003D256C642F256C752C4F46463D256C64C7
:10E9B0000D0A000054322C415F4C494E453D312C2C
:10E9C000444953543D256C752C4D41534B3D307893
:10E9D000253032582C4E3D25752C433D256C642C3A
:10E9E0005441524745543D256C642C4849543D25BB
:10E9F000752F25750D0A000054322C535441525482
:10EA00003D312C4352554953453D256C642F256CAF
:10EA1000642C5345415243485F41465445523D257D
:10EA20006C752C534C4F573D256C642C4F46465308
:10EA300045543D256C750D0A0000000054342C53DC
:10EA4000543D25752C4D533D256C752C41423D257B
:10EA50006C752C4C4F434B3D25752C545249473D0A
:10EA600025732C444953543D256C752C423D256C2F
:10EA7000642C434D443D256C642F256C640D0A00C5
:10EA800054342C425F524541434845443D312C5457
:10EA90005249473D25732C41423D256C752C544904
:10EAA0004D455F4F4B3D25752C42414C4C5F4F4BC4
:10EAB0003D25752C4D41585F4552525F4D4D3D25CA
:10EAC0006C752C444953543D256C752C5455524E4D
:10EAD0003D256C640D0A0000543442414C4C2C43DB
:10EAE000583D256C642C4552523D256C642C505287
:10EAF00045443D256C642C565241573D256C642C91
:10EB000056463D256C642C4D4F44453D25732C5095
:10EB1000554C53453D25752C535445503D25752C7A
:10EB2000424941533D256C642C504F533D256C6444
:10EB30002C44414D503D256C642C46463D256C646B
:10EB40002C43563D256C642C43413D256C642C4D73
:10EB5000413D256C642C5455524E3D256C642C442B
:10EB6000594E3D25752C4C41554E43483D25752C3D
:10EB70004D41584D4D3D256C752C494E31434D3D11
:10EB800025752C56494F4C3D25752C563D25750D48
:10EB90000A00000054342C53544152543D312C434C
:10EBA00054524C3D4D41494E5F4C41554E43485F98
:10EBB00046465F4F4C45445F56332C4F5F43583DAC
:10EBC0003635332C544F4C5F50583D34332C425F14
:10EBD00054494D453D256C752C53544F505F41545D
:10EBE0003D256C752C41425F4C494D49543D256C87
:10EBF000752C5455524E5F474154453D256C752C3C
:10EC00005455524E5F54483D256C642C5455524E19
:10EC10005F4D533D256C750D0A00000054352C5393
:10EC2000543D25752C4D533D256C752C4C41503D64
:10EC3000256C752C4C4F434B3D25752C4449535442
:10EC40003D256C752C504F53543D256C642F256C1D
:10EC5000752C4D41534B3D3078253032582C434D67
:10EC6000443D256C642F256C640D0A0054354241E7
:10EC70004C4C2C43583D256C642C584D4D3D256C17
:10EC8000642C5447543D256C642C4552524D4D3DE7
:10EC9000256C642C56463D256C642C4D4F44453DF7
:10ECA00025732C50554C53453D25752C46463D2526
:10ECB0006C642C4D41584D4D3D256C752C494E31A1
:10ECC000434D3D25752C56494F4C3D25752C563DE1
:10ECD00025750D0A0000000054352C524553554C43
:10ECE000543D25732C4D533D256C752C4C41503DA6
:10ECF000256C752C444953543D256C752C42414C70
:10ED00004C5F4F4B3D25752C4D41585F4552525F2E
:10ED10004D4D3D256C750D0A0000000054352C53F7
:10ED2000544152543D312C4354524C3D54345F5065
:10ED30005245444943544956452C54415247455441
:10ED40005F43583D256C642C5441524745545F4DF8
:10ED50004D3D256C642C5345415243485F41465418
:10ED600045523D256C752C504F53543D256C752CE8
:10ED70004C494D49543D256C750D0A0054352C41C4
:10ED80005F4C494E453D312C4C41503D256C752C16
:10ED900054494D455F4F4B3D25752C42414C4C5FCE
:10EDA0004F4B3D25752C4D41585F4552525F4D4D9F
:10EDB0003D256C752C444953543D256C752C504FA2
:10EDC00053543D256C750D0A000000005436474130
:10EDD000494E2C5343483D256C642C585343483DC1
:10EDE000256C642C50473D256C642C56473D256CA2
:10EDF000642C505245443D256C642C44423D256CA6
:10EE0000642C464153543D256C642C5245433D25AA
:10EE10006C642C43423D25752C54503D25732C5475
:10EE200050523D256C642C5052453D256C642C435A
:10EE30004F55504C45443D300D0A000054362C418E
:10EE40005F4C494E453D312C4C41503D256C752C55
:10EE500054494D455F4F4B3D25752C42414C4C5F0D
:10EE60004F4B3D25752C4D41585F4552525F4D4DDE
:10EE70003D256C752C444953543D256C752C504FE1
:10EE800053543D256C752C5350443D256C642F25FF
:10EE90006C640D0A0000000054362C53543D257557
:10EEA0002C4D533D256C752C4C41503D256C752CDB
:10EEB0004C4F434B3D25752C444953543D256C75AF
:10EEC0002C504F53543D256C642F256C752C4D41AF
:10EED000534B3D3078253032582C434D443D256C02
:10EEE000642F256C642C4C4D3D25752C4D454153AC
:10EEF0003D256C642F256C642C54413D256C640DBC
:10EF00000A00000054362C53544152545F52414D74
:10EF1000505F444F4E453D312C4D533D256C752C73
:10EF2000444953543D256C752C535441424C453D46
:10EF300025752C4552524D4D3D256C642C56463D51
:10EF4000256C640D0A00000054362C524553554C74
:10EF5000543D25732C4D533D256C752C4C41503D33
:10EF6000256C752C444953543D256C752C42414CFD
:10EF70004C5F4F4B3D25752C4D41585F4552525FBC
:10EF80004D4D3D256C752C46494E414C5F455252C6
:10EF90005F4D4D3D256C640D0A00000054362C5029
:10EFA00052454C4F41445F54494D454F55543D31B6
:10EFB0002C574149543D256C752C50554C53453DBB
:10EFC00025752C44454C54413D256C642C46463DEA
:10EFD000256C642C4552524D4D3D256C642C564693
:10EFE0003D256C642C563D25750D0A005436424172
:10EFF0004C4C2C43583D256C642C584D4D3D256C94
:10F00000642C5447543D256C642C4552524D4D3D63
:10F01000256C642C56463D256C642C4D4F44453D73
:10F0200025732C50554C53453D25752C46463D25A2
:10F030006C642C4D41584D4D3D256C752C494E311D
:10F04000434D3D25752C56494F4C3D25752C563D5D
:10F0500025750D0A0000000054362C5052454C4FC7
:10F0600041445F52454144593D312C574149543D3B
:10F07000256C752C50554C53453D25752C44454CFD
:10F0800054413D256C642C46463D256C642C45520C
:10F09000524D4D3D256C642C56463D256C642C53D9
:10F0A00045513D256C750D0A0000000054362C5367
:10F0B000544152543D312C4354524C3D54365F4CD4
:10F0C0004F53545F484F4C445F5631322C434150AC
:10F0D000545552453D335F535441424C452C505298
:10F0E000454C4F41445F4D494E3D256C752C505267
:10F0F000454C4F41445F4D41583D256C752C524164
:10F100004D503D256C752C52414D505F4D41583D41
:10F11000256C752C4352554953453D256C642F256C
:10F120006C642C4C4F53545F484F4C443D256C75D8
:10F130002C5345415243485F41465445523D256C4E
:10F14000752C504F53543D256C752C4C494D4954EA
:10F150003D256C750D0A000054362C54415247452C
:10F16000545F4C4F434B3D312C43583D256C642C30
:10F17000584D4D3D256C642C4D533D256C752C50E0
:10F1800052454C4F41445F4D494E3D256C752C50C6
:10F1900052454C4F41445F4D41583D256C750D0A19
:10F1A00000000000C4F10008000000204C03000033
:10F1B000C207000800F200084C030020DC33000006
:10F1C00028DC0008012B0367DC05023EFF095D8D8A
:10F1D00002720610E90008338D02033F8D024201DE
:10F1E00092105324F40221020525FFFFFFFF33682C
:10F1F0000133680103532C018201E20802FF0281FE
:040000050800018965
:00000001FF
