:020000040800F2
:1000000028370020A101000845820008035F00088E
:100010007D810008A927000875D3000800000000B2
:10002000000000000000000000000000038B00083A
:1000300031360008000000004D8600081D8B0008C6
:10004000BB010008BB010008BB010008BB010008A0
:10005000BB010008BB010008BB010008BB01000890
:10006000BB010008BB010008BB010008BB01000880
:10007000BB010008BB010008BB010008BB01000870
:10008000BB010008BB010008BB010008BB01000860
:10009000BB010008BB010008BB010008BB01000850
:1000A000BB010008BB010008BB010008BB01000840
:1000B000BB010008BB010008BB010008115F00087C
:1000C000055F0008BB010008BB010008BB01000878
:1000D000BB01000851D300085DD30008BB01000834
:1000E000BB010008BB010008BB010008BB01000800
:1000F000BB010008BB010008BB010008BB010008F0
:10010000BB010008BB010008BB010008BB010008DF
:1001100031D00008BB010008BB010008BB0100088A
:1001200075350008BB010008BB010008BB010008D1
:10013000BB010008BB010008BB010008BB010008AF
:10014000BB010008BB010008BB010008BB0100089F
:10015000BB010008BB0100088135000869D3000815
:10016000BB010008BB010008BB010008BB0100087F
:10017000BB010008BB010008BB0100080000000033
:10018000BB010008BB010008DFF810D000F09AFAAC
:100190000048004761E40008AFF3008028370020E2
:1001A0000648804706480047FEE7FEE7FEE7FEE711
:1001B000FEE7FEE7FEE7FEE7FEE7FEE7B58B000899
:1001C000890100082DE9F05F0546002092469B4614
:1001D00088460646814640241BE02846414647465D
:1001E000224600F0A7F853465A46C01A914110D350
:1001F00011461846224600F08EF82D1A67EB0108CA
:100200004F4622460120002100F085F817EB000937
:100210004E41201EA4F10104DFDC484631462A4647
:100220004346BDE8F09F2DE9F0410024061B25461A
:1002300071F1000605DA01240027D0EB070067EB17
:100240000101161E73F1000605DA0027D2EB070242
:10025000012567EB0303FFF7B5FF86460E461746F9
:100260009C46AC4204D00025D0EB050E65EB0106A0
:1002700024B10020D2EB000760EB030C704631463E
:100280003A466346BDE8F08140EA01039B0703D08C
:1002900009E008C9121F08C0042AFAD203E011F8C5
:1002A000013B00F8013B521EF9D27047D2B201E087
:1002B00000F8012B491EFBD270470022F6E710B56B
:1002C00013460A4604461946FFF7F0FF204610BDC4
:1002D00030B504460020034600E05B1C934203D285
:1002E000E05CCD5C401BF8D030BD30B50B4601461C
:1002F00000202022012409E021FA02F59D4205D3C5
:1003000003FA02F5491B04FA02F52844151EA2F16E
:100310000102F1DC30BD202A04DB203A00FA02F1B0
:10032000002070479140C2F1200320FA03F31943E3
:1003300090407047202A04DB203A21FA02F0002185
:10034000704721FA02F3D040C2F1200291400843E5
:10035000194670472DE9FE4F804681EA0300C00F21
:100360000C46009021F0004123F00045B8EB02005C
:10037000A94105D24046214690461C460B460246FE
:1003800023F00040104347D0270DC7F30A00C3F302
:100390000A510290401A019040286BDAC3F313000F
:1003A00040F4801B0098924620B10023D2EB030A50
:1003B00063EB0B0B01985946C0F140025046FFF722
:1003C000AAFF06460D4650465946019A00F08CF9A0
:1003D00010EB08006141002487EA115284EAE773B8
:1003E0001A4340D0009A62B3019A012A4FEA075299
:1003F00015DC001B61EB02014FF0004202EA0752DC
:10040000CDE90042001C41F5801132462B4600F038
:100410008CF903B0BDE8F08F40462146F9E7001B98
:1004200061EB0201001C41F5801300185B412018AC
:10043000A2F5001747EB030140EAD570B6196D41EC
:1004400011E06D084FEA360645EAC0754FEA0752DB
:10045000001B61EB0201001C41F5801149084FEAC5
:1004600030000019514132462B4603B0BDE8F04F31
:1004700000F04CB90098012240000023D0EB0202AA
:1004800063EBE073009821464FEAE074B8EB00009C
:1004900061EB0401E9E783F000435BE781F0004191
:1004A00058E72DE9FE4F81EA030404F0004421F0EF
:1004B000004100944FF0000B23F0004350EA010488
:1004C0005ED052EA03045BD0C3F30A54C1F30A5569
:1004D0002C44A4F2F3340194A0FB0254C1F31301A1
:1004E00041F48011C3F3130343F4801301FB02446E
:1004F00000FB034E840A970A44EA815447EA835773
:10050000A4FB076802958D0A05FB07854FEA932C2B
:1005100004FB0C542705029D4FEA065847EA16379C
:10052000B5EB08056EEB070C870E920E47EA8117B4
:1005300042EA8312A7FB0201B6EB0B0164EB000455
:100540002B0D43EA0C335E1844EB1C50DA4651463F
:10055000E7FB0201C5F313044FEA0B3343EA1453DC
:100560004FEA0432019C43EA0603A4F10C0402940E
:10057000009CCDE900B400F0D8F803B0BDE8F08FDE
:1005800000200146F9E72DE9F04D81EA030404F06B
:10059000004B21F0004514464FF0000A23F00041C3
:1005A00050EA050220D054EA01021DD0C5F30A57D3
:1005B0000246C5F31303C1F31300C1F30A5640F416
:1005C000801543F48013A7EB0608101BD64608F2EB
:1005D000FD3873EB050002D308F1010801E0921821
:1005E0005B41B8F1000F03DA00200146BDE8F08D51
:1005F00000204FF48011064684460EE0171B73EB73
:10060000050705D3121B63EB050306434CEA010CF7
:1006100049084FEA300092185B4150EA0107EDD1DA
:1006200052EA030012D082EA040083EA050108437B
:1006300005D0101BAB4106D20122002306E00022A8
:100640004FF0004302E06FF0010253101AEB060076
:100650004CEB085110EB0A0041EB0B01BDE8F04DEB
:1006600000F054B8C1F30A52C1F3130140F2FF3352
:1006700041F480119A4202DA00200146704740F2AC
:1006800033439A42A2F2334202DC5242FFF752BE97
:10069000FFF741BE30B5041E71F1000404DB4FF0DA
:1006A0000044404264EB0101141E73F1000405DBB9
:1006B0001C464FF00043524263EB0403994208BFCB
:1006C000904230BD064C074D06E0E06840F0010363
:1006D00094E8070098471034AC42F6D3FFF758FD72
:1006E00044F1000864F10008202A06DBCB17203A09
:1006F00041FA02F043EAE07306E041FA02F3D04027
:10070000C2F12002914008431946704710B5141EEB
:1007100073F1000408DA401C41F1000192185B41BA
:100720001A4301D120F0010010BD2DE9F04D924691
:100730009B4611B1B1FA81F202E0B0FA80F22032A8
:100740009046FFF7E8FD04460F4640EA0A0041EAFA
:100750000B0153465A46084313D0114653EA010091
:1007600019D0C8F140025046FFF7E4FD05460E4699
:10077000504659464246FFF7CEFD084305D00120BA
:1007800004E020463946BDE8F08D0020054346EAE6
:10079000E0762C4337430A986305E40AA0EB08008F
:1007A0000022FD0A44EA47540A3002D500200146DF
:1007B000E9E7010510196941DDE9084500196941BA
:1007C000BDE8F04DA2E770B58C1810F8015B15F08C
:1007D000070301D110F8013B2A1106D110F8012BB3
:1007E00003E010F8016B01F8016B5B1EF9D12B07D8
:1007F00005D40023521E0DD401F8013BFAE710F88E
:10080000013BCB1A921C03E013F8015B01F8015B7A
:10081000521EF9D5A142D8D3002070BD464910B56B
:100820004A6822F440324A604A6843681A434A6080
:1008300001684A6822F480724A6001684A68036964
:1008400042EA03224A6001684A6822F040724A6024
:1008500001684A6883681A434A6001688A6822F41A
:1008600000628A6001688A68C3681A438A60816A84
:100870006FF07062D14201688A6822F070628A600B
:1008800001688A680CD0836A1A438A6001688A68A2
:1008900022F040528A6001688A68C36A1A4301E004
:1008A00022F040528A6001688A6822F002028A605F
:1008B00001688A68037E42EA43028A6090F8201049
:1008C000002901684A680FD042F400624A6001685A
:1008D0004A6822F460424A6001684A68174C436AD9
:1008E00004EB43331A4301E022F400624A600168DA
:1008F000CA6A22F47002CA620168CA6A838B104C09
:1009000004EB03531A43CA6201688A6822F4007236
:100910008A6001688A6890F8303042EA43228A602F
:1009200001688A6822F480628A6001688A68406986
:1009300042EA8020886010BD0023014000E0FFFFF4
:100940000000F0FF00F06AB8092818D2DFE800F0D4
:100950000507090B0D0F111315000AA070470BA016
:1009600070470DA070470FA0704711A0704713A0EB
:10097000704715A0704717A0704719A070471CA0BA
:10098000704700004E4F4E45000000004442472093
:10099000494E4954000000004B455920494E4954E6
:1009A000000000004F4C454420494E4954000000CF
:1009B0004D454E5520494E49540000005441534B7B
:1009C00020494E49540000005441534B2053544198
:1009D000525400005441534B2052554E0000000029
:1009E00053544F502054494D454F5554000000007A
:1009F000554E4B4E4F574E0010B500280AD0064CAE
:100A00002278002A06D1012222706070616003F012
:100A100039FCA06010BD0000501C002003480021DC
:100A2000017041704160816070470000501C0020DF
:100A3000401A904201D3012070470020704700F017
:100A4000D5B90000064910B5097831B128B118228E
:100A50000349FFF719FC012010BD002010BD000064
:100A60005C1C002070B50C4C0025022025706570C0
:100A7000A070E570656003F005FCC4E9020525611E
:100A8000656100F0D7F910B10120207070BD00F051
:100A90004DF9002070BD00005C1C00200348407828
:100AA000052801D000207047012070475C1C002001
:100AB00003484078042801D0002070470120704787
:100AC0005C1C002004484078012803D0022801D093
:100AD00000207047012070475C1C002070B5134C4B
:100AE00005462078002807D06078032805D0012823
:100AF00005D0022803D0002070BD012070BD03F096
:100B0000C1FB0646A07800F019FA28B1E57031461D
:100B1000032000F021F8F0E700F008F900F060F998
:100B200060613146052000F017F8E4E75C1C002006
:100B300070B500F04DFA074C002502206570A070DA
:100B4000E570656003F09EFBC4E9020525616561FF
:100B500070BD00005C1C0020014A5070916070471D
:100B60005C1C002070B5154C06460D46207818B167
:100B7000607818B1042801D0002070BD00F028FA78
:100B80002946304600F030FA60B1A6700020E070CF
:100B9000E06020616560606129460120FFF7DCFFAD
:100BA000012070BD00F0C2F800F01AF9606103F096
:100BB00069FB01460520FFF7CFFFDDE75C1C002045
:100BC000062810D2DFE800F0030507090B0D07A087
:100BD000704708A070470AA070470BA070470DA08F
:100BE00070470FA0704710A07047000049444C4563
:100BF000000000005354415254494E470000000089
:100C000052554E4E494E470053544F5050494E474F
:100C10000000000046494E4953484544000000008A
:100C20004641554C54000000554E4B4E4F574E0018
:100C3000F8B53D4C2078002861D000F06FF903F042
:100C400021FB05462069401C20616078012806D000
:100C5000022804D0032805D1E178022902D0616876
:100C6000691AE1600326052840D2DFE800F03F035F
:100C70000C2B560014222846A168FFF7D9FEA8B312
:100C80002946022030E0A078294600F0EFF901283B
:100C900002D002280FD029E00220E070A07800F0F6
:100CA0004DF910B1294603201EE000F03FF800F096
:100CB00097F8606103E0E67000F092F829E02946B9
:100CC000052011E0A078294600F0D0F90228F2D0E2
:100CD000A07800F0E1F898B164222846A168FFF7F7
:100CE000A7FE68B129460420FFF736FFA0786A46C0
:100CF000294600F04BF8002801D00098E060F8BDCC
:100D000040F2DC522846A168FFF792FE0028EDD0A1
:100D10000120606100F00AF8D1E7284600F0E8F809
:100D20000028C8D0E2E700005C1C0020164910B57E
:100D30000020487008F024FB08F022FF09F048F872
:100D40000AF01EF90AF09EFC05F0C6FF08B106F095
:100D500003F901F087F902F061F820B102F084F99B
:100D6000002001F06FFF01F097F818B901F06EF85C
:100D7000002807D040F2726001F094F8BDE81040FE
:100D800001F048B810BD0000440200200B46134992
:100D900030B40C7854B18978884207D1032808D040
:100DA00004280BD005280ED0062811D030BC002016
:100DB000704730BC1146184608F0F4BE30BC1146EE
:100DC000184609F019B830BC114618460AF0E8B8C0
:100DD00030BC114618460AF065BC000044020020F1
:100DE0000148406870470000440200200B488078AA
:100DF000022809D0032809D0042809D0052809D0E1
:100E0000062809D006A0704708F0CCBA08F0DEBE6C
:100E100009F00EB80AF0E0B80AF060BC4402002005
:100E20005441534B20554E535550504F5254454406
:100E30000000000010B5174C0020022120706070E7
:100E4000A170606001F010F988B108F0FFFA80B17C
:100E500008F0F4FE80B109F04FF880B10AF024F9EF
:100E600080B10AF0CFFC80B10120207010BD1E209F
:100E70000DE008F091FA0AE008F0A2FE07E008F0A1
:100E8000D1FF04E00AF0A2F801E00AF021FC606062
:100E9000002010BD4402002010B5144C217811B17F
:100EA000A178884201D0002010BD022808D0032874
:100EB00009D004280AD005280BD006280CD010E051
:100EC00008F0E6FA0AE008F0C7FE07E009F038F893
:100ED00004E00AF00DF901E00AF0B8FC08B10020C6
:100EE0006070607880F0010010BD000044020020B6
:100EF00010B5094C217819B1A178032902D004E07A
:100F0000002010BD08F0B4FE08B1012010BD08F0AB
:100F100057FE6060F4E7000044020020064810B568
:100F20000078002807D006F0CFF9002803D0BDE8EC
:100F3000104006F0F7B910BD4402002010B5234C54
:100F4000217811B1A178884201D0002010BD02287B
:100F50000AD0032811D0042818D005281FD006284D
:100F600026D064306060F0E708F0A2FA10B108F013
:100F70008FFA22E008F010FAF4E708F089FE10B1C9
:100F800008F06AFE19E008F01BFEEBE708F0E8FF46
:100F900010B108F0D5FF10E008F044FFE2E70AF0D6
:100FA000B7F810B10AF0A4F807E00AF00FF8D9E793
:100FB0000AF05CFC30B10AF049FC08B10020607016
:100FC000012010BD0AF084FBCCE7000044020020A1
:100FD00010B5FFF7ABFE034802218170002141608C
:100FE00010BD00004402002010B51F4C227872B1E1
:100FF0000022A070626002280BD0032811D00428C0
:1010000018D005281ED0062824D064306060002047
:1010100010BD084608F074FA607000BB08F0BCF917
:1010200006E0084608F046FE6070C0B908F0C8FD4A
:10103000606014E0084608F0BFFF607078B908F0FF
:10104000F1FEF5E708460AF095F8607038B909F046
:10105000BDFFEDE708460AF043FC607008B1607818
:1010600010BD0AF035FBE3E74402002070B5374CB1
:101070000D46217889B3A178884232D1617859B17F
:10108000022830D0032838D004283ED0052846D086
:1010900006284ED0643057E0022808D0032809D033
:1010A000042812D0052815D0062817D019E008F01A
:1010B000EFF90CE008F0D0FD78B1284608F0D8FD33
:1010C00030B900BF08F07CFD3EE008F039FF20B1E8
:1010D000012070BD0AF00CF8F9E702E00AF0B6FB57
:1010E000F5E7022070BD284608F0ACFA0128F9D0D7
:1010F000022825D108F050F926E0284608F018FE0D
:101100000128EFD00228DDD01AE0284608F0BAFF07
:101110000128E7D0022813D108F084FE14E0284605
:101120000AF096F80128DDD0022809D109F04EFF17
:101130000AE028460AF046FC0128D3D0022801D054
:10114000002070BD0AF0C4FA6060CAE744020020C3
:101150002DE9F0411D4C0646207A002834D01C4F62
:10116000BE4202D01B4886422ED1304604F0CEFB50
:10117000EFF3108572B63846002786420FD1E0782B
:1011800058B1A07848B1607802F062FA6070A07837
:10119000401EA070E068401CE060E7700EE0E0795F
:1011A00058B1A07948B1607902F052FA6071A07923
:1011B000401EA071E068401CE060E77105B962B6AE
:1011C000BDE8F04100F03CB8BDE8F081140000201B
:1011D000241700206C170020EFF3108272B6002154
:1011E0001248017041708170C1700171417181714B
:1011F000C171C1600161017202B962B60C490D4B47
:101200000A689A4206D1896B21B10B490B4A0968D9
:10121000914201D000207047EFF3108172B6012295
:10122000027201B962B6012070470000140000206C
:1012300024170020001001406C17002000440040DB
:101240002DE9F0412D4C00210A46207A0E460D462C
:10125000002850D0EFF3108072B6E77801239FB9D1
:10126000A7788FB1E3706178677801EB011202EB28
:101270008111234A02EB410107EB071C0CEB871796
:1012800002EB4702B2F8A020E7799FB9A7798FB1A6
:10129000E371637903EB031505EB8315194B03EB3E
:1012A0004506657905EB051707EB851503EB450347
:1012B000B3F8A05000B962B6002751B14AB1124844
:1012C00004F0BAFD28B1EFF3108072B6E77000B9F0
:1012D00062B6002E0FD0002D0DD02A4631460B48A5
:1012E00004F0ECFD002806D0EFF3108072B6E77131
:1012F000002800D162B6BDE8F08100001400002093
:101300006003002070080020241700206C170020C4
:1013100070B5194C217A002927D0EFF3108572B6E9
:101320001649002688420CD1E07840B1A07830B14F
:10133000607802F08DF96070A078401EA070E670B1
:101340000EE00F4988420DD1E07940B1A07930B16B
:10135000607902F07DF96071A079401EA071E6719C
:1013600025B104E0002D00D162B670BD62B6BDE8C3
:101370007040FFF765BF0000140000202417002014
:101380006C1700202DE9F047294C8146207A404215
:1013900010EA090F15D0A1B1A02903D9A02602F0A7
:1013A00049F900E08EB2EFF3108572B6A0780828F4
:1013B00002D2A079082807D3E068401CE06005B994
:1013C00062B60020BDE8F087207894F8048000EB36
:1013D000001101EB80111748324600EB410007462F
:1013E0004946FEF751FF08EB081000EB8811124840
:1013F000A7F8A06000EB4100074632464946FEF7D9
:1014000043FFA7F8A060207802F022F92070A078AE
:10141000401CA070207902F01BF92071A079401CBB
:10142000A07105B962B6FFF70BFF0120CAE7000003
:101430001400002060030020700800200FB4194839
:1014400010B5007AA8B040422A9A4FF0FF341042FB
:101450001FD02BABA02168460CF078FB002818DBCE
:10146000A02810D32E208DF89A008DF89B008DF8BF
:101470009C000D208DF89D000A209F248DF89E0071
:1014800002F0D8F800E0044621466846FFF77AFFEC
:1014900020B1204628B010BC5DF814FB6FF00100AD
:1014A000F8E70000140000202DE9F0411E4F1F4E08
:1014B00000243C701E493068884218D11D4D1E4AD8
:1014C0002968914213D1716889B9696879B9F2685C
:1014D0004FF6FF718A420AD1EA688A4207D1446214
:1014E000286844623C21304603F04AFF10B10020D6
:1014F000BDE8F0813C210F4803F042FF20B13C21C0
:101500000A4803F084FFF2E73068446228684462C6
:101510007C80BC80BC6014210848FC60FEF7CDFED6
:101520007C7001203870E3E70400002004160020DE
:10153000000400404C160020000800404C0300202E
:1015400070B50A4D287800280FD00948002400689B
:1015500044620848006844626C80AC80AC6014212E
:101560000548EC60FEF7A9FE6C7070BD0400002019
:10157000041600204C1600204C0300202DE9F041F9
:10158000194C07462078404238402BD00122A11C3C
:10159000164802F0B0F905460022211D144802F059
:1015A000AAF906462946A06802F08EF9A0603146E5
:1015B000E06802F089F90146E06028460D4D288078
:1015C0006E80A068C5E90101E868401CE86002F08F
:1015D00059FE286101206070142229463846FEF722
:1015E00053FE0120BDE8F081040000200416002015
:1015F0004C1600204C03002010B502F043FE0446B8
:10160000034601220749084805F060F906482346C9
:1016100010220649143005F059F9054901200870D7
:1016200010BD000000000240800E002000100240AB
:10163000840000202DE9F0411848007800282BD0C4
:1016400002F020FE164F0646002500BF05EB850080
:1016500007EB8004A188206802F00AFE012800D070
:101660000020A179814202D0A071E66010E0E1790A
:1016700081420DD0E168711A1E2909D3E07138B199
:10168000207AFF2801D2401C20722069401C206172
:101690006D1CEDB2022DD9D3BDE8F081840000208D
:1016A000800E00200849097861B102280AD200EBB7
:1016B0008001064800EB8100017A19B1491E0172D0
:1016C000012070470020704784000020800E002019
:1016D00000280DD0074A0168914209D1416C0648A3
:1016E0008163016B491C0163082181710121017132
:1016F00070470000004C00402C00002010B5040092
:1017000020D0EFF3108172B61348427A2270C2687B
:1017100062600269A260426AE260826A2261C26A11
:101720006261026BA261426BE261826B226282792A
:1017300084F82420027884F82520407884F8260054
:1017400011B102E0002010BD62B600F029F884F863
:101750002700012010BD00002C00002070B502F011
:1017600091FD05460B480C490068884201D00020D5
:1017700070BD084804F017F8EFF3108472B62846DD
:1017800005F06CFE05490120087004B962B601201D
:1017900070BD0000DC160020004C00402C00002032
:1017A0000A4910B5087800280DD0EFF3108072B602
:1017B0000C69C96800B962B631B102F063FD001B63
:1017C000142801D8012010BD002010BD2C000020DD
:1017D00001480078704700002C00002070B5364C9E
:1017E000207800282FD002F04DFD054605F014FEAC
:1017F000607900210426062825D2DFE800F02403C2
:101800000F19252F64222846616905F0FDFD002887
:1018100019D02846BDE8704005F03CBEA0780028ED
:1018200011D0A1700120607003206071A56140E0BB
:1018300005222846A16905F0E7FD002803D066715E
:10184000A5612562A67170BD206A281AC017401CC8
:10185000F9D02846BDE8704005F03CBEE078B0B154
:10186000EFF3108072B6E170217A6172E168491C71
:10187000E160A16A2561491CA1620621A17166711E
:10188000E169491D21620028DDD162B670BD0422E4
:101890002846E16905F0B8FD0028F7D0074803F0B5
:1018A000EBFFE06A401CE0626671E069401D206267
:1018B0000720A07170BD00002C000020DC16002065
:1018C000002809D000680549884205D104484179BB
:1018D000052901D10121C17070470000004C004072
:1018E0002C00002010B50B4C2078002810D00A489E
:1018F00003F059FFEFF3108072B600212170617080
:10190000A170E17021716171A171002800D162B6EE
:1019100010BD00002C000020DC160020002806D09E
:1019200000680349884202D102490120887070474B
:10193000004C00402C000020064810B5007800281C
:1019400007D0002006F052FCBDE81040012006F050
:101950004DBC10BD0000002070B50D4C0546207830
:10196000002814D0002006F041FC012006F03EFCC7
:1019700008482DB10122082102F07FFC012004E07B
:101980000022082102F079FC00206070012070BD67
:10199000000000200010024010B5144C0020024648
:1019A000207060700821124802F067FC002006F0E9
:1019B0001DFC012006F01AFC00210E4803F050FE29
:1019C00008B1002010BD04210A4803F049FE20B1EF
:1019D0000021084803F0A8FEF3E7002006F006FC0B
:1019E000012006F003FC0120207010BD0000002043
:1019F00000100240941600200249087849780840F7
:101A0000704700000000002010B50C460246FFF7AA
:101A1000F3FF002808D01146002006F0B1FB214654
:101A2000012006F0ADFB012010BD000010B54FF401
:101A300080610648FEF741FC0548FF210170817A6C
:101A4000FF2901D00121417110BD0000A80E002026
:101A50008800002070B50D460446082918D27A2C5B
:101A600016D8104606F098FC0A490246002001EB01
:101A7000C511135C2618401CC0B28B550528F8D33D
:101A80002144002048712846BDE8704006F016BD8C
:101A900070BD0000A80E002070B514000E4605466B
:101AA0000CD006E031462846FFF7D4FFAD1DEDB25D
:101AB000641C2278002A01D07A2DF3D970BDFEB5BE
:101AC000054600240F460A206E46B2FBF0F100FBEB
:101AD0001121B2FBF0F230313155641CE4B25AB13D
:101AE0000A2CF2D308E0641EE4B23946325D28467F
:101AF000FFF7B0FFAD1DEDB2002C01D07A2DF2D969
:101B0000FEBD0000002808D0044A0168914204D1BB
:101B1000016C0348C1600121C1717047005400404D
:101B2000880000202DE9F04F9946DDF824B01746D3
:101B300088460646802826D2B8F1400F23D2F019F5
:101B4000802802D9C6F18000C7B208EB09004028FE
:101B500003D9C8F1400000F0FF09002511E000247E
:101B600008EB050A09E000BF30190AF0FF01C0B216
:101B70005A4600F009F9641CE4B2BC42F4D36D1C6F
:101B8000EDB24D45EBD3BDE8F08F00002DE9F041FB
:101B900002F078FB07461A481A4A0168914203D1BD
:101BA00040681949884202D00020BDE8F081EFF377
:101BB000108672B64FF480611448FEF77EFB144C19
:101BC000FF202070012060700025A570E570257150
:101BD0006571A571E571E5602072657206F0E4FC3F
:101BE0002761C4E90575C4E907576562A562E56226
:101BF00025636563A563E56306B962B60120D4E792
:101C0000CC14002000540040801A0600A80E0020CA
:101C10008800002002494878897808407047000011
:101C2000880000202DE9F041534C607800287CD0DA
:101C300002F028FB0546EFF3108072B6E279A37933
:101C4000E168002702B1E77100B962B6A2BBE07893
:101C500078B11BB1284606F0DDFB0AE014222846C5
:101C6000616906F092FB00285FD00321284606F048
:101C700007FC207A414E01280ED002287AD0032892
:101C80001BD0042876D1A069281AC017401C71D037
:101C9000206B401C206306E064222846216906F080
:101CA00074FB002866D006F021FC20B12846BDE870
:101CB000F04106F083BC316C09E0A07830B1607A65
:101CC0002F4E032808D02078E8B127E000212846CD
:101CD000BDE8F04106F0D4BBE07AC0F18001C9B2A2
:101CE000202900D920210F46402131702549A27AB0
:101CF00001EBC21101443A46701CFEF7C5FA0422FA
:101D00002B46791C31E04FF47A722846216A06F09E
:101D10003CFB18B1002006F0D1FB2562A07AFF2819
:101D200013D100200123217800E023E003FA00F220
:101D30000A4203D0A072E772677103E0401CC0B290
:101D40000828F1D3A07AFF2814D0C0B2377040F031
:101D5000B0007070E07A102141EA1011B17000F00B
:101D60000F0002222B46F0700421BDE8F041044828
:101D700006F040BCBDE8F08188000020CC140020B3
:101D8000A8120020A80E002030B5802817D24029C4
:101D900015D2CD080A4BCC0803EBC41301F007049D
:101DA000012101FA04F4002A1A5C01D0224300E068
:101DB000A2431A540348A94002781143017030BD70
:101DC000A80E002088000020002806D000680349E3
:101DD000884202D1024901208871704700540040B6
:101DE0008800002010B5094C207800280DD0084943
:101DF00040F2DC50608009684863607818B10021C7
:101E0000034803F091FC0020607010BD2800002002
:101E10007415002010B50B4C2078002802D0607893
:101E200008B1012010BD0849608809684863002195
:101E3000054803F015FC08B1002010BD01206070BA
:101E4000EFE70000280000207415002070B50F4D4A
:101E500000200F4C2870687040F2DC566E800D49EF
:101E60002068884207D16068A72804D1E068A0F5FF
:101E70009C411F3901D0002070BD0021044803F0AF
:101E800053FC206846630120287070BD28000020A4
:101E900074150020000001400148007870470000E0
:101EA0002800002010B5074C217849B106F02AFE21
:101EB0006080617811B1044909684863012010BD50
:101EC000002010BD280000207415002009494A7820
:101ED000524202420CD0084B02689A4208D1406C30
:101EE00088610869401C0861002088700120C87062
:101EF00070470000680000200014014030B5002841
:101F00001ED0EFF3108272B60E498C88CB888D6894
:101F10000560CD6845600D6985604D69C5608D6956
:101F200005614D7885758978C17502B962B69C42A4
:101F300001D3E11A02E0C3F58071214481820120BE
:101F400030BD00006800002070B50F480F490068E0
:101F5000884201D0002070BD0B4803F024FC0C4DDA
:101F60000024AC80EC80AC60EC602C616C61AC61F6
:101F7000AC70EC70012068700BF020FB08B1012000
:101F800070BD6C70E6E70000B4170020001401403B
:101F90006800002030B109494A781AB1CA888B8894
:101FA0009A4201D100207047CA88054B9B5C0370A0
:101FB000521CD0B2C8800120704700006800002089
:101FC000800D0020084810B5417800290BD0C17859
:101FD000002908D00021C170044803F04DFCBDE881
:101FE00010400BF0EBBA10BD68000020B4170020C1
:101FF000114930B44A78524202421AD000680F4A5E
:10200000904216D18888CA88401CC0B2904203D141
:10201000C868401CC86007E00A78094B8C881A55CC
:1020200088808868401C88600020887030BC0BF075
:10203000C5BA30BC704700006800002000140140A1
:10204000800D002005484178002906D0002141700C
:102050008170C170024803F00FBC70476800002017
:10206000B417002000F018B810B520210848FEF77A
:1020700024F907485C212030FEF71FF904480121AC
:10208000203000220170C27102480170084610BD64
:10209000981C00205002002010B500F00BF80BF047
:1020A00003FB0348002141708170C170C17110BDF4
:1020B000B81C002010B5074C207828B140F2A4606D
:1020C000FFF7F0FEFFF78EFE002020706070E070DA
:1020D00010BD00001C1C0020002800DA40427047A0
:1020E000884201DA084670479042FCDD104670478E
:1020F00010B54FF4FA6240F21451FFF7F1FF80B2CD
:1021000010BD00002DE9F047584C8A468146216FEA
:10211000A06B884200DA2067216D002901DA48426D
:1021200000E00846E26C002A01DA574200E0174658
:10213000A66C002E01DA734200E03346BB4200DC9D
:102140001646002E01DA724200E032460025022ACD
:1021500018DDC2EBC20040F21D1278217830FFF783
:10216000BFFF002E03DA42A100F28B6003E0A0F271
:102170008B6044A1404200F0B5FAA565E56525668F
:10218000BDE8F087226C002A00DA524240F28B68E8
:102190000A2A34DC40A1404600F092FAE565256643
:1021A000B9F1000FECD0022FEADCA06C002800DAB5
:1021B00040420228E4DC0120A065206C1E22400081
:1021C0005142FFF78DFFA0665146042000F0E4F96C
:1021D000A06E35A100F28B6000F084FA504600F04A
:1021E00015FA41F288318842524602D832A10120C4
:1021F00001E039A10020BDE8F04700F015BAA5655F
:10220000002901DD012601E04FF0FF36216E29B1E2
:10221000491E2166606EC0EB00101BE000EB400021
:1022200000EBD07040108C223C21FFF759FF704327
:1022300032A100F28B6000F055FA012F13DCE06D43
:10224000401CE06505289BD303206666C4E917504F
:10225000C6EB061000EB400108EB8100BDE8F0473B
:102260002AA100F03FBAE5658AE70000C800002017
:10227000434150545552455F4252414B455F52498C
:1022800047485400434150545552455F4252414BD8
:10229000455F4C454654000046494E414C5F574906
:1022A0004E444F570000000046494E414C5F484F96
:1022B0004C445F42494153004E4547355F494E5FAC
:1022C00035535F574954485F414E54495F44524922
:1022D00046545F484F4C44004E4547355F4F564586
:1022E000525F35535F574954485F414E54495F44EC
:1022F000524946545F484F4C4400000053455454E3
:102300004C455F434F52524543540000534554548B
:102310004C455F4B49434B0070B5314C0026A06CD7
:10232000FFF7DAFE0546E06CFFF7D6FE854201DDD9
:10233000A56C00E0E56C012D02DDA06EC01E10E072
:10234000B5F1FF3F02DAA06EC01C0AE0206C10F16C
:10235000050F02DAA06E401E03E0052802DDA06E24
:10236000401CA0665A225142A06EFFF7B9FEA0663B
:10237000206C002801DA414200E00146052906DD13
:10238000242200EB40005142FFF7AAFE0646002D32
:1023900001DA684200E02846012801DC002005E05F
:1023A000E800302240425142FFF79AFEA16E6E22B1
:1023B000314408445142FFF793FEA28900F28B603A
:1023C000831A08A1122B02DD02F1120004E013F1BE
:1023D000120F01DAA2F11200BDE8704000F082B9DC
:1023E000C800002046494E49534845445F414E5479
:1023F000495F44524946540070B5254C0646A56BCA
:10240000206F854200DA2567A5F2BF15206CFFF723
:1024100063FE0A2808DD206DFFF75EFE2B2803DD32
:10242000A06BB0F5E07F08DA304600F097F931464E
:10243000BDE87040032000F0AFB8E06C022803DD77
:1024400014A140F28C501FE0002802DAC0F1000114
:1024500000E001464FF0460202EB810111DA8D42A5
:102460000FDC404200EB80004FF487726921693035
:10247000FFF736FEBDE870400AA100F28B6000F065
:1024800031B90DA140F22760BDE8704000F018B9E5
:10249000C80000205455524E5F484152445F42529A
:1024A000414B45004E4547355F50524544494354E2
:1024B0005F4252414B4500004C4546545F435255E4
:1024C0004953450070B5114C0546A26BE06E82423F
:1024D00000DDE266A2F2653250421E2802DDE06BAA
:1024E0002B280BDB284600F091F8206229460120BA
:1024F00000F052F806A140F28C5002E008A140F230
:10250000EF60BDE8704000F0DBB80000C8000020BC
:102510005455524E5F484152445F4252414B450030
:1025200052494748545F4352554953450000000003
:1025300070B5144C0546E16EA06B884200DDE06684
:10254000114940F28C5000F0BBF8E06C002805DC2B
:10255000606D401C6065022807D201E000206065C4
:10256000E069281AB0F5E17F0AD32946022000F07D
:1025700013F8BDE8704005A140F2276000F0A0B854
:1025800070BD0000C8000020102500084C454654CE
:102590005F435255495345007CB51A4C05004FF036
:1025A00000002571E1610E4660651DD0012D21D02E
:1025B000022D1FD0032D1DD0042D1BD040F28D20E5
:1025C00060816089A16B401A2065284600F094F86C
:1025D00001466069E26C301ACDE9002062890A4840
:1025E000A36BFEF72BFF7CBD40F265306081A06BD2
:1025F000E066E6E740F2BF106081032DE1D100F014
:1026000055F8DEE7C800002070E7000805494A7960
:102610001AB18A791AB1486A7047002070478969EF
:10262000401A7047C800002070B51A4C05468AB0A1
:10263000A0780E4600282BD10120A070E57010462E
:1026400000F08CF8E06EA0F54070653800D50020F1
:10265000216FA1F2BF11494200D50021A289E36C8C
:102660000DF1180C05938CE80700D4E90F230DF148
:10267000040CA06B216D8CE80F00206A00900DB156
:1026800005A100E006A132460748636AFEF7D6FEC0
:102690000AB070BDC8000020504153530000000034
:1026A0004641494C00000000B4E7000803480021FF
:1026B0008165C1650166416670470000C800002061
:1026C00070B50E46FFF714FD054D0446A8898442F7
:1026D00004D02046FFF7E6FB00B1AC812E6170BD4F
:1026E000C800002010B50C46FFF702FD2146BDE8EA
:1026F0001040FFF7E5BF000005280ED2DFE800F02C
:10270000030507090B0006A0704707A0704709A042
:1027100070470AA070470CA070470EA070470000D9
:10272000544F5F504F5335005455524E5F42524103
:102730004B450000544F5F4E4547350053455454B8
:102740004C455F4E4547350046494E495348454440
:1027500000000000554E4B4E4F574E00064A51792F
:102760009379994307D09169411A01205162907180
:1027700002A0FEF763BE7047C800002042414C4CE7
:102780005F42414C2C54494D45522C53544F502CD0
:1027900041543D4E4547352C544F54414C5F4D53A9
:1027A0003D256C750D0A0000FEE72DE9F0470D464A
:1027B000040023D094F87B0000B3FDB1D4E91501E7
:1027C0004218401A00EBD0704FEA600802EBD27258
:1027D000A16B206C4FEA62090A1802EBD272081A48
:1027E000571000EBD070461094F87900287094F8D8
:1027F0007A00687094F87A0018B106E00020BDE80D
:10280000F087606D08B9A06D58B30020A870E06C27
:1028100005F050FF6860206D05F04CFFA860606D0A
:1028200005F048FFE860A06D05F044FF28614846C8
:1028300005F040FF6861404605F03CFFA86138465E
:1028400005F038FFE861304605F034FF2862606C1F
:1028500005F030FF6862A06C05F02CFFA862012033
:10286000CDE70120D2E770B50C46050027D034B380
:102870002068002823DD6068002820DDA06800288B
:102880001DDDE06800281ADD2069002817DD606979
:10289000002814DDA069002811DDE06900280EDDA4
:1028A000206A00280BDD606A002808DDA06A002885
:1028B00005DDE06A002802DB206B002801DA002039
:1028C00070BD7C212846FDF7F8FC342221462846BD
:1028D000FDF7DAFC012085F87B00002085F87900FF
:1028E000012070BD70B50E46040006D094F87B0040
:1028F00018B1022E03D0032E01D0002070BD94F831
:102900007900032801D1022E12D0B04210D0002548
:10291000E5642565A566E56684F87850204605F0EF
:10292000A0FE84F8796094F87A0008B96565A56519
:10293000012070BD70B5040006D094F87B0018B17A
:10294000002901DD002A01DC002070BD0025E564BE
:102950002565A566E566C4E91C12012084F87800A7
:10296000204605F07EFE022084F8790094F87A0073
:1029700008B96565A565012070BD30B58DB004004E
:1029800014D0014634226846FDF77EFC94F87B5053
:102990007C212046FDF791FC342269462046FDF754
:1029A00073FC84F87B50002084F879000DB030BDB2
:1029B0002DE9F041154604002ED094F87B0058B361
:1029C00026680846724233461746C91705F064FE6A
:1029D000804633463A462846E91705F05DFE06462E
:1029E00058EA06001BD0404605F094FE05463046E6
:1029F00005F090FEC4E91A500646E06A05F08AFE2A
:102A0000616D814201DD002D04DB4242914212DA08
:102A1000002D10DD01210FE00020BDE8F08194F8C9
:102A20007900022823D0032821D02046BDE8F041B8
:102A30000221FFF757BF0021A26D824201DD002E67
:102A400004DB4042824203DA002E01DD012000E077
:102A5000002001430DD0C4E9135694F879000428EE
:102A600005D0204605F0FDFD042084F87900012002
:102A7000D3E794F87900022804D0032802D0042870
:102A800000D018B90121204605F03AFEC4E91356DA
:102A9000012084F87900606DA84202D1A06DB04297
:102AA00001D0012000E0002084F87A00DFE72DE962
:102AB000F0411546040034D094F87B0080B32668BA
:102AC0000846724233461746C91705F0E5FD8046B1
:102AD00033463A462846E91705F0DEFD05464046EE
:102AE00005F018FE6065284605F014FEA065616DCE
:102AF000C4E91310C4E91A10E0630020C4E90D1002
:102B000020646064A064E0652066606658EA0501A0
:102B100000D0012104F8791F60700120BDE8F08128
:102B2000FFE70020FAE710B5A0B190F87B208AB14A
:102B300081B190F87920012A0ED0022A0FD0032A01
:102B40000DD0042A0BD000214165816580F87A10F0
:102B5000012010BD002010BD05F0EFFEF8E705F0E4
:102B60005CFFF5E7002803DAB0F1004F01D04042E6
:102B700070476FF000407047C217401842EBE17297
:102B80006FF000434FF000011B1A914102DA6FF021
:102B9000004070474FF00041411A72F1FF31F8DAFE
:102BA0004FF000407047000040F60A6300221B1AF5
:102BB0008A4102DA40F60A607047034A821A71F1CC
:102BC000FF31F9DA00487047F6F1FFFF884201DA79
:102BD000084670479042FCDD104670470349044A9E
:102BE00080FB0101002300F005B80000AC1D0300CC
:102BF000606616002DE9F0410C4607460021154697
:102C000008461E46491BB0414FF0000017DA381A3B
:102C100074F100004FF002024FF0000328463146E5
:102C200004DBFDF700FBC019614104E0FDF7FBFA8E
:102C3000381A64EB01012A463346FDF7F4FABDE881
:102C4000F08100002DE9F041194E317829B3194C7B
:102C5000002720B3FEF774FCB0212046FDF72DFBC2
:102C600001252570A570A57100F06EF9A4F5B87066
:102C70000AF0CDFDA4F586700AF0C9FD0120FEF72B
:102C80006BFE002807D0B770E77101F0FBFAB06067
:102C9000757065700120BDE8F0810020FBE700F051
:102CA000E3F90020FEF758FE77706770F2E7000046
:102CB00008020020741A0020064910B5097849421C
:102CC000014201D1002010BDB0220349FDF7DCFA1A
:102CD000012010BD08020020741A0020F0B5484DF4
:102CE00099B000242C706C70AC70B0214548FDF791
:102CF000E4FA44487C21A838FDF7DFFA41482C214A
:102D00002C38FDF7DAFA00F0BFFC002875D000F08F
:102D100049FDFEF741FE00286FD0FEF7C5FB0028F5
:102D20006BD00DAB4FF40070082140F2A93283E85C
:102D300007007C22ADF8402041F28836721005234E
:102D4000ADF84420ADF848300427ADF84260ADF846
:102D500046408DF84A70CDE9130140F2BA30159023
:102D6000B720ADF85800ADF85C20ADF86030ADF894
:102D70005A60ADF85E408DF862700DA922480AF0E5
:102D800004FD002839D0204813A964300AF0FDFC66
:102D9000002832D04FF4FA700090DC2001904FF4FC
:102DA000AF70029040F24C4003904FF4E160049009
:102DB0004FF47A70CDE905064FF41670079040F68F
:102DC000B83008904FF46170099041F270700A9029
:102DD00002200B9014200C900A486946A838FFF78F
:102DE00042FD002809D000F0AFF801F04BFAA860CE
:102DF0000449012028700870887119B0F0BD0000E6
:102E000008020020741A00200419002002490878E2
:102E10004978084070470000080200200148007807
:102E200070470000080200200548017821B10549DB
:102E300080788979014301D00120704700207047D4
:102E400008020020741A002070B50B4CE07880B1A5
:102E50000A4DA5F1A800D5E90712FFF728FE0028C2
:102E600008D00020E070E060206160612872E864B2
:102E70002865012070BD000008020020741A00209F
:102E80000349044A80FB01010023FFF7B3BE0000A1
:102E900060661600AC1D030070B5144C0546207822
:102EA000002804D0022D03D0A07820B1002070BDEE
:102EB00000F0DAF816E0FFF7C7FF0028F7D0012D81
:102EC00012D002210A48FFF70DFD0028EFD0084973
:102ED0000020A831C860086148618861C862086341
:102EE0008871A080012070BD0321EBE7080200205B
:102EF000CC19002070B5124C0D4606462078A178FA
:102F0000884303D0002E01DD002D01DC002070BDC0
:102F1000FFF79AFF0028FAD02A4631460948FFF702
:102F200009FD0028F3D007490020A831C8600861D6
:102F300048618861C86208638871A080012070BD03
:102F400008020020CC19002010B51548FFF715FD28
:102F500013482C217C30FDF7B0F9124A10490020AB
:102F6000A8319080487101238B714872A1F89A00B2
:102F7000C860086148618861C86108624862886207
:102F8000C862086348638863C863086448648864E7
:102F9000D070D060106150610872C864086510BDBF
:102FA000CC190020080200202DE9F0472C4D0E46D8
:102FB0002978AA78914319D04FF4FA720021FFF7CB
:102FC00005FEC0F5FA720446904200DA0246002A75
:102FD00000DA002251423046FFF7F8FD0646E87855
:102FE000DFF880904FF0010A18B115E00020BDE82D
:102FF000F087D9E907871B483A464146A838FFF7CA
:1030000056FD0028F3D0A8EB070000EBD07040106D
:103010002861686185F803A0124822461146A83845
:10302000FFF7C6FC0028E2D0A846EE604D46A01986
:10303000A71BC5E90307FFF723FF68613846FFF7C1
:103040001FFFA861C5E90B4685F808A0EE6434436C
:1030500003D00020A871A8F804000120C7E70000F1
:1030600008020020741A002070B5154D2878002839
:1030700025D0FFF769FF134C0020A4F87400A4F8D2
:103080007600A067E067C4F88000C4F88400A4F864
:103090008800A4F88A00E0702071A4F5B8700AF0E6
:1030A000B6FBA4F586700AF0B2FB0120A870E071AF
:1030B00005216172A071BDE87040FEF73DBC70BD96
:1030C00008020020741A00202DE9F04385B0FFF7B4
:1030D0009DFE8D4FB97888437ED001F0D3F8064627
:1030E000B868351A052D18D3884C4FF00008192DF3
:1030F00014D96846FEF742FAFFF7B6FF84F802805B
:10310000A4F89850C4F8A06054F8A40F401C44F8E8
:103110004809206C401C2064BE60F3E06846BE6035
:10312000FEF72CFA00B3A8B24FF4FA51A0FB01014C
:1031300040F2E732801841F10001521C0023FDF7F4
:1031400072F8001D41F1000147F6FF7300221B1ABF
:103150008A4101DA47F6FF70BDF900C0BCF1000FEB
:1031600005DACCF1000103E0FFF77EFFCAE061461B
:10317000814201DC012200E00022BDF90210002999
:1031800001DA4B4200E00B46834201DC012000E003
:103190000020024202D1002A7ED0A1E0DDE9032313
:1031A000604600F047FBA8B200F0B4F80028DBD07E
:1031B000AAB2BDF9001056480AF068FB814654488F
:1031C000AAB2BDF9021064300AF060FB80460146E5
:1031D0004846FEF719FC00E07AE00028C4D04C48CD
:1031E0000AF0CBFA60624A4864300AF0C6FAA0627C
:1031F00047480AF0BAFAE065454864300AF0B5FA83
:10320000206643480AF0A1FA6066414850346430B1
:103210000AF09BFAA0616069FFF7E0FC6060A069BA
:10322000FFF7DCFCA0603A480AF072FAE061384827
:1032300064300AF06DFA206235480AF071FAA08411
:10324000334864300AF06CFAE08431480AF085FAB9
:10325000A0622F4864300AF080FAE0622C480AF03D
:1032600068FA20632A4864300AF063FA60632848E9
:103270000AF0C4FA04F84D0C254864300AF0BEFA8E
:1032800004F84C0CA4F83890A4F83A80BDF900106A
:10329000A187BDF8020000E01DE0E087206CFFF789
:1032A0006BFC2064BDF90210606CFFF765FC606484
:1032B000A8B200F02DF9012004F84E0CA4F84850F3
:1032C0002665E06C401CE064B87804F8490C0120E5
:1032D00005B0BDE8F083D4F8A820521CC4F8A8209B
:1032E00020B9D4F8AC00401CC4F8AC0024F88CCF52
:1032F000618004F88A8CFFF7B7FEA58166612069BA
:10330000401C20610020E3E708020020741A00201E
:10331000041900202DE9F05F834601467A48FFF743
:1033200002FC002863D0784977487C31FFF73DFAEA
:1033300000285CD07448DFF8D4817C3000F12C097F
:10334000D0E9036598F8031011B10178012950D034
:103350004269C9F834208269C9F83820C269C9F8BD
:103360003C20026AC9F84020426AC9F84420826AB7
:10337000C9F84820427889F805200078012806D04D
:10338000022804D0032802D0042800D0002089F8A5
:1033900009003046FFF774FDC117FFF705FC07462B
:1033A0002846FFF76DFDC117FFF7FEFB04465648A0
:1033B0003946C8380AF04BFA002818D0524821463E
:1033C00064380AF044FA002811D04846C0E909746C
:1033D000C0E9076598F8032089F80820D8F80C2080
:1033E000C9F84C20D8F814100120C9F85010BDE8D5
:1033F000F09F701900EBD07040104FF4FA7200216A
:10340000FFF7E4FB04465FEA0B004FF0000A30D000
:1034100041F27073A3FB0056002202FB0B6003FB1A
:103420000A0140F2E730281841F100014FF47A72A6
:103430000023FCF7F8FE421E71F1000201DA0120C0
:1034400000216FF0004300221B1A8A4101DA6FF05D
:103450000040D8E90332002817DDD9179D1A61EB27
:10346000E2714FEAE076471B76EB010703DA1318A7
:103470000BE05046EDE70027D0F1000C67EB0607A4
:10348000B5EB0C05B94100DA131AC4F5FA72184607
:10349000C8F81030944200DA2246002A00DA0022EE
:1034A0005142D8F81470FFF791FB2618251AC11B5A
:1034B000C8F814004FF47A7081FB00015A460023CB
:1034C000FFF798FB1049C9F83440D8F814307C3124
:1034D0000246C9F838304846CC69C9F844A0C0E96A
:1034E0000F42C9F848A0497829B9D8E90321914287
:1034F00001D18B4201D0012100E000214171012165
:1035000089F8091045E70000CC19002008020020C6
:1035100070B5164C0546606DFFF724FB0F2806DCDE
:10352000A06DFFF71FFB0F2801DC012100E0002147
:103530000E482C38807818B1606A08B9A06A80B14A
:10354000002008400A4904D088882844322800D93D
:103550003220888080B2A4F89A00322803D3012058
:1035600002E00120EDE70020A07170BD741A002078
:1035700008020020014800F05DBB00006C14002030
:10358000014800F057BB0000FC1700200168182319
:10359000CAB2103AB2FBF3F2054B6FF30901032AEA
:1035A0009B5CC36500D9091D816508467047000012
:1035B000BEE5000810B5014600208B698A6A4FF00D
:1035C000C07453B1B3F5005F15D072B1012A0CD0AD
:1035D000022A0AD0032A09D104E01AB1012A06D02E
:1035E000022A03D1C96AC90100D5012010BDC96AE8
:1035F000A142FAD010BD002AF7D0012AF2D0022A47
:10360000F3D0032AF3D010BD30B50468256825F443
:1036100080252560046863608368402B036803D0BD
:1036200099600068C26030BD9A600068C16030BDBA
:1036300070470000EFF3108072B604490A69521C0B
:103640000A61002800D162B6704700001400002013
:10365000401CC0B2082800D300207047002800DAC0
:1036600040427047064910B509784942014201D1EC
:10367000002010BD70220349FCF706FE012010BD9A
:1036800020020020281B0020034910B501200870EB
:1036900000F088F8012010BD200200202DE9F0473D
:1036A0003E4CD4E9020100F0A1F8C4E90A01D4E9D2
:1036B000040100F09BF8C4E90C01D4E9060100F014
:1036C00095F807468946D4E9080140F2BC5A5246AB
:1036D0000023FCF777FD0E4631490546A2FB0108A1
:1036E00003FB01814FF0000C02FB0C1152466346B4
:1036F000FCF768FD2A4A0023A5FB02C806FB0282EC
:1037000005FB032210EB0C0641EB020502223846B2
:103710004946FCF788FDC4E9100168084FEA360104
:10372000C4E91410D4E90A014FF47A752A464FF01F
:103730000003FCF778FD00F047F8A063D4E90C0122
:103740002A460023FCF76FFD00F03EF8E063D4E961
:1037500010012A460023FCF766FD00F035F8A0644E
:10376000D4E914012A460023FCF72CFD0022D0F1F5
:10377000FF338A4101D24FF0FF30A065D4E90B102E
:10378000A36A626B181A61EB02012A460023FCF758
:103790004AFD00F019F8E065BDE8F087281B00201D
:1037A000AC1D030010B570210548FCF786FD0548E7
:1037B000034902780A7000224A70427010BD00006E
:1037C000281B0020200200206FF0004300221B1A5B
:1037D0008A4102DA6FF0004070474FF00042821ACF
:1037E00071F1FF31F8DA4FF0004070472DE9F041F8
:1037F00040F2BC5632460023FCF715FD0C4F044640
:10380000A2FB070C0D4603FB07C3002102FB01319D
:1038100032460023FCF707FD3A46A4FB026705FB8E
:103820000272002304FB032280195141BDE8F0819C
:10383000AC1D03002DE9F0470D46214990469A46FC
:103840000A7832B1894649781E4C29B1226E424528
:1038500002D10020BDE8F087D4E90232C1171B185D
:103860004A41C4E90232D4E90463EA1776195341A4
:10387000C4E90463D4E9066347195141F2194B4185
:10388000C4E90623FFF7EAFE074600262846FFF7AD
:10389000E5FED4E908123818764140185641C4E9CB
:1038A0000806FFF7FBFEC4F868A0C4F86080606EED
:1038B000401C60660120607089F80100CAE70000C2
:1038C00020020020281B0020C217401842EBE172A2
:1038D0006FF000434FF000011B1A914102DA6FF0C4
:1038E000004070474FF00041411A72F1FF31F8DAA1
:1038F0004FF0004070470068436A08880B80181A30
:1039000000B2002A04D010F5004F02D0404200B2AD
:10391000704747F6FF70704772B6FEE778B500242F
:10392000009490F83C20012A19D0012280F83C2014
:103930000A6807230568092A13D9EE680A3A02EBD8
:10394000420293409E43EE600B788A680A3B03EB89
:1039500043039A400368DD682A43DA6010E00220DE
:1039600078BD2E6902EB420293409E432E610B7894
:103970008A6803EB43039A4003681D692A431A616E
:103980004A681F23072A13D205686E6B521E02EB8A
:10399000820293409E436E630B790A885B1E92B24B
:1039A00003EB83039A4003685D6B2A435A6327E065
:1039B00005680D2A12D22E6BD21F02EB82029340B1
:1039C0009E432E630B790A88DB1F92B203EB8303BD
:1039D0009A4003681D6B2A431A6311E0EE6A0D3AA0
:1039E00002EB820293409E43EE620B790A880D3B04
:1039F00092B203EB83039A400368DD6A2A43DA62DA
:103A0000164B0568144A9D4206D10D68122D03D14C
:103A1000556845F48005556005689D4218D10B68CE
:103A2000102B01D0112B13D1536843F400035360C2
:103A3000096810290CD10A490A4A0968B1FBF2F158
:103A400001EB8101490000E0491E00910029FBD1F2
:103A500080F83C40002078BD002301400020014058
:103A60008401002040420F0070B504004FF00005B3
:103A700003D0206C002610B107E0012070BD204665
:103A800000F01CF8666484F83C60206CC00610D41A
:103A9000206C20F4885040F0020020642046FCF79F
:103AA000BDFE6664206C20F0020040F0010020643E
:103AB00000E0012584F83C60284670BD70B586B0F2
:103AC000064614216846FCF7F8FB24493068884212
:103AD00042D123480025016841F4807101600068EB
:103AE0001F4900F4807014390590086840F0040004
:103AF0000860086800F004000590086840F00200C3
:103B000008600868032400F0020005903F208DE85B
:103B100031006946134800F0B3FA00946946124830
:103B2000CDE9014500F0ACFA114C1048C4E900059C
:103B30000015A560C4E90350400060618000A061E9
:103B40004011C4E907052046656200F043F908B159
:103B5000FFF7E2FEB463A66306B070BD002001402B
:103B60004438024000080240000402401064024051
:103B70006C1400202DE9F0410446876D00F082FBB3
:103B8000064694F835000025022806D0802060659E
:103B900084F834500120BDE8F0812068016821F0EC
:103BA000160101602068416921F080014161206CAB
:103BB00008B9A06C20B12068016821F008010160FB
:103BC0002068016821F0010101600CE000F05AFB5F
:103BD000801B052807D920206065032084F8350064
:103BE00084F83450D7E720680068C007EED194F815
:103BF0005C103F208840B860012084F8350084F8CC
:103C000034500020C7E790F83510022903D08021F6
:103C1000416501207047052180F835100068016872
:103C200021F00101016000207047406D704790F85D
:103C3000350070472DE9F84304464FF00009CDF8F0
:103C4000009063484FF41651A56D0068B0FBF1F782
:103C50002E6894F85C10082000FA01F131420FD070
:103C600021680A6852070BD50A6822F004020A602C
:103C700094F85C108840A860606D40F001006065B9
:103C800094F85C104FF0010808FA01F0304208D0B7
:103C900021684969090604D5A860606D40F00200FA
:103CA000606594F85C1004208840304208D0216898
:103CB0000968890704D5A860606D40F0040060655C
:103CC00094F85C1010208840304218D021680968B0
:103CD000090714D5A86020680168490304D5006865
:103CE000000308D5A16C07E00168C90503D4016889
:103CF00021F008010160216C09B12046884794F841
:103D00005C1020208840304231D021680968C90603
:103D10002DD5A86094F8350005282068016806D0E4
:103D2000490347D5006800031DD4616C1CE021F0F5
:103D3000160101602068416921F080014161206C19
:103D400008B9A06C20B12068016821F00801016069
:103D500094F85C103F208840A86084F8358084F88F
:103D60003490216D1FE0E16B09B120468847606DFA
:103D700000282BD0606DC00714D0052084F83500D2
:103D80002068016821F0010101600098401C00904A
:103D9000B84203D820680068C007F6D184F835809F
:103DA00084F83490E16C002910D001B02046BDE8C1
:103DB000F04308470168C905D5D4016821F0100116
:103DC000016084F8358084F83490CCE7BDE8F8834E
:103DD000840100202DE9F041044600F053FA064624
:103DE0005CB1022084F83500002584F83450206846
:103DF000016821F0010101600DE00120BDE8F081C2
:103E000000F040FA801B052805D9202060650320BA
:103E100084F83500F2E720680068C007F0D1226816
:103E2000116820480140D4E901031843D4E903365E
:103E30003343184363691843A3691843E36918437C
:103E4000236A18430843616A042903D1D4E90B1398
:103E500019430843106020684069666A20F0070132
:103E600030460E43012704280CD1A06A0643E06ABD
:103E700040B12046FFF79EFB20B14020606584F8EA
:103E80003570BAE7206846612046FFF77FFB94F85B
:103E90005C203F2191408160656584F83570002089
:103EA000ACE700003F8010F02DE9F0410446866D3C
:103EB00090F83400002501280DD0012084F834004A
:103EC00094F835700020012F07D084F834000225C3
:103ED0002846BDE8F0810220FBE7022784F8357010
:103EE00060652046FFF790FB94F85C103F20884007
:103EF000B0602068016841F016010160206C20B1BB
:103F00002068016841F0080101602068016841F003
:103F100001010160DCE700002DE9F04F0022DFF82D
:103F200038B101264FF00F0906FA02F401EA040342
:103F3000A3427DD122F003075F44D7F80888950794
:103F40004FEA157C09FA0CFA0AEA0805DFF80C8139
:103F5000404502D14FF0000832E0DFF804814045CF
:103F600002D14FF001082BE0DFF8F880404502D184
:103F70004FF0020824E0DFF8F080404502D14FF016
:103F800003081DE0DFF8E480404502D14FF004084B
:103F900016E0DFF8DC80404502D14FF005080FE065
:103FA000DFF8D080404502D14FF0060808E0DFF886
:103FB000C880404502D14FF0070801E04FF00808E3
:103FC00008FA0CF8A84522D12C4DD5F800C02CEAEF
:103FD000030CC5F800C005F1040CDCF800509D434B
:103FE000CCF80050254D0C35D5F800C02CEA030C58
:103FF000C5F800C02D1FD5F800C02CEA030CC5F889
:1040000000C0D7F8085825EA0A05C7F80858056817
:1040100057000323BB409D430560D50800EB850591
:10402000D5F820C057074FEAD76809FA08F700E02B
:104030000CE02CEA070CC5F820C0C5689D43C5609C
:104040004568A543456084689C438460521C102ADF
:10405000FFF46AAFBDE8F08F00300140000002407D
:104060000004024000080240000C02400010024020
:104070000014024000180240001C0240003C0140B5
:104080002DE9F84FDFF8BCA10022012503264FF0EF
:104090000F090AF1040BAAF1040E00BF0B6805FA20
:1040A00002F42340A34270D10F7907F00307012FD8
:1040B00001D0022F16D187684FEA420806FA08FCA1
:1040C00027EA0C07D1F80CC00CFA08FC4CEA070CE4
:1040D000C0F808C04768A7430C79C4F300149440A3
:1040E0003C4344600C79E443A4070AD0C4684FEA17
:1040F000420C06FA0CF7BC438F6807FA0CF727430B
:10410000C7600C7904F00304022C12D1D40800EB30
:10411000840CDCF820405707FF0E09FA07F824EA60
:104120000804D1F8108008FA07F848EA0408CCF827
:10413000208004684FEA420C06FA0CF7BC430F7962
:1041400007F0030707FA0CF7274307604C6814F4DD
:10415000403F70D03C4C276847F480472760246874
:1041600022F0030704F480440094384C07EB040C5D
:10417000DCF8084897074FEA177809FA08F7BC43B4
:10418000334FB84202D1002724E054E0314FB84207
:1041900001D101271EE0304FB84201D1022719E0BA
:1041A0002E4FB84201D1032714E02D4FB84201D160
:1041B00004270FE02B4FB84201D105270AE02A4F10
:1041C000B84201D1062705E0284FB84201D10727A0
:1041D00000E0082707FA08F72743CCF80878DAF850
:1041E00000405746D1F804C09C435FEACC2C00D570
:1041F0001C433C60DBF800405F46D1F804C09C43A0
:104200005FEA8C2C00D51C433C60DEF8004077460A
:10421000D1F804C09C435FEA8C3C00D51C433C6051
:10422000084F083F3C68D1F804C09C435FEACC3C8F
:1042300000D51C433C60521C102AFFF42FAFBDE890
:10424000F88F0000083C0140443802400030014033
:10425000000002400004024000080240000C02403E
:10426000001002400014024000180240001C0240EE
:104270000069084000D0012070470AB18161704791
:104280000904FBE7014880687047000078010020BE
:104290007047704710B5040013D0242084F83D0007
:1042A0002068016821F001010160204600F0A8FAB1
:1042B0000020206484F83D0044F8300FA073207380
:1042C00010BD012010BD2DE9F041016804464A6986
:1042D0004E6890F83E000025D743FA0506D4F24315
:1042E000D20503D46FF4807201254A61B90508D460
:1042F000F143C90505D422686FF4007145F0020549
:104300005161790525D4F143C90522D4638D94F810
:104310003D10226B202808D13BB9212910D0292932
:104320000ED0282901D1212A0AD022686FF4806199
:10433000516145F00405102806D0402804D008E05B
:10434000204602F0CDF904E02068016841F40071D4
:104350000160380508D4F043C00505D421686FF426
:10436000006045F008054861002D07D0206C284307
:1043700020642046BDE8F04101F036BEBDE8F08182
:104380002DE9F047026800215368C66A90F83E4064
:1043900090F83D50102C12D0402C10D0046C002C02
:1043A0007DD05469E443A6077AD4DE43B60577D4BA
:1043B000036C03B19169BDE8F04702F06DB99769EC
:1043C00051694FF42A0CC9435FEAC1784FF02A497A
:1043D00004D066452AD04E4528D010E0DE43B6050D
:1043E0000DD4C16A614501D1012103E0C16A49458B
:1043F00001D10821C162BDE8F04702F0B3B80E0751
:1044000016D4DE43B60513D4416CC9B21161416BB9
:1044100009B1C96B29B9816B002907D0C96B002983
:1044200004D00068416841F400614160BDE8F08754
:104430008E0706D4DE43B60503D4BDE8F04702F08C
:1044400005B8FE43526876074FEA02521DD4002A8F
:10445000ECDB0A0608D4DA43520505D4490705D532
:10446000BDE8F04701F096BF4907DFD4D94389057D
:10447000DCD4212D05D0402CD8D1BDE8F04702F086
:10448000B7B8BDE8F04701F043BF002ACEDB4A06CB
:104490000BD4DA43520508D4490708D501E00DE0F2
:1044A0000EE0BDE8F04701F0B9BE4907BED4D943DC
:1044B0008905BBD4BDE8F04701F042BE916970E7C1
:1044C000E10606D4D943890503D4BDE8F04702F0DC
:1044D0004FB92821212D27D0292D25D0650655D467
:1044E000DD436D0552D4640752D590F83D30448DBC
:1044F000002C9BD01269446A2270426A521C4262AC
:10450000428D521E4285428D002A8FD12A2B8DD199
:104510000268536823F4806353602222026380F8A8
:104520003D1000F009FA81E7250623D4DD436D052F
:1045300020D4640720D590F83D30448D002CF2D073
:10454000446A24781461426A521C4262428D521EAF
:104550004285428D002AE6D1292BE4D102685368B6
:1045600023F4806353602122026380F83D1000F041
:10457000E4F95BE76107D6D4D9438905D3D4418DEB
:104580000029D0D0416A097811610AE06107CAD4D4
:10459000D9438905C7D4418D0029C4D01169426A25
:1045A0001170416A491C4162418D491E41853DE7B8
:1045B000FDF7A8BA70B5040025D094F83D00002599
:1045C00020B984F83C50204600F050F9242084F8AB
:1045D0003D002068016821F0010101602068016848
:1045E00041F4004101602068016821F4004101604C
:1045F00000F0E8FA4D4A6168914201D84C4900E068
:104600004C49884201D2012070BD4B492368B0FB60
:10461000F1F15E6826F03F060E435E6063689342E8
:1046200006D94FF4967359434FF47A73B1FBF3F103
:104630002368491C1E6A26F03F06314319626168EF
:10464000914210D84900401EB0FBF1F2521CC2F357
:104650000B02042A01D2042022E0B0FBF1F0401C3E
:10466000C0F30B001CE0A268F2B301EBC10303EB43
:104670000116431EB3FBF6F35B1C43F480431B059A
:1046800049D092B301EBC10202EB0111401EB0FB15
:10469000F1F0401CC0F30B0040F4804040F40040B7
:1046A0002168CA694CF6FF739A431043C861D4E984
:1046B000071001432068026822F0C0021143016024
:1046C000D4E9030101432068826848F2FF339A432A
:1046D00011438160D4E9050108432168CA6822F0CA
:1046E000FF021043C86001E00EE016E02068016898
:1046F00041F0010101602564202084F83D0025631C
:1047000084F83E50002070BD01EB4106431EB3FB10
:10471000F6F35B1CB3E70120C2E701EB4101401E49
:10472000B0FBF1F0401CC0F30B00B7E7A08601001E
:1047300080841E0000093D0040420F007047704712
:10474000FDF742BB78B50024009490F83D50202D31
:104750004ED1284D46F2A8162D68B5FBF6F505EBAF
:10476000C50606EB051500956D1E009506D005687B
:10477000AD69ED43AD070BD4009DF5E740F8304F30
:10478000202141738473016941F0200101612FE010
:1047900090F83C50012D2BD0012580F83C50056845
:1047A0002E68F60703D12E6846F001062E600568D4
:1047B0002E6826F400662E60212580F83D501025D5
:1047C00080F83E50046442624385428D02850A4A65
:1047D000C262416480F83C4001684A6842F4E06289
:1047E0004A600068016841F480710160002078BD72
:1047F000022078BD840100200000FFFF7047704751
:1048000010B50068154A1649164C904213D1086835
:1048100020F40010086040212046FFF77DFB802136
:104820002046FFF779FB1F2000F0E2F8BDE81040BA
:10483000202000F0DDB80C4A90420ED1086820F428
:104840008000086011152046FFF766FB2046BDE892
:1048500010404FF40061FFF75FBB10BD00540040F3
:10486000403802400004024000580040F0B587B0D4
:10487000044614216846FBF720FD27682B4CDFF81F
:10488000A8C00022294912230325042628481034F1
:1048900067452AD10F6847F002070F60096802AF29
:1048A00001F002010591C021CDE9001387E8640001
:1048B0006946FFF7E5FB206840F40010206020689F
:1048C000002200F40010059003211F2000F0AEF834
:1048D0001F2000F09EF800220321202000F0A6F8FF
:1048E000202000F096F807B0F0BDDFF848C067451B
:1048F000F9D10F6847F002070F60096802AF01F0B5
:10490000020105914FF44061CDE9001387E864008E
:104910006946FFF7B5FB206840F4800020602068FE
:1049200000F480000590DEE700540040303802407B
:1049300000040240005800407047704702488168F8
:104940000278114481607047780100200B4810B54F
:10495000016841F400710160016841F48061016007
:10496000016841F480710160032000F07FF80F209E
:1049700000F006F800F024F8002010BD003C0240D2
:1049800070B50D4D04464FF47A712878B1FBF0F004
:104990000A490968B1FBF0F000F01AFB48B9102C85
:1049A00007D200222146501E00F040F800206C6023
:1049B00070BD012070BD000078010020840100203E
:1049C0000A4808B5016841F480410160006800F4BC
:1049D000804000900548001F016841F0805101604F
:1049E000006800F08050009008BD0000443802408C
:1049F00000280DDB00F01F020121914040098000DA
:104A000000F1E020C0F88011BFF34F8FBFF36F8F2C
:104A10007047002809DB00F01F0201219140400986
:104A2000800000F1E020C0F800117047F0B40E4B98
:104A30001B680C46C3F30223C3F10705042D00D9FC
:104A40000425191D072901D2002300E0DB1E0126E1
:104A500006FA05F1491E214099409E40761E1640F7
:104A60003143F0BC09F08CB80CED00E0064900F0D1
:104A7000070208684FF6FF03184040EA0220034A85
:104A800010430860704700000CED00E00000FA05DC
:104A90002DE9F0470E46050065D0DFF81481D8F8FF
:104AA0000000F7B200F00700B04207D288F80070AB
:104AB000D8F8000000F00700B04254D128683D4CFF
:104AC000810712D5400703D5206840F4E0502060EC
:104AD0002878000703D5206840F4604020602068F3
:104AE000A96820F0F000084320602878C0072DD086
:104AF000304968680839012812D0022813D00328E9
:104B000011D00968890700292DDA216821F00301F5
:104B100001432160FFF7B6FB814641F2883A0EE07F
:104B200009688903EFE709688901ECE7FFF7AAFB49
:104B3000A0EB0901514502D90320BDE8F0872068A8
:104B4000696800F00C00B0EB810FEFD1D8F80010CD
:104B5000404601F00701B14207D90770006800F034
:104B60000700B04201D00120E7E72878400705D5CB
:104B70002068E96820F4E0500843206028780007A6
:104B800006D52068296920F4604040EAC100206011
:104B900000F038F82168084AC1F30311515CC8409D
:104BA0000649086006480068FFF7EAFE0020C4E7EF
:104BB000003C024008380240C6E50008840100209D
:104BC0007C0100200448054900680968044AC1F3D3
:104BD0008221515CC840704784010020083802409F
:104BE000D6E500080448054900680968044AC1F38D
:104BF0004231515CC84070478401002008380240AF
:104C0000D6E50008154810B5006810F00C021448ED
:104C100013D04110042A0FD0082A0ED10F4C241FA4
:104C20002268236802F03F025B0207D52068C0F3C8
:104C30008810A0FB010106E0084610BD2168C1F301
:104C40008811A1FB00010023FBF7BCFA2168C1F326
:104C50000141491C4900B0FBF1F010BD0838024089
:104C60000024F4002DE9F84F04006ED02078DFF81E
:104C70004C93C007A9F104054AD009F1040001686A
:104C8000C1F38101012908D00068C0F38100022826
:104C90000AD1D9F80000400206D52868800337D52C
:104CA00060680028E1D033E06068B0F5803F10D044
:104CB000B0F5A02F286810D020F480302860286834
:104CC00020F4802028606068A8B1FFF7DBFA064670
:104CD0000DE0286840F48030F4E740F4802028603C
:104CE000F7E700BFFFF7CEFA801B642873D8286867
:104CF0008003F7D50CE0FFF7C5FA064605E000BFD4
:104D0000FFF7C0FA801B6428F0D828688003F7D426
:104D10002078DFF8AC8280074FF0000A3ED5A74824
:104D2000001D016811F00C0F08D00068C0F381006D
:104D300002280BD1D9F80000400207D42868800768
:104D400016D5E068012800D112E033E1E068B8B17F
:104D50000120C8F80000FFF795FA064605E000BFFD
:104D6000FFF790FA801B0228C0D828688007F7D583
:104D70002868216920F0F80040EAC10028600DE0B1
:104D8000C8F800A0FFF77EFA064604E0FFF77AFABB
:104D9000801B02281FD828688007F7D420780007D6
:104DA00022D5864F87486169703771B10121016052
:104DB000FFF768FA064604E0FFF764FA801B022852
:104DC00009D838688007F7D50EE0C0F800A0FFF7D3
:104DD00059FA064605E082E0FFF754FA801B0228E4
:104DE0007DD838688007F7D42078400768D5DFF889
:104DF000CCB100270BF13C0BDBF80000C0000BD45A
:104E0000DBF8001041F08051CBF80010DBF8000017
:104E1000012700F0805000906B4E3068C00510D420
:104E2000306840F480703060FFF72CFA009005E0A5
:104E3000FFF728FA0099401A022850D83068C005B8
:104E4000F6D55E4EA0686C3601280FD00528306874
:104E500010D020F001003060306820F00400306095
:104E6000A068B8B1FFF70EFA00900FE0306840F08C
:104E70000100F4E740F004003060F7E7FFF702FAC2
:104E80000099411A41F28830814266D83068800723
:104E9000F4D50EE0FFF7F6F9009007E0FFF7F2F91E
:104EA0000099411A41F28830814256D83068800713
:104EB000F4D42FB1DBF8001021F08051CBF80010B2
:104EC000A069C8B33D49091D0968C1F381010229E0
:104ED0004AD00228504607D0C8F8600000E03CE005
:104EE000FFF7D0F904463BE04746C8F86000FFF7FB
:104EF000C9F9064605E000BFFFF7C4F9801B022888
:104F00002BD828688001F7D4D4E907010843A16AA7
:104F10002E4A490802EB0141626A41EA82110843C4
:104F200094F82C1040EA0161C9F80010012038669D
:104F3000FFF7A8F9044606E03EE000BFFFF7A2F93C
:104F4000001B022809D828688001F7D534E000BF8B
:104F5000FFF798F9001B022802D90320BDE8F88F5B
:104F600028688001F4D427E00128F7D0D9F80000A0
:104F7000E26900F4800191421CD1226A00F03F01F5
:104F8000914217D147F6C071626A0140B1EB821FAE
:104F900010D1A26A4FF0FF3300F4403103EB52020C
:104FA000B1EB024F06D194F82C1000F07060B0EB1A
:104FB000016F01D00120D1E70020CFE70438024083
:104FC00000004742800E4742007000400000FFFF93
:104FD00010B5401EB0F1807F01D3012010BD4FF00D
:104FE000E02460610F21601708F0CAFD0020A06175
:104FF00007202061002010BD10B590F83C20012A48
:1050000022D0012280F83C20CA688C6822F44072C9
:1050100022434C6822F4806222430C6822F400622E
:1050200022430C6922F4805222434C6922F400523C
:105030002243C969002322F480420A4301684A647A
:1050400080F83C30002010BD022010BD70B590F8F3
:105050003C20012A32D0012480F83C40022280F812
:105060003D2003685A689D6822F070060A68324342
:105070005A60134B02689A4214D0B2F1804F11D09B
:10508000104B9A420ED0104B9A420BD00F4B9A42C3
:1050900008D00F4B9A4205D00E4B9A4202D00E4BCD
:1050A0009A4204D1496825F080031943916080F841
:1050B0003D40002180F83C10084670BD022070BDC4
:1050C000000001400004004000080040000C0040C7
:1050D00000040140004001400018004010B50400E9
:1050E00003D094F83D0010B107E0012010BD00206E
:1050F00084F83C00204600F01FF8022084F83D00B0
:10510000211D206803F0CEFF012084F8460084F8BA
:105110003E0084F83F0084F8400084F8410084F8A1
:10512000420084F8430084F8440084F8450084F881
:105130003D00002010BD000008B50068B0F1804FB0
:1051400008D10548016841F001010160006800F0E4
:105150000100009008BD00004038024070B50446D0
:1051600090F83C000025012817D0012684F83C6007
:10517000022084F83D002068826822F0770222F441
:105180007F4282600868502838D00DDC20284FD03C
:1051900005DC90B3102811D14AE0022070BD302800
:1051A00046D040280AD13BE060282FD070280DD08F
:1051B000B0F5805F03D0B0F5005F12D0012584F810
:1051C0003D60002084F83C00284670BDCB68D1E9E2
:1051D0000121206803F0DBFF2068816841F077013E
:1051E00009E0CB68D1E90121206803F0D0FF2068F5
:1051F000816841F480418160E1E719E0CA6849684B
:10520000206804F099F85021206806E0CA684968CF
:10521000206804F0A2F86021206803F0C2FFCEE706
:10522000CA684968206804F087F840212068F4E7DC
:10523000226801461046F0E72DE9F0410D460400D2
:1052400003D094F83D0018B108E00120BDE8F081DA
:10525000002084F83C00204600F040F8022084F84A
:105260003D002068816844F2070291438160211D5E
:10527000206803F017FF226890689169166A2B680E
:10528000AF69034340F20330814341EA0721A86834
:10529000EF6908434FF6FC418843E96840EA07207C
:1052A000014328692F6A000140EA07300843696812
:1052B0006D6926F0AA0646EA05152943936022681F
:1052C000906154F8460B0162012004F81F09E07553
:1052D0002076E0762077A0750020B7E730B587B05C
:1052E000044614216846FAF7E8FF214824681F4D58
:1052F00000221F4910380223AC4216D10C6844F03A
:1053000002040C60096801F002010591016841F096
:10531000040101600068694600F004000590C020A7
:105320000090CDE90132134819E0134DAC421AD177
:105330000C6844F004040C60096801F00401059154
:10534000016841F0080101600068694600F008004A
:1053500005904FF440500090CDE901320748CDE967
:105360000323FEF78DFE07B030BD000000040040AF
:10537000403802400008024000080040000C024093
:1053800070B590F83E60044690F83F5090F8423077
:1053900090F84320022021B104290ED0012E1BD108
:1053A00014E0012E18D1012B16D184F83E0084F8A8
:1053B000420001220021206820E0012D0CD1012AA9
:1053C0000AD184F83F0084F8430014E0012D03D192
:1053D000012B01D1012A01D0012070BD84F83E00CB
:1053E00084F83F0084F8420084F843000122002141
:1053F000206803F0BFFE01220421206803F0BAFEFA
:105400002068016841F001010160002070BD30B5E5
:10541000044600680D0023D0042D04D0002211465C
:1054200003F0A8FE20680022042103F0A3FE2068F8
:10543000016A41F21112114207D1016A9210114220
:1054400003D1016821F00101016001205DB1042D4B
:105450000DD004F83E0F607020716071002030BDE7
:1054600000221146E1E704F83E0F2071F6E704F848
:105470003F0FFAE730B587B0044614216846FAF7C3
:105480001CFF2468174D0021174802230322AC4259
:1054900011D1046844F0010404600068CDE90212EF
:1054A00000F001000590D801CDE90003012004902F
:1054B00069460E4812E00E4DAC4211D1046844F02A
:1054C000100404600068CDE9021200F0100005909D
:1054D0006020CDE90003694604920648FEF7D0FD3E
:1054E00007B030BD000001403038024000000240EB
:1054F000004001400010024070B5044690F83C00A6
:1055000000260D4601280FD0012084F83C006AB126
:10551000042A1DD0082A2FD00C2A3FD001260020B3
:1055200084F83C00304670BD022070BD206803F056
:1055300041FE2068816941F008018161206881692C
:1055400021F004018161206881692A69114311E019
:10555000206803F05FFE2068816941F40061816189
:105560002068816921F480618161206881692A69EC
:1055700041EA02218161D2E7206803F081FE2068C0
:10558000C16941F00801C1612068C16921F00401CD
:10559000C1612068C1692A69114311E0206803F0E4
:1055A000A3FE2068C16941F40061C1612068C1693E
:1055B00021F48061C1612068C1692A6941EA022140
:1055C000C161ACE710B5040003D094F83D0010B100
:1055D00007E0012010BD002084F83C00204600F0C8
:1055E0001FF8022084F83D00211D206803F05AFDB9
:1055F000012084F8460084F83E0084F83F0084F8D7
:10560000400084F8410084F8420084F8430084F8A4
:10561000440084F8450084F83D00002010BD0000DF
:1056200008B50C4A01680C48914207D1016841F065
:1056300001010160006800F0010009E0074A9142A1
:1056400007D1016841F480310160006800F48030C6
:10565000009008BD00000140443802400040014075
:1056600010B50446022249B104290ED0082913D0EE
:1056700094F84100012816D0012010BD94F83E0096
:105680000128F9D184F83E200FE094F83F0001286A
:10569000F2D184F83F2008E094F840000128EBD1D3
:1056A00084F8402001E084F841200122206803F0C2
:1056B00061FD16492068164A884201D0904203D104
:1056C000436C43F4004343642068884213D0B0F134
:1056D000804F10D00F4988420DD00F4988420AD020
:1056E0000E49884207D0904205D00D49884202D029
:1056F0000C49884204D1816801F00701062903D0D2
:10570000016841F001010160002010BD000001406E
:10571000000401400004004000080040000C00406C
:10572000004001400018004030B504460D460068B6
:10573000002203F01FFD194B41F2111120688A105D
:10574000984202D0164B984209D1036A0B4206D107
:10575000036A134203D1436C23F40043436420687B
:10576000036A0B4206D1016A114203D1016821F09C
:105770000101016001203DB1042D08D0082D09D0A0
:1057800084F84100002030BD84F83E00FAE784F838
:105790003F00F7E784F84000F4E700000000014014
:1057A00000040140704770B5044620680C3050E892
:1057B000001F21F4F07140E80012002AF5D12068A2
:1057C000143050E8001F21F0010140E80012002AC7
:1057D000F5D1206B012809D120680C3050E8001F5A
:1057E00021F0100140E80012002AF5D1206840693C
:1057F0004FF0100600064FF0000515D52068143054
:1058000050E8001F21F0800140E80012002AF5D185
:10581000A06B48B10565A06BFEF7ACF920B1A06B99
:10582000FEF703FA202824D020684069400615D5E9
:105830002068143050E8001F21F0400140E80012B9
:10584000002AF5D1E06B48B10565E06BFEF792F9EF
:1058500020B1E06BFEF7E9F920280AD0E584E58560
:105860006564202084F8420084F84100256300200C
:1058700070BD6664032070BD70B5044620680C30AE
:1058800050E8001F21F4907140E80012002AF5D181
:105890002068143050E8001F21F0010140E8001298
:1058A000002AF5D1206B012809D120680C3050E87E
:1058B000001F21F0100140E80012002AF5D12068F5
:1058C00040694FF00005400615D52068143050E8B7
:1058D000001F21F0400140E80012002AF5D1E06BE2
:1058E00048B10565E06BFEF745F920B1E06BFEF7C6
:1058F0009CF9202806D0E585202084F84200256305
:10590000002070BD10206064032070BD70B5044697
:1059100020680C3050E8001F21F0C00140E8001260
:10592000002AF5D1206840691546000615D5206883
:10593000143050E8001F21F0800140E80012002AD6
:10594000F5D1A06B48B10565A06BFEF713F920B146
:10595000A06BFEF76AF9202805D0E584202084F8A2
:105960004100002070BD10206064032070BD10B5A0
:105970000446FBF7EDFB2046FBF7AAFE2046BDE8F8
:105980001040FCF7A3BA0000F8B5016804460868A7
:10599000CA684B6910F00F0F4FF0000559D003F0A3
:1059A000010602F49077374365D0C10705D0D105D1
:1059B00003D5616C41F001016164410705D5D90748
:1059C00003D0616C41F002016164810705D5D907FC
:1059D00003D0616C41F004016164010707D502F056
:1059E0002001314303D0616C41F008016164616CB6
:1059F00000293AD0800604D5900602D5204607F04B
:105A0000A4FB20684069616CC0F38010090700D4D2
:105A100060B3204607F064FB20684069400621D54A
:105A20002068143050E8001F21F0400140E80012C7
:105A3000002AF5D1E06BA8B172490165E06BFEF771
:105A4000E2F8002811D0E06B016D01B0BDE8F04034
:105A5000084783060FD593060DD52046BDE8F840CC
:105A600007F073BB2046FFF782FFF8BD2046FFF723
:105A70007EFF6564F8BD266B2023012E7ED1C6060D
:105A80007CD5D6067AD508684868009048694FF0FA
:105A9000020640064DD5E26B106840684FF48077EF
:105AA0000004000C3AD0A18D814237D9E085D0693D
:105AB000B8422DD020680C3050E8001F21F48071CE
:105AC00040E80012002AF5D12068143050E8001F89
:105AD00021F0010140E80012002AF5D120681430BD
:105AE00050E8001F21F0400140E80012002AF5D1E3
:105AF00084F84230256320680C3050E8001F21F004
:105B0000100140E80012002AF5D1E06BFEF732F8F0
:105B10006663A08DE18D401A81B206E0A18D8142BD
:105B2000A8D1D069B842A5D166632046FFF73AFEF6
:105B3000F8BDA08DE18D401A81B2E08D0028F7D02C
:105B40000029F5D020680C3050E8002F22F4907224
:105B500040E80027002FF5D12068143050E8002FCE
:105B600022F0010240E80027002FF5D184F84230EE
:105B7000256320680C3050E8002F00E006E022F09A
:105B8000100240E80023002BF3D1CDE705062BD50A
:105B9000150629D594F841002128C9D1A068B0F58F
:105BA000805F01D12069B0B1206A411C2162216867
:105BB00000784860E08C401E0004000CE084B7D1FF
:105BC0002068C16821F08001C1602068C16841F08F
:105BD0004001C160F8BD206A0088C0F30800486039
:105BE000206A801C2062E5E74006F3D55006F1D517
:105BF000CA68204622F04002CA6084F8413000F0B2
:105C000076F9F8BD3DD0000870B5040004D094F8D2
:105C10004100002510B106E0012070BD84F840501D
:105C2000204600F023F8242084F841002068C16851
:105C300021F40051C160204607F0E8FA20680169AC
:105C400021F4904101612068416921F02A014161FC
:105C50002068C16841F40051C1606564202084F867
:105C6000410084F842006563002070BD2DE9F047D3
:105C700086B0064614216846FAF71FFB5949584872
:105C800037680024574A1039022303254FF0080CC7
:105C900087421DD1106840F400201060106800F4A5
:105CA00000200590086840F0040008600868694614
:105CB00000F004000590A8028DE839104A48FEF76C
:105CC000DFF9002202213420FEF7B0FE34203FE04D
:105CD0004448DFF81881001DDFF814A14FF00709D0
:105CE00047453AD1026842F010020260006800F0B5
:105CF00010000590086840F00100086008686946D7
:105D000000F0010005904FF4C0608DE83902504664
:105D1000FEF7B6F9384D374828604FF000606860EC
:105D20004020C5E902040001C5E90404AC61EC614E
:105D30002C6228466C62FEF74DF808B1FDF7ECFDC9
:105D4000B563002201212520AE63FEF76FFE2520FA
:105D5000FEF75FFE06B0BDE8F087284EB7421DD1C2
:105D6000106840F400301060106800F400300590B6
:105D7000086840F0010008600868694600F001000A
:105D800005900C208DE839025046FEF779F9002283
:105D900003212620FEF74AFE2620D9E7184A97421B
:105DA000D8D1026842F020020260006800F02000B2
:105DB0000590086840F0400008600868694600F0F7
:105DC000400005904FF484408DE839100D48FEF7EF
:105DD00057F9002202214720FEF728FE4720B7E7A7
:105DE000004C0040403802400008024000100140D2
:105DF00000000240B8640240FC170020004400404C
:105E0000001401400018024090F84230202B01D0CD
:105E10000220704721B11AB10023036307F07CBA56
:105E20000120704710B50446FBF74AFD2046BDE847
:105E30001040FCF7DDB8000070B5044690F8410052
:105E4000202801D0022070BD01B3FAB12162A284E2
:105E5000E28400206064212384F84130A56B144B58
:105E6000EB63A56B134B2B64A56B134BEB64A36B1C
:105E7000186520681346A56B021D2846FEF714F826
:105E800030B110206064202084F84100012070BDF2
:105E900021686FF0400008602068143050E8001F4F
:105EA00041F0800140E80012002AF5D1002070BDC9
:105EB00095D00008D7D000084BD0000890F84130AA
:105EC000202B01D00220704779B172B10162828427
:105ED000C28400214164212180F841100068C1681A
:105EE00041F08001C160002070470120704710B56B
:105EF0000446FBF70DFA2046BDE81040FBF70EBD47
:105F00007047FEE70148FEF7DEB90000CC14002020
:105F10000148FEF735BA0000CC14002038B5806B7C
:105F2000002190F83D202B4B46F2A8141B68B3FBD0
:105F3000F4F3C3EBC30303EB830300933BB15B1E9A
:105F4000009303681B689B0505D5009BF6E7036C6F
:105F500043F020030364436B03B1D963836B03B144
:105F6000D96303681C6824F480641C604185436B1A
:105F700003B11965836B03B1196503681C6824F0CC
:105F800001041C6090F83D402023602C0BD0282495
:105F900034EA02020FD080F83D3080F83E1000BF96
:105FA000FEF706FB38BD80F83D3080F83E100164F6
:105FB000FEF76EF938BD0268136843F00103136001
:105FC0000268136843F480631360016380F83D4006
:105FD000E6E700008401002000684169C943090622
:105FE00001D400210161704770B5044690F83D006E
:105FF00094F83E10102901D0402906D1222804D15E
:1060000021680A6822F400620A60282131EA00024D
:106010004FF000054FF0200626D021684968090599
:1060200005D4602803D084F83D6084F83E50256391
:1060300020684168090537D5416821F40061416055
:10604000606B90F835203C49012A11D00165606BE6
:10605000FDF7D9FD38B32068016821F00101016026
:1060600084F83D60606B1CE0256384F83D10DFE739
:10607000A06B0165A06BFDF7C6FDA0B1206841696A
:10608000C943490605D40069616A0870606A401C0A
:1060900060622068016821F00101016084F83D60C0
:1060A000A06B016D884710E094F83D10602910D076
:1060B0004169C943490605D40069616A0870606A8C
:1060C000401C60622046FEF773FA206CC1071CD1A9
:1060D00015E084F83D6025644169C943490605D44B
:1060E0000069616A0870606A401C6062206801682B
:1060F00021F0010101602046FEF7CAF8E5E78107BB
:1061000003D4410701D4000704D52068416821F475
:10611000E061416094F83D00216C49070BD52828C7
:1061200009D10648E062256384F83D6084F83E505A
:106130002046FEF703FB70BD1D5F00080000FFFF57
:1061400010B5C26A438D0168042B06D0438D032B22
:1061500008D0438D022B1DD012E04A6822F48062E1
:106160004A600CE04B6823F480634B60042A06D03D
:10617000022A04D001680A6822F480620A60016879
:106180000969426A1170416A491C4162418D491E88
:10619000418510BD012A34D0102A32D0042A34D0CF
:1061A000022A32D00B6843F400730B60016809695E
:1061B000436A1970416A491C4162438D5B1E4385E5
:1061C00003681B690B70416A491C4162418D491E7D
:1061D000418501684B6823F440734B60202180F8AF
:1061E0003D1090F83E300021402B80F83E1010D03A
:1061F000082A02D0202A00D012210163FEF79FFA5C
:1062000010BD0B6823F48063CFE70B6843F4806311
:10621000CBE70163FEF7F2FA10BD000038B590F845
:106220003D10222910D1C36A418D03290DD901687F
:106230000969426A1170416A491C4162418D491ED7
:106240004185418D032906D038BDC26A022A02D099
:10625000012906D029B10068416821F480614160BC
:1062600038BD2A4A46F2A81400211268B2FBF4F2A3
:1062700002EB8202009202682024009D6D1E0095B0
:1062800026D01568AD05F8D4156825F4806515602D
:106290000268556825F4E065556002681269456A30
:1062A0002A70426A521C4262428D521E428580F818
:1062B0003D4090F83E2080F83E10402A21D0082B27
:1062C00002D0202B00D012210163FEF738FA38BD2E
:1062D000036C43F020030364536823F4E0635360CA
:1062E00002681269436A1A70426A521C4262428D05
:1062F000521E428580F83D4080F83E10FEF758F966
:1063000038BD0163FEF77AFA38BD00008401002031
:1063100010B5C26A90F83D1021290BD1418D51B1C1
:10632000416A026809781161416A491C4162418DE4
:10633000491E418510BD20230021082A13D0202AA0
:1063400011D012F5803F0ED00268546824F4E06446
:1063500054601122026380F83E1080F83D3000BF87
:10636000FEF7EEF910BD0268546824F4E06454604E
:106370000268146844F400741460016380F83D30CE
:1063800090F83E2080F83E10402AE9D1FEF737FA17
:1063900010BD000010B590F83D1090F83E30C26A74
:1063A000048DB4B1212903D0402B11D122290FD162
:1063B000418DE1B390F83E10402942D0416A026815
:1063C00009781161416A491C4162418D491E41852C
:1063D00010BD2129E8D120230021082A13D0202A2A
:1063E00011D012F5803F0ED00268546824F4E064A6
:1063F00054601122026380F83E1080F83D3000BFE7
:10640000FEF79EF910BD0268546824F4E0645460FD
:106410000268146844F400741460016380F83D302D
:1064200090F83E2080F83E10402AE9D100E002E0DA
:10643000FEF7E5F910BD0068416821F48061416014
:1064400010BDBDE8104000F0D3B8000078B590F85A
:106450003E50C26A036B90F83D6000240168222E12
:106460007AD1066D0EB9402D76D0056D1DB905693E
:10647000B5F5404F09D0458D05B3468D384D012EF9
:106480000ED0438D022B3AD05DE04A698A690092B2
:106490000A6842F480720A60016D491C016578BD8A
:1064A000AA4213D10A6822F480620A6001684A682D
:1064B000120503D50A6822F4806216E04A698A69E7
:1064C00000920A6842F400720A6039E0082A10D08B
:1064D000202A0ED0122B0AD0042A03D0022A01D07F
:1064E000102AE7D10A6842F480620A6024E0012A97
:1064F000E0D00A6822F480620A600168DEE7042ABC
:1065000021D0022A1FD0102A1DD00B6823F48063EB
:106510000B6001680B6843F400630B6001684B6813
:106520001B0509D5AA4212D0012A10D0082A0ED084
:10653000102A0CD0202A0AD001684A698969009182
:10654000046578BD08E00B6843F48063E5E74A68BA
:1065500042F480524A60EFE7486988690090F0E7AA
:106560000000FFFF90F83E10402910D00169B1F5FE
:10657000804F19D0016DA9B3016D012910D1416C73
:106580005FF0F10201F4407142EAD11106E0016DC1
:106590000029416C05D0C9B241F0010100680161D8
:1065A000704701F0FE01F9E790F83D102129416C98
:1065B00009D0C9B241F0010102681161416B29B1F2
:1065C000C96B49B902E001F0FE01F5E7816B0029D2
:1065D000E6D0C96B0029E3D00068416841F400614E
:1065E00041607047FFE7416CF02201F44071CBE756
:1065F00010B590F83D10026D4AB1026D012A14D019
:10660000026D022A16D0BDE81040FFF7E5BCC16C50
:106610000129816C02D0C1F3072108E00268C9B2E8
:106620001161016D891C016510BD816CC9B20268E0
:10663000116123E022291CD0428D0AB1212920D0EA
:10664000428D002AF0D12129EED101684A6822F456
:10665000E0624A6001680A6842F400720A60002140
:106660000163202280F83D2080F83E10FEF7C7F835
:1066700010BD01680A6842F480720A60016D491C0D
:10668000D1E7416A026809781161416A491C416297
:10669000418D491E418510BD38B50C4690F83D200E
:1066A00000212825954302680B4605D05169916960
:1066B000009180F83C3038BD556825F48065556000
:1066C000E243540700D50121120601D5828900E07A
:1066D000028B80F83C3092B2FDF7DBFD38BD000044
:1066E0002DE9F04190F83D300446C26A0021202691
:1066F0001E4F00686FF48065082A01D0202A01D15E
:10670000282B04D0212B17D04561BDE8F081E7622A
:10671000426822F4E06242602068456120680268B5
:1067200022F480620260216384F83D6084F83E10A8
:106730002046FEF703F8E8E7E7622122226384F8A7
:106740003D6084F83E10416821F4E06141602068BA
:1067500045612068016821F4806101602046FFF7EF
:106760003BFC2046FEF7E9F8CFE700000000FFFF02
:10677000F8B590F83D6004460068416821F4E06196
:1067800041602068002541690091016841F00101E4
:1067900001602068016821F480610160206841681F
:1067A000090520D5474F222E48D02A2E46D0616BAE
:1067B000096849686185618D19B1216C41F0040156
:1067C0002164416821F400614160606BFDF72FFA9C
:1067D000012808D0606B0765606BFDF714FA10B1F3
:1067E000606B016D8847608D08B320684169C943BB
:1067F000490708D40069616A0870606A401C6062D9
:10680000608D401E608520684169C943490608D4EF
:106810000069616A0870606A401C6062608D401E99
:106820006085608D18B1206C40F004002064206CFD
:1068300000B32046BDE8F840FFF7D6BBA16B09685E
:1068400049686185618D19B1216C41F004012164B1
:10685000416821F400614160A06BFDF7E8F901286F
:10686000C1D0A06B0765A06BFDF7CDF90028BAD0A9
:10687000A06BB6E72A2E06D12563282084F83D00B8
:106880002046FEF759F894F83D10202028290DD015
:10689000216B222901D0222E07D1256384F83D00E7
:1068A00084F83E502046FEF747F8F8BD0649E162FD
:1068B000256384F83D0084F83E502046FDF73EFFF6
:1068C000F8BD00001D5F00080000FFFF70B501600B
:1068D0000D46044682801E4611462846FDF7C8FC38
:1068E000012800D00020A071E07100202072C4E9CE
:1068F000036070BD002803DAB0F1004F01D04042C0
:1069000070476FF000407047F0B50346002A16DD6F
:10691000C817CC1A60EBE3704FEAE275161B75EBF3
:10692000000601DA9818F0BD00273E46D2EB0707B3
:1069300066EB0506E41BB04101DA981AF0BD084683
:10694000F0BD884201DA084670479042FCDD1046EF
:1069500070470000054A10B59479054B844201D078
:1069600090719962986A081A506310BD88180020C7
:10697000C401002070B517490324A1F130029379B6
:1069800021F813005B1CB3FBF4F504FB1533937182
:106990005379032B04D25B1CDBB25371032B0FD34F
:1069A000B1F90000B1F90240B1F90410A04202DDD2
:1069B0000246204614468C4200DD0C46A04200DD13
:1069C00004462046FFF796FFB0F5FA7F00DC00246E
:1069D000204670BDF4010020064910B509784942EF
:1069E000014201D1002010BD40220349F9F74CFCBF
:1069F000012010BDC40100208818002070B5264C6D
:106A00000646A07901281ED0244D032809D0286904
:106A10002862E868686200F039FA00F02DFA686AC6
:106A2000E86031460320FFF795FFE86978B1616BB4
:106A300081420CD8286A2061696AE1612162EA79A1
:106A400084F82C2023E000200146A0631FE000F022
:106A50001DFA00F011FA2879414295F90700014228
:106A600001D1042004E0616BB1F5FA7F04D9032061
:106A700000F0CCFA002070BD32212161002800DD39
:106A800001E06FF03101E16184F82C003220BDE8B3
:106A9000704000F025BA000088180020C4010020D2
:106AA0002DE9FC5F04468846B0F90400FFF762FF59
:106AB000684E0746A0887081B781B0794FF0000A10
:106AC000012801D1C6F838A041460220FFF742FF55
:106AD000614DE87810B1B5F90800381A4FF4FA6240
:106AE0005142FFF72EFF00903946182000F03CF984
:106AF00004460620009900F037F96E2220445142E6
:106B0000FFF71FFF0190E86A20B1B8EB000401D045
:106B1000142C00D905243846C5F82C80FFF7EAFE6E
:106B2000D5E90512A1EB020841F658394A46002181
:106B3000FFF707FF88FB00014A460023F9F773FBC4
:106B400069692A69A1EB000993462046914501DB5A
:106B5000B42101E04FF4827100B90120A1FB00C80B
:106B6000CA1702FB008001FB0A0140F2E7301CEB70
:106B7000000041F100014FF47A720023F9F753FB52
:106B8000421E71F1000201DA012000216FF0004382
:106B90009A4600221B1A8A4100DA504602464946AC
:106BA000A8465846FFF7B0FEC0F5FA722861904239
:106BB00000DA0246002A00DA002251420198FFF76B
:106BC000C0FE054604B9012441F28830A4FB00014F
:106BD00040F2E732801841F10001521C0023F9F71E
:106BE00022FB421E71F1000201DA012000216FF048
:106BF000004300221B1A8A4100DA50460246294609
:106C00004446D8F80C00FFF77FFEE0600146012003
:106C10002781E070002F01DDE07103E003DA4FF01F
:106C2000FF02E271207120693061C6E9075147F621
:106C3000FF726FEA02010098FFF783FEF081E079AE
:106C400086F82C0020797071D4E90310BDE8FC5F50
:106C500000F046B988180020C401002070B51C4C13
:106C600000254FF4B47025706570A570E57025712E
:106C70002581E571C4E9035060614FF49670C4E961
:106C8000060525626562FDF7FDFAC4E90A0500F014
:106C9000F3F8104E40213046B563F9F70EFBB5719D
:106CA000F5713572A06AF06360697061A069B061C6
:106CB000FCF714F800280AD0012020703070B5705D
:106CC000FCF7A4F8F070FCF7AFF83071012070BD4C
:106CD000C401002088180020014800787047000097
:106CE000C401002002490878497808407047000034
:106CF000C4010020024908788978084070470000E4
:106D0000C401002070B5164D2878002827D0FDF763
:106D1000B9FA0646FCF77AF808B1FCF7D5F9FCF7A2
:106D200075F8104CE070FCF77FF82071A07901280D
:106D300005D0032803D0042801D0052802D1A86A71
:106D4000301A6063A878002809D0FCF76DF8002895
:106D500005D00020A870A0700620A071E66370BD69
:106D6000C40100208818002080FB0110002805DBEA
:106D70004FF40072891840F1000203E00C4A8918B0
:106D800040F1FF32880A40EA825091126FF00043CE
:106D900000221B1A8A4102DA6FF0004070474FF060
:106DA0000042821A71F1FF31F8DA4FF0004070476B
:106DB00000FEFFFF70B5134C05462078617808404F
:106DC00019D0FDF75FFA00220F4962700123A3700A
:106DD0004A708B7005238B71CD710A61CA610A629A
:106DE0004A628A62C863A06200F050F80120FCF792
:106DF00053F808B1012070BD072000F007F900200A
:106E000070BD0000C4010020881800202DE9F04169
:106E1000174C0E460746207861781546084203D085
:106E2000002E01DD002D02DC0020BDE8F081FDF721
:106E300029FA024600210F4861700123A3704170B6
:106E4000837005238371C7710161C1610162416271
:106E5000C2638162A26200F019F829463046FCF74D
:106E600049F808B10120E0E7072000F0CFF8DBE7A0
:106E7000C401002088180020034900200863888688
:106E80004871887170470000C40100200549002046
:106E9000C8700881C860C8620349C881C8610862B7
:106EA00070470000C4010020881800200A4A1378A7
:106EB00033B1002904DD884202DBB0F5FA7F01DD41
:106EC00000207047C2E90501537803B91061034AF5
:106ED000C2E9050101207047C40100208818002084
:106EE00070B50D464FF4FA720021FFF72AFDC0F588
:106EF000FA720446904200DA0246002A00DA0022C2
:106F000051422846FFF71DFD094A014663181461E6
:106F10002032651A82E82A002046FCF745F808B1BD
:106F2000012070BD072000F071F8002070BD000046
:106F30008818002007490A7812B1B0F5FA7F01D904
:106F400000207047C86110B9002008624862012023
:106F500070470000C4010020074810B500780028E1
:106F600009D0012000F052F80020FBF76BFE034827
:106F70000021C170817110BDC4010020881800205B
:106F80002DE9F0411F4C2078002834D00120FBF778
:106F900059FE00282FD0FDF775F9012767700025ED
:106FA000A570E57025712581E5718046E560606911
:106FB000E56125626562E5622061FFF75DFF124EC3
:106FC00040213046B563F9F778F937707770B570BE
:106FD000F7703771B771F5713572C6F83C8060692A
:106FE0007061A069B06100210846C4F82880FBF7F1
:106FF000DBFF10B10120BDE8F081072000F006F8AA
:107000000020F8E7C40100208818002070B511495D
:107010000A78002A1CD000254D700F4C8D70062177
:107020006570A570A171E0712561E56125626562F9
:10703000A562FDF727F9E063FFF728FFFFF71CFFC4
:10704000A563FCF711F8FBF7E1FEE0700120207169
:1070500070BD0000C40100208818002070B5244EC7
:10706000044630784042204017D0FDF70BF9214DFF
:1070700021782972617A6972A1886981E16829633E
:10708000E863717841B12178012907D002290BD03A
:1070900003290DD002201BE0012070BD01462046CF
:1070A000BDE87040FFF7FCBCBDE87040FFF7A6BC30
:1070B0000146A879002401280ED00420FFF74AFCDD
:1070C000FFF7E4FEFFF7D8FE686BFA2808D9052021
:1070D000FFF79CFF002070BD00210846AC6302E072
:1070E00000216420EC61BDE87040FFF7F9BE0000AC
:1070F000C401002088180020064910B509784942CB
:10710000084201D1002010BD034C1ECC80E81E00B7
:10711000012010BDFA010020C818002005490020F8
:10712000086048608860C86008700349087048803B
:1071300070470000C8180020FA0100202DE9F04F28
:1071400000252B46002853D0002190F820400A4605
:10715000A34664F30F220F46466A04E004F0010CD4
:107160006744FFB26408002CF8D190F82140DFF8A2
:10717000A49067F30702BE464FF0010AFF2C06D029
:10718000254B084661F3070083E847002DE0DFF850
:107190008C80002400EB440738F914C03F8A641C3B
:1071A0000CFB0755E4B23B44082CF3D34FF4FA50E0
:1071B000834200D903460C4663F31F44BBF1FF0F23
:1071C00018D0BEF1000F1AD0CBB195FBF3F30846EF
:1071D0006AF3070063F31F4063F30F04A9F802305A
:1071E0000D49C1E90004C1E9022689F800A0012087
:1071F000BDE8F08F0323084663F3070005E0084667
:107200000223B9F8021063F3070061F31F4061F332
:107210000F04E5E7FA010020C8180020DEE50008A9
:107220000349002088702C210248F9F746B8000075
:1072300000020020D8180020064910B5897849427C
:10724000084201D1002010BD2C220349F9F71CF897
:10725000012010BD00020020D81800202DE9F041C7
:10726000154C00252C2125706570A57013486560AC
:10727000F9F723F80021124B084601261A5C082A68
:1072800016D206FA02F2D2B2114211D1401C1143B9
:10729000C0B20828F2D3FF290AD1FAF75FFA002812
:1072A00004D0267000F018F820B10120BDE8F0816C
:1072B0000020FBE72570FBE700020020D818002023
:1072C000EEE5000801207047024908784978084037
:1072D000704700000002002010B5094C20780028FB
:1072E00002D0607808B1012010BDFAF771FA18B920
:1072F000FAF734FA0028F7D001206070F3E70000B5
:107300000002002070B5064C01252078002805D029
:10731000FAF7E8FA00206070A070284670BD0000FF
:10732000000200202DE9F047344C002596B020786B
:107330006178084021D0FAF751FA6846FAF7DEF989
:1073400000281AD00198002817D06168884217D108
:10735000A07888B19DF8270070B9294890F82110CD
:1073600051B1002180F8211080F8201040F8101F42
:1073700041608160C1603EE0002016B0BDE8F0874A
:107380002C210AA8F8F799FF0198139002981490FD
:10739000DFF870A09DF827709DF8006000204FF086
:1073A00001090AAB4FF47A781AF8001009FA00F2D2
:1073B00026FA01F101F00101D2B223F810105FB1F9
:1073C0009DF849C04CEA020C8DF849C021B103EB8D
:1073D00040011543A1F81080401CC0B20828E3D337
:1073E0008DF84850019860602C2219460448F8F73F
:1073F0004BFF84F802900120BFE70000000200204C
:10740000D8180020EEE50008401A904201D3012070
:10741000704700207047000070B50546EFF31081FB
:1074200072B60C4C20790026267101B962B600288C
:107430000AD00948FEF7B7F9A670E670607820B167
:1074400004206071AD1C256270BD012060715A3D41
:10745000656170BD2C000020DC1600200C49002264
:107460004A708A70CA700A7101234B718B71CA719C
:107470000A724A72CA60C1E904208861C861C1E920
:1074800008028A62CA620A634A638A63704700001C
:107490002C00002070B50D4C05460020E071A07056
:1074A00002206071A561A0710122E11D0848FEF76C
:1074B00005FD002808D0606B401C606301206071EE
:1074C000633D09206561A07170BD00002C000020A3
:1074D000DC1600202DE9F041174C064600202072F2
:1074E000E070A070012204F108011448FEF78CFC42
:1074F000751C092718B1606B401C606318E00120FF
:10750000E07105206071E661616A491C6162A071E9
:1075100009490122C91D0948FEF7D0FC002809D0FD
:10752000606B401C60630548FEF7A6F9042060719B
:107530002562A771BDE8F0812C000020DC16002038
:107540007FB500213C48009101910291394A039195
:10755000026001244FF480320461C0E90121017608
:1075600080F820101203C26208254FF0C062C56186
:107570008262C16080F830404161FCF775FA08B161
:10758000FCF7CAF9CDE90054032469462A4802945D
:10759000FCF7C4F908B1FCF7BFF9092000900220FC
:1075A000019069462448FCF7B9F908B1FCF7B4F931
:1075B0000A20CDE9000469461F48FCF7AFF908B17D
:1075C000FCF7AAF90B2000900420019069461A48A4
:1075D000FCF7A4F908B1FCF79FF90C2000900520F6
:1075E000019069461448FCF799F908B1FCF794F941
:1075F0000D2000900620019069460F48FCF78EF997
:1076000008B1FCF789F90E20009007200190694627
:107610000948FCF783F908B1FCF77EF90F20CDE9A2
:10762000000569460448FCF779F9002801D0FCF709
:1076300073F97FBD00200140241400200D4808B5D7
:10764000016841F4800101600068002200F48000BC
:10765000009001213820FDF7E9F93820FDF7D9F92C
:10766000002201214620FDF7E1F9BDE8084046204F
:10767000FDF7CFB9303802402DE9F04387B014212F
:107680006846F8F71AFE37480024016841F01001F7
:107690000160016801F010010591016841F00401E9
:1076A0000160016801F004010591016841F0800169
:1076B0000160016801F080010591016841F001015C
:1076C0000160016801F001010591016841F00201CA
:1076D0000160016801F002010591016841F00801B3
:1076E0000160016801F008010591016841F0400165
:1076F00001600068DFF8708000F040000590002213
:107700000C214046FCF7B9FDDFF860904FF41C6790
:10771000002239464846FCF7B0FD0C2000900125B8
:10772000CDE90154694640460394FCF7A9FC1020BA
:1077300002268DE8510069464046FCF7A1FCCDE9E0
:10774000005469460A480296FCF79AFC0097CDE976
:107750000154694648460394FCF792FC07B0BDE823
:10776000F083000030380240001002400018024050
:10777000000002400D4810B50B4901600C49416002
:1077800000214FF480428160C0E9031241618161B0
:10779000C1610162FCF70EFF002803D0BDE8104074
:1077A000FCF7BAB810BD000000540040CC14002013
:1077B000801A06000D4810B50B4901600C49416064
:1077C00000214FF480428160C0E903124161816170
:1077D000C1610162FCF7EEFE002803D0BDE8104055
:1077E000FCF79AB810BD000000580040201500209A
:1077F000A086010010B592B000240F941C2108A8A7
:107800001094F8F75AFD20216846F8F756FD2248F3
:1078100020490160A721C0E9011444F61F61C0E9B5
:1078200003148021C0E90541FDF7CCFE08B1FCF747
:1078300073F80F940FA918481094FDF707FC08B1CE
:10784000FCF76AF86020089040F2DC50CDE90904AA
:107850000B940C940D94002208A90F480E94FDF788
:107860004BFE08B1FCF758F800944FF40050CDE9F6
:107870000440029401940394694607480794FDF775
:10788000BBFB08B1FCF748F80348FDF7F3FD12B065
:1078900010BD0000000001407415002010B586B036
:1078A00000241748009401940294039404944FF028
:1078B0008041059401605321C0E9011440F2E73191
:1078C000C0E903148461FDF709FC08B1FCF724F852
:1078D0004FF48050009069460948FDF73FFC08B11D
:1078E000FCF71AF82020CDE9040404A90448FDF7A8
:1078F000ADFB002801D0FCF70FF806B010BD00006A
:10790000BC15002010B58CB024216846F8F7D5FCD2
:1079100000241648099414490A94C0E900144FF64B
:10792000FF71C0E90241046184610320CDE90004D4
:107930000120CDE9020406210491CDE90540CDE9FD
:10794000074169460948FDF777FC08B1FBF7E4FFFA
:10795000099409A905480A94FDF778FB002801D08D
:10796000FBF7DAFF0CB010BD000400400416002045
:1079700010B58CB024216846F8F79FFC0024164807
:10798000099414490A94C0E900144FF6FF71C0E944
:107990000241046184610320CDE900040120CDE9A6
:1079A000020406210491CDE90540CDE9074169466D
:1079B0000948FDF741FC08B1FBF7AEFF099409A99E
:1079C00005480A94FDF742FB002801D0FBF7A4FF0D
:1079D0000CB010BD000800404C16002010B588B057
:1079E0001C216846F8F769FC164815490024C0E9CF
:1079F000001442F2CF01C0E902418021046181619B
:107A0000FDF7E0FD08B1FBF787FF6020CDE900043A
:107A10000294002269460B480494FDF76DFD08B1FD
:107A2000FBF77AFF042269460648FDF765FD08B1B9
:107A3000FBF772FF0348FDF71DFD08B010BD000005
:107A400000400140941600200C4810B50A4901601E
:107A50004FF4E1314160002181600C22C160C0E936
:107A600004128161C161FEF7CFF8002803D0BDE8A0
:107A70001040FBF751BF10BD004C0040DC16002049
:107A80000C4810B50A4901604FF4E1314160002112
:107A900081600C22C160C0E904128161C161FEF7FE
:107AA000B3F8002803D0BDE81040FBF735BF10BD88
:107AB00000100140241700200C4810B50A4901604D
:107AC0004FF4E1314160002181600C22C160C0E9C6
:107AD00004128161C161FEF797F8002803D0BDE868
:107AE0001040FBF719BF10BD004400406C17002088
:107AF0000C4810B50A4901604FF4E13141600021A2
:107B000081600C22C160C0E904128161C161FEF78D
:107B10007BF8002803D0BDE81040FBF7FDBE10BD88
:107B200000140140B4170020401A904201D30120F4
:107B3000704700207047000070B50C460546FCF702
:107B4000A1FB0646F9F7F2F821462846F8F754FF5C
:107B50001C48314605770462082000F049F91A48AC
:107B6000C17841B12846F8F7EFFE02462146284683
:107B700004F0A6FC1AE08078C0B1F9F757FF0021A5
:107B800012A20846F9F788FF2846F8F7DDFE0246FC
:107B900002210020F9F780FF0EA204210020F9F74E
:107BA0007BFF2A4604212420F9F789FF2846F8F7AD
:107BB000CBFE23462A46BDE87040014607A0F9F7F0
:107BC0003DBC0000741C0020380200204641554C8A
:107BD00054000000434F44453A0000004150502CEF
:107BE0004641554C543D25732C434F44453D257526
:107BF0002C44455441494C3D256C750D0A0000004C
:107C000010B586B004466846F8F71CFF10B1059819
:107C1000002800D1204606B010BD00002DE9F0413B
:107C2000FCF730FB2C4907462A4808602B4D002101
:107C30002B4C6970A970E970297121706170022064
:107C4000A070C4E90171E16021616161A1612177E6
:107C50002162F8F7E3FEF9F7BFFA002825D0F9F71B
:107C600095FF002824D00126AE7004F041FB28B314
:107C7000EE70A06904F0BAFC1AA004F09BFC267018
:107C800008202870AF60F9F7B7FCD8B16E70F8F72C
:107C9000E9FEE0B12E713946002000F0A9F815A0E8
:107CA000F9F7CCFB0120BDE8F0810021012001E0C3
:107CB00000210320F8F7A0FE0020F4E70021267041
:107CC000042001E000210220FFF736FFEAE700214F
:107CD0000520F9E7314754532827002038020020B7
:107CE000741C0020494E495449414C495A494E4759
:107CF000000000004150502C494E49543D4F4B2C40
:107D0000454E5452593D4D41494E5F4150502C54BF
:107D100041534B5F504F52543D4143544956450DDA
:107D20000A00000038B50B4C0B4960780A78904285
:107D30000ED00870A07804F09DFC0346607800F037
:107D40009DF80146A0690090A27804A0F9F776FB9F
:107D500038BD0000741C0020380200204150502C17
:107D600053544154453D25732C5441534B3D257587
:107D70002C4E414D453D25732C5741524E3D307898
:107D80002530386C580D0A0070B5164C8CB005467D
:107D90004FF47A72A168FFF7C7FE002820D005A82B
:107DA000A560F8F74FFE00281AD0F9F733FF044614
:107DB0009DF81500F8F704FF0B4A0346507800F0D1
:107DC0005DF8014602F110000DF1080C61C8019543
:107DD0008CE85100D068009092780448F9F72EFBA7
:107DE0000CB070BD38020020741C0020B8E80008F8
:107DF00010B504461B48447041601B48C0780028F9
:107E00002FD0042C10D0052C0ED0062C0CD0072C13
:107E10000AD0002004F084FB082C20D2DFE804F014
:107E200006080A121416181A0120F3E7002012E0BF
:107E3000012010E0002004F033FB0CA004F0BAFB9A
:107E4000022008E0032006E0042004E0052002E010
:107E5000062000E00720BDE8104004F099BB082090
:107E6000F9E710BD741C0020380200205441534B28
:107E7000203220524541445900000000092818D200
:107E8000DFE800F00507090B0D0F111315000AA01C
:107E900070470BA070470DA070470EA070470FA051
:107EA000704711A0704712A0704714A0704716A029
:107EB000704717A070470000424F4F540000000069
:107EC00053454C465F434845434B00004D454E5596
:107ED0000000000041524D454400000053544152FF
:107EE00054494E470000000052554E4E494E47003F
:107EF00053544F5050494E470000000046494E49E8
:107F000053484544000000004641554C54000000D1
:107F1000554E4B4E4F574E00F0B5A3B0F9F790F9C0
:107F2000834C2078002818D0FCF7ACF9814F064626
:107F3000787808B1F9F77EFB3879002578B1F8F741
:107F400077FE7D4800687D49884208D07B4907203C
:107F50003039FFF7F1FDFFF7E5FE23B0F0BD06A8CD
:107F6000FBF780FB30B1189820611C9860611C9869
:107F700004F082FA6078082876D2DFE800F0041175
:107F800027305376A0B2962230466168FFF7CCFDC9
:107F9000002868D06AA004F00DFB3146012084E07F
:107FA000F9F738FE18B1A06920F001000AE040F2AC
:107FB000DC5230466168FFF7B7FD002877D0A06932
:107FC00040F00100A06104F011FB1FE004F084F90F
:107FD000A07004F087F9032869D1314665E004F008
:107FE0007BF9A07004F07EF902280FD022A804F0DB
:107FF00023FBC0B39DF88800A070C4E90265314638
:10800000F8F7B0FD28B1314604204EE03146022099
:108010004BE000256846F8F715FD00B1059D0620E8
:10802000294656E000F094F804F016FB40B1012018
:10803000F8F754FD08B9012122E03146062034E06A
:10804000F8F72CFD08B1022020E0F8F73BFD50B115
:108050006846F8F7F7FC30B19DF80100022826D1F8
:108060003146052021E022E044E000F071F804F000
:10807000F3FA38B10120F8F731FD0028DDD10321F2
:10808000072026E0F8F70AFD20B10420FFF7B8FD2D
:108090000146F5E76846F8F7D5FCE8B19DF8010020
:1080A0000328CAD018E031460720FFF7A1FEF9F7F0
:1080B000B1FD0028A06929D020F0010028E000F0DF
:1080C00047F8F8F7EBFC38B10120FFF799FD0146BE
:1080D0000820FFF731FDEAE7F8F7EAFC0028E2D1D3
:1080E000E5E700F035F804F08BFA0028DFD0F8F768
:1080F0001FFD09E004F092FA0028D8D0F8F722FC1E
:10810000F8F716FD25772562E5607FE740F001006E
:10811000A06104F06BFAF87808B104F01FF9FFF7DA
:1081200001FE3046FFF730FEF9F77CFD15E7000051
:10813000741C0020380200202827002031475453A7
:108140004F4C454420434F4E4E45435400000000E1
:1081500000B587B06846F8F775FC002809D00649D5
:108160000398C860039804F09BF9F8F768FC04F0E2
:1081700021FA07B000BD0000741C0020FEE70000DB
:108180002DE9F0410C00054606D0002100F04CF826
:10819000002C05DD012604E0BDE8F04100F026B822
:1081A0000026114F3246BDB1B9153846FCF765F8C7
:1081B00086F00102F9143846FCF75FF8002C00DA6B
:1081C000644242F2CF00844200DD0446A1B2284658
:1081D000BDE8F04100F028B840213846FCF74DF8E2
:1081E00086F001028021E6E70018024070B50546DE
:1081F000002100F019F80B4C4FF0010255B11102AB
:108200002046FCF73AF80122D1022046BDE8704032
:10821000FCF733B840212046FCF72FF801228021DB
:10822000F3E700000018024042F2CF02914200D969
:108230001146034A126808B1916370475163704751
:1082400094160020FEE700000149012008707047E5
:1082500030020020F8B56421B0FBF1F4B4F57A7F68
:1082600001D340F2E7341648017811B941688C42D5
:1082700025D0002101700A254460B4FBF5F0C6B298
:10828000F9F7D4FBB6FBF5F10E2000F01BF8B6FBB6
:10829000F5F005FB10612C2000F014F801200723F5
:1082A00000901A4634214B20F9F73CFCB4FBF5F062
:1082B00005FB1041BDE8F840562000F003B8F8BDBA
:1082C000300200202DE9F84F07460A20B1FBF0F2FA
:1082D00000FB121027494FF01E0A4FF023080C5CD8
:1082E00007F1150000F0FF09E00707F105064FF060
:1082F000010506D0F0B20523102204210095F9F7FC
:1083000011FCA00706D51423052209214846009533
:10831000F9F708FC600706D51423052241464846B4
:108320000095F9F7FFFB200706D5F0B205231022D0
:1083300037210095F9F7F6FBE00606D51423052250
:10834000414638460095F9F7EDFBA00606D5142303
:108350000522092138460095F9F7E4FB600606D5A9
:10836000F0B20523102251460095F9F7DBFBBDE87A
:10837000F88F00000AE6000808B50020009000BF52
:10838000401C0090FF28FAD908BD401A904201D342
:108390000120704700207047A0F16101192901D820
:1083A0002038C0B2A0F13001092901D8C8B219E0C3
:1083B000A0F14101192902D83738C0B212E02028B3
:1083C00015D03A2815D02D2815D02E2815D03F28A5
:1083D00007D03E2813D02B2813D02F2813D03D28A8
:1083E00013D028200A4900EB80000844704724205D
:1083F000F8E72520F6E72620F4E72720F2E72920F2
:10840000F0E72A20EEE72B20ECE72C20EAE700003B
:10841000DDE4000870B5194C0025E570A571E06138
:10842000627A03210126012A06D0022A13D0032AE8
:1084300022D0042A20D110E0A67021726572FF219B
:108440002170206200F0B0F8207910B1E06A401C81
:10845000E062267170BD617270BDE07A2030C0B2FA
:10846000E072802808D3607920B9A07A864020780D
:10847000B043207000F098F8657270BD880000204D
:1084800070B50D4C0D46A17811B1A16A491CA162CD
:108490000022A270E270A271E27104212172627264
:1084A00000F57A70A061FF20207000F07DF8606A0E
:1084B000E563401C606270BD8800002010B508288C
:1084C00011D20949012202FA00F30C7823430B7000
:1084D0008B7A834207D1487A022803D0032801D03F
:1084E000042800D14A7110BD8800002030B587B043
:1084F00014216846F7F7E1FE2848FBF7CBFE284831
:108500000021026842F0020202600068254D00F07E
:1085100002000590C02000901120CDE90101032048
:10852000039069462846FBF7ABFD0122C02128468F
:10853000FBF7A3FEFFF720FF00240022402128467E
:10854000FBF79BFEFFF718FF012240212846FBF7AF
:1085500094FEFFF711FF641CE4B2092CEDD3002256
:1085600080212846FBF789FEFFF706FF0122402104
:108570002846FBF782FEFFF7FFFE012280212846F6
:10858000FBF77BFEFFF7F8FE0448FCF713F810B189
:10859000002007B030BD0120FBE70000CC14002014
:1085A00030380240000402400348FF21817200215C
:1085B000C1724171704700008800002010B5044668
:1085C00009480021172200F8011B0849F7F75CFE53
:1085D00007490220234608720122BDE810401821F5
:1085E000014800F007B80000A8120020C6E4000807
:1085F0008800002070B51D46164690B189B1114C17
:108600000022A271E2710B46024678210E48FCF767
:1086100099F840B102280FD00B48016C2846FFF7AB
:108620002FFF002070BD0120E07066726561A06BB5
:10863000401CA063012070BD606B401C0021606382
:10864000ECE7000088000020CC14002070470028D0
:1086500003DAB0F1004F01D0404270476FF00040A4
:10866000704770B50446406DE065A16D2166FFF767
:10867000EEFF0546206EFFF7EAFF854200DD284643
:1086800000216066C4E91101002801DD012000E03D
:10869000002084F87A0070BD30B5D417851A71EBCC
:1086A000040401DA104630BDDA171C1A8A41FADADE
:1086B000184630BDC117021E71F1000208DB4FF4ED
:1086C0000042801841F10001000C40EA014070476F
:1086D0004FF400430022D0EB030062EB0102000CD8
:1086E00040EA024040427047002802DD4FF001009E
:1086F000704702DA4FF0FF3070474FF000007047CC
:10870000426D4263826DC263002902D00021816301
:1087100001647047C117090441EA104100046FF079
:108720000043DA07FFF7B8BF2DE9FF4F85B005001A
:1087300014A8904690E890080E461FD05FEA0B0000
:10874000FBD0D5E900A9A6EB0A000290FFF77FFF56
:1087500001902046FFF7DEFF00903846FFF7DAFF72
:108760000490DDE900010027814208DC4846FFF75C
:108770006EFF0499884202DCC5E90067D5E05046E7
:10878000FFF7B2FF04463046FFF7AEFF70B10CB101
:1087900084420BD13046FFF75AFF04465046FFF79C
:1087A00056FF844202DD0124404601E03C46089821
:1087B000FFF7B0FF80460CB1129800E01398FFF766
:1087C000A9FF03900298FFF78FFF040008FB04F84D
:1087D00028D04846FFF788FFA04223D1039C484693
:1087E000002C01DC384616E0FFF731FFA0FB00C289
:1087F000C11701FB002200FB0121E317221960468B
:108800005B41F7F710FD6FF0004300221B1A8A410D
:1088100001DA6FF00040009901440198814201DBC8
:108820004FF0000803985946002801DC38461EE046
:10883000A0FB0134C21702FB0B4100FB071140F201
:10884000E730181841F100014FF47A720023F7F76E
:10885000EAFC421E71F1000201DA012000216FF0F2
:10886000004300221B1A8A4101DA6FF0004044469F
:1088700000281BDDE117B4EB090261EBE9714FEA57
:10888000E073B0EB020C73EB010C02DA09EB0004AD
:108890000CE04FF0000CD0F100086CEB030CB2EBD5
:1088A000080271EB0C0101DAA9EB00044FEAE9714F
:1088B00019EB040041EBE4714FF002024FF00003AA
:1088C000F7F7B1FC0246A2FB0B0C01FB0BC1B9464A
:1088D00002FB09114FF47A720023F7F7A4FC1AEB9C
:1088E000000041EBEA716FF000434FF00042FFF7E8
:1088F000D3FE80460298A6EB080A40B15046FFF727
:10890000F3FE07460298FFF7EFFE87420BD1504671
:10891000FFF79DFE009988420BDC2046FFF797FE8B
:108920000499884205DCC5E90069002009B0BDE86A
:10893000F08FC5E900840120F8E72DE9F0470446EF
:108940008A46C06C616BE26B411A206D86B0801A5A
:108950000A18081A00EBD07002EBD27247105610BA
:10896000E06AFFF7D7FE05463846FFF770FE074678
:108970003046FFF76CFE2844874204DD6769A6692C
:10898000B846354603E0D4E90365D4E90187D4E964
:108990000B1202A83B4680E80604CDE9006542467A
:1089A00004F13400E16CFFF7BFFE8146D4E90B12FD
:1089B00002A83B4680E80604CDE90065424604F182
:1089C0003C00216DFFF7B0FE06462068FFF7A2FECF
:1089D0000546606B6A42C1172B461746FFF75CFEDF
:1089E0006063E06B2B46C1173A46FFF755FEE06324
:1089F000616BC4E9151059EA060084F87A0007D1C2
:108A0000E06C6065206DA06501212046FFF778FECF
:108A100094F87A0006B0BDE8F0872DE9F0410446ED
:108A200090F8780086B010B1D4E91C2007E094F8E3
:108A3000790003282FD0042830D0D4E90720D4E9C6
:108A40000B3501AE049186E8290000901346002101
:108A500004F14400FFF768FE656E4FF00108002D39
:108A60001FDDF0B1676CE06DEE1780FB07012A4651
:108A70003346F7F7D8FB6065206E2A4680FB070176
:108A80003346F7F7D0FBA06501212046FFF738FEFB
:108A900084F87A8020E0D4E90920D0E7A268206930
:108AA000CDE700256565A565656401212046A564BF
:108AB000FFF726FE94F87900042805D084F87A5050
:108AC000002006B0BDE8F081A06EE064E06E206595
:108AD00084F8798084F87A800120F2E710B5F9F7FC
:108AE000DBF918B9F9F7B2F9002809D040F2726041
:108AF000F9F7D8F9002803D0BDE81040F9F78AB992
:108B000010BD70474FF4FA71884203DB40F6C41180
:108B1000884201DD0846704780B27047FBF70EBF00
:108B200030B593B030216846F7F7C7FB14210CA885
:108B3000F7F7C3FB1D480025016841F08051016033
:108B4000006800F0805011901948016841F480419C
:108B500001600068022400F4804011900120009020
:108B6000000401908001CDE9064008AA0420A82154
:108B700082E813000B906846FCF774F808B172B6EF
:108B8000FEE70CA90F2081E831004FF4A0500F90B0
:108B90004FF48050109005210CA8FBF779FF0028B6
:108BA00001D072B6FEE713B030BD0000403802407D
:108BB000007000400248016841F470010160704794
:108BC00088ED00E0002803DAB0F1004F01D0404208
:108BD00070476FF000407047884201DA08467047DE
:108BE0009042FCDD104670470A4810B54068FFF718
:108BF000E9FF32223C2801DC002010BD4FF47A71DD
:108C00006E2804DABDE810403C3800F05FB8084632
:108C100010BD00007C1300202DE9F0478946054671
:108C20009046A8212748F7F748FB274C002688F0F4
:108C300001072670A660E66026616661A661E661AE
:108C4000266266626670A670E6702771A66266711B
:108C5000E662A67126631B486663B021B038A6633E
:108C6000F7F72BFB2846174DC5E9000985F89D70DD
:108C700085F89E8085F861606E6640F27267012615
:108C8000A5F8787085F8A060B8F1000F01D0022037
:108C900000E0012085F8A400F9F7FEF818B9F9F70B
:108CA000D5F800280AD03846F9F7FCF840B1F9F7B2
:108CB000B1F828B1267085F89C600120BDE8F087E6
:108CC0000020FBE77C1300203C0100202DE9F0414F
:108CD0007AB105460E4685FB064102EBD270401084
:108CE000C317271E71F1000706DB1946C5FB0601F5
:108CF00005E00020BDE8F081201A61EB0301D317E5
:108D0000F7F791FA6FF0004300221B1A8A4102DA4A
:108D10006FF00040EEE74FF00042821A71F1FF3130
:108D2000E8DA4FF00040E5E72DE9F04115460E4640
:108D30008046FFF759FF04464FF4167715B140F20D
:108D4000EE2100E0394632464FF47A76304600F0A4
:108D500012F80DB1394601E04FF4D271224600F00D
:108D60000AF8014632464046FFF7B0FF002800DC13
:108D70000120BDE8F08110B513460446081B4FF4EE
:108D80007A721946FFF7A2FF204410BD0F4B10B5B1
:108D90005B7902466FF00040062B13D2DFE803F048
:108DA00012030609060E11B90A200BE049B12A2068
:108DB00008E009B1302005E0122003E009B12420C9
:108DC00000E01020824200DC104610BD3C01002073
:108DD0002DE9F84F9F4C4FF000099F482669F9F79D
:108DE0006BFF00280BD09C4D1EB1D5F8A000B042FF
:108DF00001D0012005E061790020012901D0BDE802
:108E0000F88FD5E91512114401EBD1714E1030B332
:108E10002069B0B1D5F8A010814212D90A1A901E6B
:108E200062280ED8A0690023311A4FF47A7081FBB2
:108E30000001F7F7F8F940F6B8325142FFF7CCFEDF
:108E40008146D5F8A000A6612061206A00EB4001B0
:108E500001EB0900C11700EB917080102062E86BF4
:108E6000052190FBF1F2216A0C2391FBF3F1A84656
:108E7000A34611444C422D259627FFF7A3FE0090F0
:108E80003046FFF79FFE82469BF8040008B3DBF8EC
:108E9000280070B90098232804DA3046FFF792FEC4
:108EA000142803DBD8F8A010CBF82810DBF8280032
:108EB00080B1D8F8A010DBF82800081AB0F5617F5F
:108EC00004D23046FFF77EFEF02803DB00208BF84B
:108ED00004001CE0D8F83C00002802DCB9F1000FC7
:108EE00015DDBAF1500F02DA8C205A2504E0BAF1F0
:108EF000B40F05DA642046254042844200DD044672
:108F0000B42251422046FFF767FE0446B4279BF87F
:108F10000500DFF84491DA4640F2523B09F1B0090E
:108F2000062850D2DFE800F04F030B37414B1225E3
:108F30005A2746216FF04504C9F8841046E04FF4E3
:108F40007A773A4655464FF4AF70DAF82C10FFF7AF
:108F5000BDFE00F28A213A462046FFF7B7FE0446DE
:108F6000E96A0020FA2901DC5A200BE059450DDAA4
:108F7000A1F252314FF4167249425A20FFF7A6FE71
:108F8000002803DD41428C4200DD0C461825C9F85B
:108F9000840078271AE04FF47A724FF4617120460A
:108FA000FFF794FE04461225F3E74FF47A72594610
:108FB0002046FFF78BFE12250446822706E0002498
:108FC0000C25282702E00020C9F884003A465142C7
:108FD0002046FFF701FEDAF824205146831AAB42FF
:108FE00001DD501903E06C42A34200DA501B4862D5
:108FF000C9F86860D8F83C20C9F86C200B6AC9F839
:109000007030D8F83030C9F87430C9F838009AF8A0
:10901000040089F8A3004C4645461046FFF7D2FDF0
:10902000642810DA286BFFF7CDFD5A280BDA286C7C
:10903000FFF7C8FDB0F5AF7F05DA3046FFF7C2FD98
:10904000B0F5827F01DB012000E0002084F8A2005F
:109050000120D4E63C010020CC12002070B5104E57
:109060000D4640F29E72B6F8784040F2F641FFF7A6
:10907000B3FD001B2A466942FFF7AEFD0444A0B2CF
:10908000F8F710FF38B126F8784FA4F27264B46094
:10909000B580012070BD082086F8A400002070BDB6
:1090A0007C130020F0B50268274B284D284E294F2D
:1090B000294C4FF0804C984209D0604507D0A84217
:1090C00005D0B04203D0B84201D0A04204D122F072
:1090D000700E4A6842EA0E0298421BD0604519D0D1
:1090E000A84217D0B04215D0B84213D0A04211D038
:1090F0001A4DA8420ED01A4DA8420BD0194DA842C5
:1091000008D0194DA84205D0184DA84202D0184DDC
:10911000A84203D122F44075CA682A434D6922F05F
:1091200080022A438D68C5620D688562984201D02D
:10913000A04201D109690163016841F004010160A5
:10914000012141610260F0BD0000014000040040C7
:1091500000080040000C00400004014000400140B5
:10916000004401400048014000180040001C00403D
:109170000020004010B501F01F030121046A99404E
:109180008C430462016A9A401143016210BD10B51C
:10919000846842EA032224F47F440A432243826023
:1091A00010BD826822F070020A4342F0070181601C
:1091B00070470000F0B5036A026A22F00102026201
:1091C00042688469124E24F073050C682C4323F026
:1091D00002058B682B430D4DA84201D0B04205D14A
:1091E00023F00807CB683B4323F00403A84201D0D7
:1091F000B04205D14D6922F4407215438A692A4371
:1092000042608461496841630362F0BD000001402F
:1092100000040140F0B5026A036A23F01003036200
:10922000436884690D6824F4E64444EA05248D68A3
:1092300022F0200242EA05120F4D104EA84201D042
:10924000B04206D1CF6822F0800242EA071222F033
:109250004002A84201D0B04207D14D6923F44063D7
:1092600043EA85038D6943EA850343608461496865
:1092700081630262F0BD0000000001400004014073
:10928000F0B5026A036A23F4807303624368C46919
:1092900022F4007224F073050C68124E2C438D6882
:1092A00042EA05220E4DA84201D0B04206D1CF6855
:1092B00022F4006242EA072222F48062A84201D02E
:1092C000B04207D14D6923F4405343EA05138D6939
:1092D00043EA05134360C4614968C1630262F0BD9B
:1092E000000001400004014030B5046A026A22F423
:1092F000805202624268C3690D6823F4E64343EA80
:1093000005238D6824F4005444EA0534084DA8422E
:1093100002D0084DA84204D14D6922F4804242EAAD
:1093200085124260C36149680164046230BD000077
:10933000000001400004014010B5036A046A24F0F3
:1093400001040462846924F0F00444EA021423F066
:109350000A020A438461026210BD10B5036A046AFE
:1093600024F010040462846923F0A00324F4704400
:1093700044EA023243EA01118261016210BD000039
:1093800010B5FDF7A9FC08B1FDF7E6FD0149002085
:10939000487010BD700200200148406A704700000C
:1093A000700200200C484078082813D2DFE800F053
:1093B000120406080A0C0E1008A070470AA0704795
:1093C0000DA070470FA0704712A0704715A07047FE
:1093D00018A070471AA07047700200205432204C29
:1093E00041502052554E000054322046494E4420F0
:1093F00041204C494E450000543220504F532038F4
:10940000354D4D00543220412053544F5050494E59
:1094100047000000543220555345522053544F50BA
:1094200000000000543220412053544F5050454416
:10943000000000005432204641554C54000000000A
:1094400054322052454144590000000070B50F4C81
:109450000020207060706062FDF700FF012550B1B0
:10946000FDF730FF48B1FDF759FEFDF7F7FB30B1CE
:109470002570012070BD656205E0022000E0032038
:109480006062FDF73FFF002070BD00007002002009
:10949000064810B54078062806D028B1072803D022
:1094A000F9F7C2FC002800D0012010BD7002002096
:1094B00010B5124C207800280DD0607806280BD00B
:1094C00005280BD001280BD0022809D0032807D08B
:1094D000042805D0002010BDFDF73EFD012010BD81
:1094E000FDF700FC20B10120FDF764FC0028F6D058
:1094F0000020606105206070F0E70000700200202D
:109500002DE9FC41274C0746207818B1607828B136
:10951000062803D0142124A061623FE0FAF742F943
:10952000FDF7FCFDFDF7D0FE68B3FDF779FE4FF4C3
:10953000A0754FF4C37629463046FDF7B7FC30B32B
:10954000FDF71EFD002826D001206070A7600021D5
:10955000E760A170E170217161712161A1716161A8
:10956000A161E1612162616250214FF48270CDE915
:1095700000014FF4AF532A4631461448F7F75EFF17
:109580000120BDE8FC81042111A0616206E00521F3
:1095900019A0616202E0062121A06162F7F74EFF87
:1095A0000020EEE77002002054322C5354415254F4
:1095B0005F4641494C3D53544154452C4445544128
:1095C000494C3D256C750D0A0000000098E9000823
:1095D00054322C53544152545F4641494C3D4C49FE
:1095E0004E455F53454E534F522C44455441494CD0
:1095F0003D256C750D0A000054322C5354415254D1
:109600005F4641494C3D53504545445F52414E47AA
:10961000452C44455441494C3D256C750D0A0000CC
:1096200054322C53544152545F4641494C3D434FB0
:109630004E54524F4C2C44455441494C3D256C7579
:109640000D0A00002DE9FC47DFF8C8820646002518
:1096500098F800002F46A8B398F80100072834D0E6
:10966000062835D078B3AC48FDF7E6FDDFF8A892C0
:1096700009F12C0940B3A848D8F81020416A91425A
:1096800005D190F8212098F806309A4237D0C8F8D2
:10969000101090F8210088F80600FF281CD098F8D8
:1096A000050088B19C48FDF749FDC8B19A482C30A7
:1096B000FDF722FDA0B199F808000127032817D370
:1096C000012516E001E005E019E00220BDE8FC8775
:1096D0000120FBE70620D4E0012088F80500E1E73F
:1096E00098F8010004280AD0052808D00720C8E00F
:1096F000002589482C30FDF7B1FC0028F0D0FDF79B
:1097000001FB85488030F9F7ADFF18B382483C3043
:10971000FDF762F9F0B18048F030F9F7CDFAC8B141
:109720007D4B3046F033A3F1B40202F1440100F066
:109730008BF9794C98F80110803444F620600429A4
:109740000AD0052908D0D8F80810711A81423CD3F4
:10975000092096E0082094E0D8F80810711A814298
:1097600002D3F9F761FB18B1FDF7C4FA10B1CEE0EE
:109770000D2086E0F9F758FB0028F8D098F8010092
:10978000042802D00020034609E0A16CD8F8142078
:1097900001208B1A03D5B3F1004F13D05B42062191
:1097A000C8F81C3088F8011008B1A3F150000090EF
:1097B000D8F80800A26D311A58A0F7F73FFEFDF760
:1097C000CBFB85E76FF00043E9E7FDF78BFA20B1AB
:1097D00098F80100032802D032E00A2051E04E48F8
:1097E000803000F023F9C0F15001002912DC04217F
:1097F000C8F81C0088F80110A0F150010091034640
:10980000A16C53A0D8F81820F7F718FE0620FDF732
:10981000FDFB7CE04FF4C06081FB0010820542EA52
:10982000912028227821282801DA104602E07828A1
:1098300000DD08460146C8F82000FDF737FB20B1DF
:1098400098F80100012802D015E00C2019E0A06D65
:10985000B0F5AF5F5BD34FF4827630463146FDF70B
:1098600025FB68B1022088F801003246334646A045
:10987000A16DF7F7E3FD98F80100022805D046E056
:109880000B20BDE8FC4700F0C5B8EFB398F8030023
:10989000052809D398F80200C00608D598F80400F6
:1098A000401E88F8040002E0401C88F8030098F885
:1098B00002001F2101EA4000284388F802009DB100
:1098C00098F80400401CC0B288F8040001280BD1AD
:1098D00003210520CDE9000199F8083099F8092005
:1098E00037A0A16DF7F7AAFD98F80320052A0ED33B
:1098F00098F8041003290AD33FA0F7F79FFD064804
:10990000803000F015F900E001E000289DD0002033
:10991000DCE6000070020020D81D002054322C46E6
:10992000494E4953483D312C4D533D256C752C44CF
:109930004953543D256C752C4F46465345543D259F
:109940006C642C4552523D256C640D0A00000000E9
:1099500054322C504F535F524541434845443D31AA
:109960002C433D256C642C5441524745543D256C95
:10997000642C4F46465345543D256C642C45525249
:109980003D256C640D0A000054322C50524544456C
:1099900043454C3D312C5345415243485F4C494E61
:1099A000453D312C444953543D256C752C5441524E
:1099B0004745543D256C642F256C640D0A0000005A
:1099C00054322C415F43414E443D312C4449535461
:1099D0003D256C752C4D41534B3D30782530325828
:1099E0002C4E3D25752C57494E3D25752C4E454531
:1099F000443D25750D0A000054322C415F57494EF5
:109A00003D312C4849543D25752F25752C4F4B3D34
:109A1000310D0A00044910B5486207204870FDF76F
:109A2000F5FA022010BD000070020020054A5178AE
:109A3000032901D0042903D1806C5169401A00D553
:109A400000207047700200202DE9F0411F4E0746AC
:109A500086B0F0681D46381A14468846C82832D3A6
:109A60000846F760FFF7E2FFF3692169CDE90210CC
:109A70005022CDE90423617AD8F84800CDE90001ED
:109A8000B068D8F858303A1A71781148F7F7D6FC10
:109A900004F11C000FC88DE80F00B4F90E30B4F9C2
:109AA0000C20B4F90A100BA0F7F7C8FCA86DB5F8A4
:109AB0009810D5F8A4208DE80700D5E9071211A069
:109AC0006B6DF7F7BBFC06B0BDE8F08170020020BB
:109AD00008E900085432432C52453D25642C453D8D
:109AE00025642C44453D25642C43543D256C642C51
:109AF000433D256C642C434D443D256C642F256CFF
:109B0000640D0A005432572C543D256C642F256C8B
:109B1000642C4D45413D256C642F256C642C4454C8
:109B20003D25752C4F56523D256C750D0A000000E1
:109B30007FB5104C0546806C60615030A0610020FC
:109B4000E061782001462062FDF7B0F900280FD0CF
:109B500003206070E3782279D4E905018DE80F00D5
:109B60000548A96D037A427A0448F7F767FC01209B
:109B700004B070BD70020020041E002054E90008EB
:109B800010B503F0F5F808B103F000F9044800211E
:109B9000012241708270C1700171417110BD0000DD
:109BA00098020020054810B540780C4640422040FD
:109BB00003D003F007F82060012010BD98020020B8
:109BC00001488068704700009802002009484178E9
:109BD00019B1817819B108A070470AA07047C178FF
:109BE00029B1007908B10AA070470DA0704710A0F4
:109BF000704700009802002054332053544F5050B7
:109C000045440000543320524541445900000000AF
:109C10005433205041535320484F4C44000000001F
:109C20005433204641494C20484F4C44000000002A
:109C30005433204F202B35202D35000005480121BD
:109C40000170002141708170C170017141718160AA
:109C5000012070479802002004488178C27840783B
:109C60001143884380F001007047000098020020F3
:109C7000064810B5417809B1807808B1012010BDBF
:109C800003F0C6F8BDE8104003F072B89802002057
:109C900010B5074C20786178084002D0E07808B110
:109CA000012010BD03F072F80120A070F8E7000059
:109CB0009802002010B50D4C2078617888430FD0B1
:109CC00002F096FF70B1012060700020A070E0707B
:109CD00020716071A06006A0F7F7B0FB012010BDF5
:109CE000142000E06520A060002010BD9802002034
:109CF00054332C53544152543D312C4354524C3D17
:109D00003534455F4F4E455F53484F545F414E5485
:109D1000495F44524946542C5345513D4F5F544F7F
:109D20005F504F53355F544F5F4E4547350D0A0026
:109D300070B5134C4FF0010520786178084202D1CC
:109D40000220A56070BDA078B8B903F061F803F0F7
:109D500009F80028F6D0E57003F010F8207160795A
:109D600058B9657102F02EFF0246207908B105A1AD
:109D700000E006A107A0F7F761FB012070BD00001D
:109D80009802002050415353000000004641494CC6
:109D90000000000054332C494E544547524154456D
:109DA000445F46494E4953483D312C524553554C2A
:109DB000543D25732C4D533D256C752C484F4C4418
:109DC0003D414E54495F44524946540D0A0000003B
:109DD00010B5FCF781FF08B1FDF7BEF800F076FA88
:109DE00008B100F027FB03F05FFC02490020487037
:109DF00010BD0000A4020020094A13785B420B4208
:109E000001D10020704793780BB1106901E0D3684D
:109E1000C01A086050780028F4D001207047000074
:109E2000A40200200148806970470000A4020020BD
:109E300010484178407907291AD2DFE801F0190467
:109E4000060B101217000CA0704708B10EA0704747
:109E500010A0704708B112A0704715A0704718A055
:109E6000704708B11AA070471BA070471CA070472C
:109E70001EA07047A4020020543420544F204220DA
:109E80002B20484F4C440000543420422050415372
:109E90005300000054342042204641494C00000049
:109EA000543420504153532053544F50000000006D
:109EB0005434204641494C2053544F500000000078
:109EC000543420555345522053544F500000000045
:109ED00054342050415353005434204641494C00DF
:109EE0005434204641554C54000000005434205254
:109EF000454144590000000070B5104C002020700E
:109F00006070A061FDF7E0F9012510B9FDF7A6F931
:109F100030B1FDF7D7F928B1FCF7DEFE20B106E03D
:109F2000A56109E0022006E0FCF798FE10B125705B
:109F3000012070BD0320A061002070BDA40200209C
:109F4000064810B54078052806D028B1062803D069
:109F5000F8F76AFF002800D0012010BDA4020020FD
:109F600010B5144C207800280BD06078052809D053
:109F700004280DD001280DD002280BD0032809D0C9
:109F8000002010BDFCF7E8FF00F054FA03F08CFB52
:109F9000012010BDFCF7A6FE20B10120FCF70AFF4E
:109FA0000028F6D000F046FA03F07EFB0420607033
:109FB000EEE70000A40200203EB5304C05462078B4
:109FC00018B1607818B1052801D0142052E0FDF7CF
:109FD0007BF9D8B3F9F7E6FBFDF7A0F8FDF720F918
:109FE0004FF496714FF4B470FCF760FF78B303F050
:109FF00041FB68B300F056F958B3FCF7C1FF48B312
:10A00000012060700021C4E90351C4E90551A17029
:10A01000E17021716171A171E1612162E17161629F
:10A0200021723C22502140F24C408DE807004FF451
:10A03000FA534FF4E16240F2DC511148F7F7FEF9B0
:10A040000121002002F07CFA01203EBD03E004E083
:10A0500005E006E009E004200CE005200AE0072006
:10A0600008E003F021FB082004E000F0E3F903F02E
:10A070001BFB0620A0610020E7E70000A4020020EF
:10A0800034EB00082DE9FE435B4C05462078A0B375
:10A090006078062834D0052835D078B3042816D047
:10A0A00003F00CFB554803F0A3FA40B3534800F00B
:10A0B00019FA20B35148443000F0E2F8F8B1607862
:10A0C000032804D0042802D000F01AFF08B3FCF7DC
:10A0D00019FE4B48F9F7C6FAE8B149484438FCF78D
:10A0E0007BFCC0B146487030F8F7E6FD98B1A07827
:10A0F000434E40F2DC5880B11CE001E005E006E090
:10A100000220BDE8FE830120FBE7092070E00A2061
:10A110006EE00B206CE00C206AE0B16D414501D38C
:10A12000012104E0284600F0F3FD18B10221284681
:10A1300000F012FE284600F015FF284600F064FEED
:10A14000607844F62067032807D0042805D0E0682B
:10A15000281AB8422FD30E204AE0FCF7CBFD20BBD3
:10A16000F8F762FE08B305206070A078E178084037
:10A17000217908406071236AB26DCDE90021029314
:10A18000E168A5EB010201D01EA100E01FA121A002
:10A190002369F7F753F9A07808B1216901E0E06875
:10A1A000291A607902F0A4F9ADE7E068281AB842EC
:10A1B00019D30D201CE0FCF795FDB0B1B06DB0F5E2
:10A1C000E16F10D34FF49677454642463946062054
:10A1D000FCF71CFE58B1032060702B463A461DA0C8
:10A1E000B16DF7F72BF900208BE70F2000E010206E
:10A1F000BDE8FE4300F07CBDA40200201821002031
:10A20000F81F002050415353000000004641494CC4
:10A210000000000054342C524553554C543D2573D6
:10A220002C4D533D256C752C41423D256C752C44BD
:10A230004953543D256C752C42414C4C5F4F4B3D6E
:10A2400025752C4D41585F4552525F4D4D3D256C53
:10A25000750D0A0054342C53544F5050494E473D0D
:10A26000312C444953543D256C752C4445433D25C0
:10A270006C642C4A45524B3D256C640D0A0000006D
:10A28000064910B509784942084201D1002010BDA5
:10A29000A8220349F5F7F8FF012010BD3C0100207A
:10A2A0007C130020002140F28D2000F006B801222E
:10A2B000002140F28D20FEF7AFBC01F17D02FB2AA8
:10A2C00001D3002070470022FEF7A6BC01480078A9
:10A2D000704700003C010020104810B50178D1B152
:10A2E0000F4C94F89D10B1B194F89F1099B140793A
:10A2F000012810D1D4F8800010F13A0F0BDC20694E
:10A30000FEF760FC052806DCA06AFEF75BFC7828F7
:10A3100001DC012010BD002010BD00003C01002028
:10A320007C1300200548007828B1054890F89D006E
:10A3300008B1012070470020704700003C01002058
:10A340007C130020092818D2DFE800F00507090B6C
:10A350000D0F111315000AA070470BA070470CA039
:10A3600070470DA070470EA070470FA0704710A057
:10A37000704711A0704713A0704715A070470000E8
:10A3800049444C450000000057414954000000007A
:10A390004341505455524500484F4C440000000082
:10A3A00044414D5000000000434F52524543540079
:10A3B0005245434F56455200564953494F4E5F4C04
:10A3C0004F535400534552564F5F4552524F52001F
:10A3D000554E4B4E4F574E0010B50B4604460528C0
:10A3E00000D900244FF47A7200211846FEF7F4FBDE
:10A3F00002460E480E4B41798C4210D0002141702C
:10A40000C17083F86010012C01D0022C07D10171BA
:10A410008162012C03D141620162C161817044718A
:10A42000C26283F861405A6610BD00003C01002002
:10A430007C13002010B5FEF751FB0949002040F2C3
:10A44000726208704871C862064981F89C0081F800
:10A4500061004866A1F8782081F8A40010BD0000D2
:10A460003C0100207C130020062810D2DFE800F019
:10A47000030507090B0D07A0704708A070470AA045
:10A4800070470CA070470FA0704711A0704713A031
:10A49000704700004E4F4E4500000000535441529B
:10A4A000545F484F4C44000053544152545F524152
:10A4B0004D50000053544F505F415050524F414354
:10A4C0004800000053544F5050494E4700000000D0
:10A4D00053544F505F534554544C4500554E4B4ECA
:10A4E0004F574E002DE9F04F4FF47A76B14699B0B0
:10A4F0000446CB460027FE4D119728784042204065
:10A500007ED0FEF765FC0090FA484068FEF75AFBE3
:10A5100028224FF00008142801DC404607E03C28C0
:10A5200004DA31461438FEF7D1FB00E030460690DD
:10A53000FEF75AFB109003210020069AFEF71BFC41
:10A540000521109AFEF717FC00F1030A4FF47A7602
:10A5500032460A201099FEF7B9FB12300A903246B3
:10A5600018201099FEF7B2FB22300C9032465A2088
:10A570001099FEF7ABFB96300E903246AA20109948
:10A58000FEF7A4FB00F5A070DA4E0D90069830643B
:10A590001098C6F854A070640A98B0650C98F065DD
:10A5A0006069C6F8900094F83F0030B194F840001C
:10A5B00018B1207808B1012000E0002086F89F0043
:10A5C00030B396F89E00A968002860697DD0884263
:10A5D0007CD0A860D6F89410B146491CC6F89410F7
:10A5E0003046B4F9107066890221C0E9026780F82C
:10A5F000A41007F17D00C9F89880FB2839D300E04A
:10A60000AEE085F80680C5E90C68C5F838807FE0C3
:10A6100056F8980F0022401C46F87C09072086F85F
:10A620008800C5F81480C5F80C80C5F81C8085F832
:10A63000028085F8038086F84480C6F80080C6F85A
:10A640000480C6F80880C6F80C80C6F81480C6F8E6
:10A650001880F1693069084430623E200699FEF79F
:10A6600063FB0021FEF792FB0146306A00F2726044
:10A6700030E3A87928B1286B301AFEF7A3FA0C282A
:10A6800009DCA879401CA871686B30446863A86B2A
:10A690003844A86303E00120A871C5E90D672E6363
:10A6A000AB79032B34D3686B4FF0010C90FBF3F1C3
:10A6B000C9F80010AA6B484692FBF3F2C9F80420CF
:10A6C00089F89DC089F89E8001E025E047E0C9F83F
:10A6D0001480C9F81080C9F88880C9F88C8089F87E
:10A6E000A18089F8A0C06E61A469C5F81C80EC60E7
:10A6F00085F8028085F8038080F8608085F8048002
:10A700000324C5F8288089F8A4407BA0F6F796FEBC
:10A71000182140F27260DDE2884224D10098F0B145
:10A72000B16BF06A0844D6E90C12114408444FF4A6
:10A7300096727D49FEF750FA0446F06396F8A2003F
:10A7400008B13E2000E0222000220699FEF7ECFA34
:10A750000021FEF71BFB014604F27260BAE2012001
:10A7600019B0BDE8F08F624988606248D0F8942043
:10A77000521CC0F894200022C0F89820B4F80A8037
:10A78000B4F910200B9203684068A8EB0305101A77
:10A7900014900020139005904A69DAB10846C06809
:10A7A000C0B1A169814215D90F1AA7F1080070281C
:10A7B00010D8A8EB02004FF47A71139080FB0101CE
:10A7C0003A460023F5F72FFD4FF4C8625142FEF7D9
:10A7D00003FA05904648C0F81480A169C160C169B8
:10A7E00001EB410205991144CA1701EB92718E10D9
:10A7F000C6614FF42F714FF47A70069AFEF7BBFAD8
:10A8000040F22621109AFEF7B6FA3A4C014694F827
:10A81000A20008B1822000E05A204FF47A72FEF7BD
:10A8200055FA34494FF47A720023086586FB00011B
:10A83000F5F7F9FC5A2228445142FEF7CDF90F9062
:10A840002846FEF7BFF904461498FEF7BBF91690A8
:10A850000F98FEF7B7F915903046FEF7B3F904905C
:10A860000020554501DD012005E0CAF100018D42BF
:10A8700001DA4FF0FF30109900290CDD88B11C4936
:10A8800091F902202AB1904203D03A2C01DC032234
:10A89000CA70887005E004D1154988700020C8701E
:10A8A0000AE01348C07838B13A2C07DC1098002829
:10A8B00007DD0120119004E03A2C02DD0C49002054
:10A8C000C8700B48C1780B4880F86010C0F8088049
:10A8D0000B994561C160149901610F9981611399C8
:10A8E000C16127B1A6FB0703F21700211EE028E093
:10A8F0003C0100207C13002042414C4C5F484F4CEF
:10A90000442C5441524745545F4C4F434B3D312CEE
:10A9100043583D256C642C584D4D3D256C642C4EA0
:10A920003D25750D0A00000084FEFFFF02FB073283
:10A9300006FB01214FF47A720023F5F774FC0146FF
:10A9400000E00021E74801620599C0E90916A0F876
:10A950007A7016990A2901DC012100E0002180F8B3
:10A96000A010D0F88820A24201D2C0F88840D0F8C8
:10A970008C30169A934201D2C0F88C2011B9012173
:10A9800080F8A1108046C06EFEF71CF93C2851DA11
:10A990004746D8F87000FEF715F978284ADA786F3C
:10A9A000FEF710F9322845DA052C43DB182C41DC80
:10A9B000049823283EDC0598FEF704F9232839DCA7
:10A9C0004FF47A7204200699FEF780F9C01C0090BB
:10A9D0004FF47A7204201099FEF778F90146009836
:10A9E0000844C1494A78521CD2B24A70824224DBE0
:10A9F000002048700F2C01DB022000E001200699A6
:10AA0000B1F5FA7F02DB012800DD0120002D03DD16
:10AA1000F96AA1EB000004E001DBF86A02E0F96AE0
:10AA20000844F8624FF064026FF06301FEF7D4F857
:10AA3000F86202E0AC48002141701598504501DCF5
:10AA4000002708E00C2801DC022704E01C2801DCB8
:10AA5000032700E0042740F28A214FF47A70069A17
:10AA6000FEF789F94FF4FA71109AFEF784F94FF462
:10AA70007A7117FB01F30A4601461846FEF726F9DC
:10AA8000074601464FF47A720F98FEF71FF94042CD
:10AA90000090C8F84870DDB1D6B1002D02DD002E5F
:10AAA00002DB07E0002E05DD4FF4FA7140F2EE20E4
:10AAB000109A04E040F21A4140F2E240109AFEF788
:10AAC0005AF901464FF47A720098FEF7FFF80090A9
:10AAD00098F8A20008B1052500E004254FF47A7724
:10AAE00040F272613846069AFEF745F940F26C7101
:10AAF000109AFEF740F9642115FB01F301463A462E
:10AB00001846FEF7E3F8054679103846069AFEF730
:10AB100032F94FF4AF71109AFEF72DF901463A461B
:10AB20006420FEF7D3F80B903A4629463046FEF7EC
:10AB3000CDF846423A460B990598FEF7C7F8361A03
:10AB4000C8F84C501198C8B13D4600212846109ACB
:10AB5000FEF711F9099040F2E2412846109AFEF7FB
:10AB60000AF907462A4609990098FEF7AFF80090BF
:10AB70002A4639463046FEF7A9F806465A4F4FF4A2
:10AB800048707979062910D2DFE801F00F03060B2F
:10AB90002A2F4FF42F7908E040F2EE2940F27E4050
:10ABA00002E081464FF4966083464FF47A7249463C
:10ABB0000098FEF78BF805464FF47A7259463046F6
:10ABC000FEF784F80646544522DC049819281FDC59
:10ABD0000598FDF7F7FF23281ADC387948B117E00C
:10ABE00040F28A294FF4AF60DEE7814640F2E2404E
:10ABF000DAE7D8F83800FDF7E5FF142808DC00256F
:10AC0000032088F8A4002E462A461820069939E029
:10AC100011984FF0040958B188F8A490002222201E
:10AC20000699FEF781F80821109AFEF7A4F82BE0A8
:10AC30000C98844209DA0D990498884205DA05983F
:10AC4000FDF7C0FF0D99884206DB062088F8A400B6
:10AC500001226420069915E00A98844206DA0499D4
:10AC60000E98814202DA98F8A20028B188F8A490E0
:10AC700000223E20069905E0052088F8A400002265
:10AC800022200699FEF750F898F8A410062926D03D
:10AC90005FF00001FEF77AF8C8E90C560446D8F8D0
:10ACA0003810D8F82C004FF496720844A9190844BB
:10ACB0000E49FDF791FF0146C8F83C10119900F2CA
:10ACC000726019B1FA780AB1521EFA70F97888F8F0
:10ACD0006010214619B0BDE8F04FFEF7BFB9012161
:10ACE000D8E700007C1300203C01002084FEFFFF19
:10ACF000064910B58861062048700720FCF786F9E0
:10AD0000FFF798FB02F0D0FC022010BDA402002047
:10AD10000F4910B5896D40F24C4400230D4AA14201
:10AD200001D2D36112E00A494439096A002903DAE1
:10AD3000B1F1004F02D049425029F2DBD16921B173
:10AD4000401A3C2802D3012010BDD061002010BD64
:10AD5000F81F0020A40200207FB51C4C02460D46BF
:10AD6000A07800282ED1E0680121101A2061A1707E
:10AD7000A571B0F5FA5F01D8012000E00020144B66
:10AD8000E07093F8A110F1B100212171D3F88C305B
:10AD900008402362607102206070104600F0E2F803
:10ADA000284600F01BF80B4B0A4D0146443320792E
:10ADB0002D6A9B6D226A8DE82D00E3780648226992
:10ADC000F6F73CFB7FBD0121DFE70000A402002075
:10ADD0005C210020B41F002020EA0008012803D0D5
:10ADE000022803D002A0704703A0704704A0704758
:10ADF0004E4F4E45000000004449535400000000EF
:10AE00005455524E0000000070B5384C054694B0C1
:10AE10006069281AC82867D36561A079FFF7DEFF4B
:10AE200001463348324ED0E9093244360069B66DE6
:10AE300002960592CDE90303A078CDE9000108B19F
:10AE4000236901E0E0682B1AE06861782A1A294832
:10AE5000F6F7F4FA284C94F8A400FFF773FA94F884
:10AE60009F1009B1012200E0002294F8A11009B15D
:10AE7000012300E0002394F8A01009B1012500E0AF
:10AE80000025D4F88C10CDE90F15CDE9113294F8D6
:10AE9000A31009B1012300E0002394F8A21009B126
:10AEA000012500E00025D4E91C120BAE0E9386E8C4
:10AEB0002600D4E91A35D4E90D1207AE86E82E0033
:10AEC000D4E90B35B4F8781003AEB4F87C2086E8EA
:10AED0002E00D4E909120091CDE90120D4E905231F
:10AEE0000648A168F6F7AAFA14B070BDA4020020C3
:10AEF000B41F0020DCE900085C21002078EA00088B
:10AF000010B51648FCF798F908B3144914484A6A72
:10AF1000436A9A4204D191F82130047AA34216D0B0
:10AF2000426291F821100172FF2912D0C07970B1EC
:10AF30000A48FCF703F978B108482C30FCF7DCF834
:10AF400050B10648BDE810402C30FCF787B801200E
:10AF500010BD0121C171EBE7002010BD781F00205A
:10AF6000A402002005498A780AB1086901E0C9688D
:10AF7000401A82F0010101F0E3BA0000A4020020AF
:10AF800010B5FBF7A9FE08B1FBF7E6FFFFF752FA91
:10AF900002F08AFB01490020487010BDCC0200205D
:10AFA000094A13785B420B4201D100207047937825
:10AFB0000BB1106901E0D368C01A0860507800280E
:10AFC000F4D0012070470000CC0200200148406A04
:10AFD00070470000CC0200201048417840790829D1
:10AFE00019D2DFE801F0180406080A0F11160CA0A8
:10AFF00070470FA0704712A0704708B114A07047A7
:10B0000017A070471AA0704708B11DA070471EA076
:10B0100070471FA0704721A070470000CC0200209D
:10B020005435204C4150202B204F20484F4C440099
:10B0300054352046494E442041204C494E4500009D
:10B04000543520412054494D45204C4F434B00007E
:10B05000543520504153532053544F5000000000AA
:10B060005435204641494C2053544F5000000000B5
:10B07000543520555345522053544F500000000082
:10B0800054352050415353005435204641494C001B
:10B090005435204641554C54000000005435205290
:10B0A000454144590000000070B5104C002020704C
:10B0B00060706062FCF708F9012510B9FCF7CEF862
:10B0C00030B1FCF7FFF828B1FBF706FE20B106E02F
:10B0D000656209E0022006E0FBF7C0FD10B12570B3
:10B0E000012070BD03206062002070BDCC020020F2
:10B0F000064810B54078062806D028B1072803D0A6
:10B10000F7F792FE002800D0012010BDCC020020ED
:10B1100010B5174C207800280DD0607806280BD089
:10B1200005280FD001280FD002280DD003280BD0FE
:10B13000042809D0002010BDFBF70EFFFFF77AF9B5
:10B1400002F0B2FA012010BDFBF7CCFD20B10120C6
:10B15000FBF730FE0028F6D0FFF76CF902F0A4FAF6
:10B1600000206071E069A06105206070EAE70000DE
:10B17000CC0200202DE9FC41334C0546207818B163
:10B18000607818B1062801D0142059E0FCF79CF82B
:10B19000E8B3F8F707FBFBF7C1FFFCF741F84FF402
:10B1A000967631464FF4B470FBF780FE80B302F020
:10B1B00061FA70B340F28D2700213846FFF77DF821
:10B1C00040B3FBF7DDFE30B3012060700020C4E91E
:10B1D00003506061C4E90605C4E90850A062A0708C
:10B1E000E0702071E0626071A0712063E0712072F4
:10B1F0006072A072012101F0A3F947F23050CDE94D
:10B20000006041F2185300223946104804E008E07B
:10B2100009E00AE00BE00EE0F6F710F90120BDE8C6
:10B22000FC8104200CE005200AE0072008E002F081
:10B230003BFA082004E0FFF7FDF802F035FA06209B
:10B2400060620020EBE70000CC020020BCEC0008AC
:10B250002DE9FF418B4D00278DF80C700446E86105
:10B260002878E8B36878072847D006284BD0C0B3C1
:10B27000052817D002F022FA834802F0B9F988B302
:10B280008148FFF72FF968B37F484430FEF7F8FF95
:10B2900040B36878042805D0052803D003A800F03F
:10B2A00091F970B3FBF72EFD7848F8F7DBF948B356
:10B2B00076484438FBF790FB20B374487030F7F7BA
:10B2C000FBFCF8B1204600F0CFF9204600F016F95B
:10B2D00068786E4E042820D005281ED0A87802E099
:10B2E0000BE012E013E047F2305898B36869201A77
:10B2F000B0F5FA5F4BD30F20C1E0022004B0BDE8E7
:10B30000F08106E007E00120F8E70920B7E00A2015
:10B31000B5E00B20B3E00C20B1E0FBF7EBFC40BB49
:10B32000F7F782FD28B3697806200529687000D1F7
:10B330006F71B06D2979EA6A8DE80700A87808B1C5
:10B340002B6901E0E868231AE868221A687910B1CD
:10B350004FA101E015E050A15148F6F76FF8A87829
:10B3600008B1296901E0E868211A687901F0C0F89C
:10B37000C9E7A86941F28831201A88427CD30D20A0
:10B380007DE0E868211A414501D90E2077E0FBF7FE
:10B39000A9FC18B16878012802D00EE010206EE0F8
:10B3A000B16D41F21850814266D3022068702F724D
:10B3B0006F72AF723BA0F6F741F868784FF496775A
:10B3C000022845D19DF80C00F0B330485438407A3B
:10B3D000C0F38201072916D0C0F3C200072812D09B
:10B3E0005FF0000000F024F9687A052830D3A87ACD
:10B3F00003282DD3E8680121201A2861A97040454F
:10B4000003D8012002E00120ECE700201E49E8708B
:10B41000443191F8A120FAB100222A71D1F88C10A0
:10B420001040E96268716C61B06CA86203206870BA
:10B43000204600F019F9B06DE96ACDE900100297D5
:10B440002B79EA781D4800E016E02969F5F7F6FF48
:10B450006878032802D00FE00122DEE700F040F810
:10B460003946884208DB40F2DC520620FBF7CEFC6E
:10B4700020B10420AC61687000203FE7112000F08B
:10B480001FF83BE7CC020020A823002088220020E0
:10B4900050415353000000004641494C0000000059
:10B4A00078EC000854352C46494E445F413D312C20
:10B4B000444953543D256C750D0A00001CED0008ED
:10B4C000064910B5486207204870FBF79FFDFEF75C
:10B4D000B1FF02F0E9F8022010BD0000CC0200200C
:10B4E00004480549806C896A401A002800DC002065
:10B4F0007047000088220020CC02002070B52C4C40
:10B5000005468AB0206A281AC8284ED32562A0783A
:10B5100008B1FFF7E5FF27494FF496760DF1100CBF
:10B52000D1E90923497A03968CE80E002149443178
:10B530008A6DA178CDE90012029009B1236901E07A
:10B54000E0682B1AE06861782A1A1B48F5F776FF45
:10B550001A4C94F8A400FEF7F5FE94F89F1009B178
:10B56000012200E0002294F8A11009B1012300E0BB
:10B57000002394F8A01009B1012500E00025D4F8BB
:10B580008C10CDE90515CDE90732B4F87820A36A0F
:10B59000A16BCDE902020193049120690090D4E9E6
:10B5A000021207486368F5F749FF0AB070BD000052
:10B5B000CC02002044220020BCEB0008EC23002039
:10B5C0000CEC000870B50446002020701648FBF70C
:10B5D00033FE18B3144A1549506A0B6B984204D1D4
:10B5E00092F82130CD79AB4218D0086392F821004F
:10B5F0000125C871FF2813D0887978B10A48FBF774
:10B600009DFD78B108482C30FBF776FD50B12570D0
:10B61000BDE8704004482C30FBF720BD012070BD10
:10B620008D71EBE7002070BD08220020CC020020C5
:10B630000C490B464A7A1B7A052A05D3DA0605D54A
:10B640008A7A521E8A7201E0521C4A721F2202EA52
:10B65000430202430A72002802D0887A401C887292
:10B6600070470000CC020020054A937883F0010166
:10B670000BB1106901E0D268801A00F061BF0000D0
:10B68000CC02002010B5FBF727FB08B1FBF764FCE8
:10B69000FEF7D0FE02F008F801490020487010BD06
:10B6A00000030020094A13785B420B4201D10020BD
:10B6B000704793780BB1106901E0D368C01A086035
:10B6C00050780028F4D001207047000000030020CB
:10B6D0000148406B70470000000300201548417886
:10B6E00040790C2923D2DFE801F02206080A0C0E6B
:10B6F000101217191B2010A0704714A0704717A034
:10B7000070471AA070471DA0704720A0704708B16D
:10B7100022A0704725A0704728A070472BA0704733
:10B7200008B12EA070472FA0704730A0704732A0FC
:10B730007047000000030020543620434150545508
:10B74000524520544152474554000000543620537E
:10B750005441525420484F4C44000000543620536A
:10B76000544152542052414D500000005436204C58
:10B770004150205441524745540000005436204661
:10B78000494E442041204C494E450000543620414A
:10B790002054494D45204C4F434B00005436205017
:10B7A0004153532053544F5000000000543620465C
:10B7B00041494C2053544F50000000005436205350
:10B7C000544F5020534554544C4500005436205596
:10B7D0005345522053544F5000000000543620501F
:10B7E000415353005436204641494C0054362046BC
:10B7F00041554C54000000005436205245414459F4
:10B800000000000070B5104C002020706070606374
:10B81000FBF75AFD012510B9FBF720FD30B1FBF70E
:10B8200051FD28B1FBF758FA20B106E0656309E045
:10B83000022006E0FBF712FA10B12570012070BD5E
:10B8400003206063002070BD00030020064810B58F
:10B8500040780A2806D028B10B2803D0F7F7E4FA7D
:10B86000002800D0012010BD0003002010B51B4CA3
:10B870002078002815D060780A2813D0092817D01E
:10B88000012817D0022815D0032813D0042811D07E
:10B8900005280FD006280DD007280BD0082809D07E
:10B8A000002010BDFBF758FBFEF7C4FD01F0FCFEC5
:10B8B000012010BDFBF716FA20B10120FBF77AFA40
:10B8C0000028F6D0FEF7B6FD01F0EEFE0020607114
:10B8D000E06A606209206070EAE70000000300206F
:10B8E00070B5364C064688B0207818B1607818B12B
:10B8F0000A2801D014205DE0FBF7E6FCF0B3F7F76F
:10B9000051FFFBF70BFCFBF78BFC4FF482752846CD
:10B910002946FBF7CBFA90B301F0ACFE80B3FEF7FB
:10B92000C6FC70B3012060700020C4E90360606150
:10B93000A061E06120626062C4E90A06C4E90C60AB
:10B94000A063A070E070207160646071A071E0631A
:10B950002064E071A06420726072A072E072012124
:10B9600000F0EEFD47F230504FF49671CDE905102E
:10B9700041F21852FA2342F6E06003E011E012E0CF
:10B9800013E014E0CDE900050295CDE9033242F25F
:10B9900010734FF42F720A48F5F750FD012008B0DC
:10B9A00070BD042006E0052004E0072002E001F05D
:10B9B0007BFE082060630020F1E700000003002008
:10B9C0004CF000082DE9F04F87B04FF0000A044614
:10B9D0008DF814A0FD4DE862287850B368780B28E4
:10B9E00027D00A2829D050B3204600F007FB6878FA
:10B9F000F74F4FF482794FF4967809287ED001F002
:10BA00005DFEA7F1440001F0F3FDD0B1A7F14400C1
:10BA1000FEF768FDA8B13846FEF732FC88B16878B9
:10BA20004FF42F7B01280ED0022835D0032867D091
:10BA3000B7E0022007B0BDE8F08F0120FAE7092047
:10BA40009BE20A2099E2204600F038FCFEF76AFCEF
:10BA5000B8B13868E86378682864D7F89400AC61B6
:10BA600028620220687000210120FEF7B5FCCDE9B4
:10BA7000008BE868D5E90F12231AD648F5F7DEFCEB
:10BA800006E0E868201AB0F5FA6F01D3122074E2DC
:10BA9000204600F017FB6DE2A869261A464540D300
:10BAA000D7F89400296A88423BD9FEF715FC30B3D9
:10BAB000204600F003FC32213C20FBF7F7F958B395
:10BAC000FBF75EFA40B3FA20FBF734FA20B3032009
:10BAD000EC61687000210220FEF77EFCB86BD7F89D
:10BAE0009430BA6A39698DE80F00B7F8782031468A
:10BAF000B948D7F88030F5F7A1FC02E05CE010E02F
:10BB00002DE042F21071CDF80090CDE90191E86886
:10BB10003223211A3C2200E00DE0B0A0F5F78EFCA4
:10BB2000B6E7204600F0CAFB5E45B1D397F89F0008
:10BB300018B1012302E006201FE20023BA6AB96BA4
:10BB4000386901AC009184E80D00B7F878203146DF
:10BB5000B248D7F88030F5F771FC16200DE2E8699D
:10BB600042F21071201A00F09DFA8346C82181FB31
:10BB70000B014FF47A720023F4F755FB00F13C06F9
:10BB8000D22181FB0B014FF47A720023F4F74BFBB7
:10BB900000F13201B14200DD31463046FBF786F953
:10BBA00030B36878072807D0082805D0092803D0C3
:10BBB00005A800F031FBE8B1FBF7A4F89848F7F7C7
:10BBC00051FDC8B196484438FAF706FFA0B1944831
:10BBD0007030F7F771F878B1204600F06FFB20461F
:10BBE00000F070FA68788E4EAB46032806D040E02D
:10BBF0001720C2E10B20C0E10C20BEE1DBF81C00E5
:10BC0000251A386900F0F6F9052806DCB86A00F054
:10BC1000F1F9502801DC012000E00020029042F2FE
:10BC20001070854203D3029808B1012000E0002083
:10BC300042F6E0618D4201D3012100E0002108437A
:10BC400017D048464946FBF731F940B304208BF83A
:10BC5000010000215D460846FEF7BEFBB96A38695F
:10BC6000CDE90001E868B26D211A6E48029BF5F734
:10BC7000E5FB9BF801005D4641F2883B092810D0A6
:10BC8000072826D008283CD0A87847F2305BB8B304
:10BC90006869201AB0F5FA5F60D30F206DE11820B3
:10BCA0006BE1FBF727F870B9F7F7BEF858B185F8E4
:10BCB00005A00A206870A87808B1296901E0E86841
:10BCC000211A002041E0686A211A594517D30D2036
:10BCD00053E1FBF70FF80028F5D1F7F7A5F8002896
:10BCE000F1D00820AC62687000210520FEF774FBDB
:10BCF000E868BB6A211A3A694BA0F5F79FFB39E166
:10BD000026E0A86A201AB0F5C87FF8D30A20687028
:10BD1000B06D3B6929796A6C8DE80F00A87808B18D
:10BD20002B6901E0E868231AE868221A687908B1EB
:10BD300048A100E049A14B48F5F780FBA87808B17D
:10BD4000296901E0E868211A687900F0D1FB74E6FE
:10BD5000E868211A594501D90E200EE1FAF7C2FF11
:10BD600018B16878042802D011E0102005E1B16D07
:10BD700041F21850814228D30520687085F809A047
:10BD800085F80AA085F80BA037A0F5F757FB68786F
:10BD9000052875D19DF81400002816D02048543885
:10BDA000407AC0F38201072975D0C0F3C20007288A
:10BDB00071D0002000F066FAA87A052860D3E87AEE
:10BDC00003285DD3E868201A5CE0D3E0000300207C
:10BDD0007C260020F8F00008F8EF000854362C53B9
:10BDE000544152545F52414D503D312C4D533D25ED
:10BDF0006C752C5350443D256C642F256C642C5479
:10BE000041524745543D256C642F256C642C5241AA
:10BE10004D503D256C750D0A000000003CEF0008F8
:10BE200018250020A4EE000854362C53544F505FC0
:10BE3000534554544C453D312C4D533D256C752C88
:10BE40004552524D4D3D256C642C56463D256C6443
:10BE50000D0A000050415353000000004641494C78
:10BE600000000000E8EE000854362C46494E445FBE
:10BE7000413D312C444953543D256C750D0A000059
:10BE800038E008E04FF0010A286185F802A0584523
:10BE900003D8012002E001208CE70020E87097F829
:10BEA000A11059B300212971D7F88C2008406A6489
:10BEB00068716C61B06C4F46A86348463946FAF722
:10BEC000F5FFE8B185F806A0062068700021032080
:10BED000FEF782FA204600F0F1F9B16DCDE9028754
:10BEE00001910497686C00902B79EA7824482969BD
:10BEF000F5F7A4FA6878062804D03BE00121D2E7E0
:10BF000013203AE0A879022818D200F0BDF8A02842
:10BF10000EDB8C21B420FAF7C9FF68B10220A871AA
:10BF200000F0B2F801468C23B42216A0F5F786FA89
:10BF30006878062802D01DE015201EE000F0A4F865
:10BF4000404517DB4FF448763246B4210620FAF715
:10BF50005DFF88B107206C62687000210420FEF745
:10BF60003BFA14483246816A0091436AB42112A018
:10BF7000F5F764FA00205DE5112000F075F859E549
:10BF8000DCED000854362C53544F505F46494E4167
:10BF90004C5F53544147453D312C504F53543D2540
:10BFA0006C642C5350443D256C642F256C640D0A41
:10BFB00000000000D424002054362C53544F505F0E
:10BFC00050524F46494C453D312C444543454C3D2C
:10BFD000256C642C4A45524B3D256C642C454E54CF
:10BFE00052595F5350443D256C642F256C640D0AF3
:10BFF00000000000002800DA4042704770B5194A7E
:10C000000024214653789B1E072B25D2DFE803F03E
:10C01000040A242410161C0091690124401A4FF4CC
:10C020002F7116E0D1690224401A42F2107110E01B
:10C03000032400F029F84FF496710AE0516A0424B1
:10C04000401A40F2DC5104E0916A0524401A4FF492
:10C05000C87100F027F801462046BDE87040FEF7A1
:10C06000BBB9000000030020064910B548630B204F
:10C0700048700720FAF7CAFFFEF7DCF901F014FB5D
:10C08000022010BD0003002004480549806C896B24
:10C09000401A002800DC002070470000182500200E
:10C0A0000003002010B54FF47A7209B1884201D321
:10C0B000104610BDA0FB02040A4600232146F4F7F7
:10C0C00081F810BDF0B5424C05468BB0206B281AA4
:10C0D000C8287BD32563A07808B1FFF7D5FF3D4979
:10C0E0000DF11C0CD1E915360F6CB4398A798CE846
:10C0F000CC00D1E90923497A4FF4967604AF039630
:10C1000087E80E00334970398A6DA178CDE90012B5
:10C11000029009B1236901E0E0682B1AE0686178B8
:10C120002A1A2D48F5F78AF92A4CF43494F8A40019
:10C13000FEF708F994F89F1009B1012200E00022EF
:10C1400094F8A11009B1012300E0002394F8A01095
:10C1500009B1012500E00025D4F88C10CDE90515C2
:10C16000CDE90732B4F87820A36AA16BCDE90202C9
:10C170000193049120690090D4E902121748636882
:10C18000F5F75CF994F86100FEF76EF9626E94F8C9
:10C190006030D4F884100891CDE9060204F1500112
:10C1A00005930FC901AE86E80F00E06C009004F122
:10C1B00040010B480EC9F5F741F9B4F87C00009036
:10C1C000D4E90C1207A0E36BF5F738F90BB0F0BD1A
:10C1D000000300208825002038EE00088CEF0008BE
:10C1E0006CED000854364354524C2C504F533D25AF
:10C1F0006C642C44414D503D256C642C4354524C8E
:10C200003D256C642C535445503D25752C434841C5
:10C2100053453D310D0A000070B5044600202070E2
:10C220001648FBF709F818B3144A1549506A8B6C85
:10C23000984204D192F821300D7AAB4218D088642C
:10C2400092F8210001250872FF2813D0C87978B12F
:10C250000A48FAF773FF78B108482C30FAF74CFF18
:10C2600050B12570BDE8704004482C30FAF7F6BE96
:10C27000012070BDCD71EBE7002070BD9824002037
:10C28000000300200C490B468A7A5B7A052A05D305
:10C29000DA0605D5CA7A521ECA7201E0521C8A72A9
:10C2A0001F2202EA430202434A72002802D0C87ADF
:10C2B000401CC8727047000000030020054A9378B4
:10C2C00083F001010BB1106901E0D268801A00F01F
:10C2D00037B90000000300200148C0787047000013
:10C2E0008801002001480079704700008801002083
:10C2F00070B5124C02200025E0702571A57000F089
:10C30000EFF9E56025616561A561E561A562E5621A
:10C3100025636563681EA563606209A10C4800F08F
:10C32000E9F90B480BA1163000F0E4F90120207068
:10C33000607000F05BFA012070BD000088010020F1
:10C340005341464520534B454C45544F4E00000049
:10C350005C1800204E4F4E450000000070B5454C63
:10C36000207800287DD02079012509285DD2DFE8DA
:10C3700000F05C5C052138385C4450000020F5F783
:10C3800091F900284FF001000DD0F5F78BF9E07816
:10C39000062801D3022001E0401CC0B2E070A06A70
:10C3A000401CA06213E0F5F77DF928B300F098F97E
:10C3B00003200BE00020F5F775F900284FF001008D
:10C3C00007D0F5F76FF900F08BF902202071657046
:10C3D00031E0F5F767F978B16571E06A401CE06219
:10C3E00029E00020F5F75EF90120F5F75BF918B1B7
:10C3F000A571206B401C20631DE00020F5F752F969
:10C400000120F5F74FF9B0B1E571606B401C606336
:10C4100011E00020F5F746F90120F5F743F950B196
:10C420002572A06B401CA06305E00020F5F73AF9E7
:10C430000120F5F737F9F7F725FFE1686422B1FB32
:10C44000F2F22179042903D0052901D0062909D166
:10C45000616A8A4206D0216A401A642802D3657054
:10C4600003E006E06078002803D0BDE8704000F0EB
:10C47000BDB970BD8801002008490A6982420BD00D
:10C4800008610879042805D0052803D0062801D0C2
:10C49000072801D101204870704700008801002062
:10C4A00006496423CA68C860B2FBF3F2B0FBF3F339
:10C4B0009A4201D001204870704700008801002096
:10C4C0002DE9F04117460E46054600F009F9064CE5
:10C4D00039460648C4E9065600F00CF908202071D8
:10C4E00001206070BDE8F0818801002072180020F2
:10C4F00010B504460846FFF7D3FF0CB104A000E0D6
:10C5000005A000F057F8BDE81040072000F040B843
:10C5100050415353000000004641494C00000000C8
:10C5200010B5064C2178002907D0A178814204D0AB
:10C53000A070FBF789FE0120607010BD880100200B
:10C5400010B50C46FFF7ACFF002C0ED10748C078A1
:10C55000042808D0052801D0062806D104A0BDE88B
:10C56000104000F027B806A0F9E710BD88010020B0
:10C57000412054494D45204C4F434B454400000059
:10C58000422054494D45204C4F434B454400000048
:10C5900070B5074C05462078002807D02079A842BE
:10C5A00004D000F09DF825710120607070BD00007E
:10C5B0008801002010B586B0044616220949684655
:10C5C000F3F762FE2146074800F094F81622054969
:10C5D0006846F3F77DFE002802D003490120487029
:10C5E00006B010BD5C1800208801002003494A698C
:10C5F000824202D0486101204870704788010020C3
:10C6000005480178C279114201D10020704700210C
:10C61000C1710120704700008801002005480178A1
:10C62000027A114201D100207047002101720120DD
:10C63000704700008801002006490A784B791A42A9
:10C6400001D10020704700224A7108B1C9780170F9
:10C650000120704788010020054801788279114245
:10C6600001D1002070470021817101207047000036
:10C6700088010020801E05280ED2DFE800F00305A7
:10C6800007090B0005A0704707A0704709A0704775
:10C690000BA070470DA0704710A0704732204C418E
:10C6A000502053544F500000332042414C4C2053F3
:10C6B000455100003420412D4220484F4C44000099
:10C6C00035204C415020484F4C44000036204C410E
:10C6D0005020544152474554000000003F000000E4
:10C6E0000348002141718171C171017270470000DE
:10C6F00088010020002200280AD019B906E08354DE
:10C70000521CD2B28B5C0BB1152AF8D30021815494
:10C710007047000010B50446014608A20020F5F756
:10C72000BBF90748214602690C20F5F7C8F92146F4
:10C73000BDE8104003A25420F5F7AEB9443A00001A
:10C74000880100204D4D000070B5054614484FF497
:10C750007A71C068B0FBF1F46421B0FBF1F00A21FA
:10C76000B0FBF1F201FB12060EA229460020F5F7FC
:10C7700093F9224629460C20F5F7A1F90AA2294689
:10C780004820F5F789F9324629464E20F5F797F902
:10C790002946BDE8704005A25A20F5F77DB9000092
:10C7A00088010020543A00002E00000053000000D1
:10C7B00070B505460A480C46C078814201D109A2ED
:10C7C00000E009A229460020F5F766F92046FFF7A8
:10C7D00051FF2946BDE8704002460C20F5F75CB9D0
:10C7E000880100203E0000002000000010B5604CD1
:10C7F0002046A178007939B104280DD005280BD046
:10C80000062809D0072807D008287CD2DFE800F0E6
:10C8100008171A374D676A87E068FBF71BFD9CE035
:10C82000F5F704F953A201210020F5F735F955A2D7
:10C8300003210020F5F730F955A205216BE000F047
:10C8400075F98AE0F5F7F2F8002154A20846F5F7E9
:10C8500023F902210120FFF7ABFF03210220FFF79C
:10C86000A7FF04210320FFF7A3FF05210420FFF702
:10C870009FFF06210520FFF79BFF4DA22DE0F5F756
:10C88000D5F800214EA20846F5F706F9E078FFF743
:10C89000F1FE024602210020F5F7FEF84BA204212A
:10C8A0000020F5F7F9F84CA234E0F5F7BFF80021C5
:10C8B0004BA20846F5F7F0F8E078FFF7DBFE0246FA
:10C8C00002210020F5F7E8F80420FFF73DFF484A71
:10C8D00006210020F5F7E0F846A207211BE000F052
:10C8E000E1F83AE0F5F7A2F8002144A20846F5F78E
:10C8F000D3F8E078FFF7BEFE024602210020F5F7EC
:10C90000CBF8042000E026E0FFF71EFF0520FFF72C
:10C9100001FF374A06210020F5F7BEF81DE0F5F7C4
:10C9200085F8002139A20846F5F7B6F8E078FFF758
:10C93000A1FE024602210020F5F7AEF80420FFF721
:10C9400003FF0520FFF7E6FE294A06210020F5F740
:10C95000A3F832A2C1E700F065F800206070F7F795
:10C9600091FC2062E0686421B0FBF1F0606210BDD0
:10C970008801002032303236482053595354454DF7
:10C98000000000004D41494E2041505020563100DA
:10C99000424F4F54494E472E2E2E00003230323631
:10C9A00048205441534B2053454C4543540000000C
:10C9B00055503A4E455854204B303A4F4B000000EA
:10C9C0005441534B2041524D454400004B303A53A3
:10C9D000544152540000000055503A4241434B002C
:10C9E0005441534B205354415254494E4700000088
:10C9F0005C1800204B303A53544F50005441534B75
:10CA00002053544F5050494E470000005441534B5F
:10CA10002046494E49534845440000004B303A4DAA
:10CA2000454E550010B5F5F701F8002112A2084651
:10CA3000F5F732F8124A02210020F5F72DF811A27D
:10CA400004210020F5F728F8104C04212420A269C5
:10CA5000F5F735F80EA206210020F5F71DF806219E
:10CA60002A20E269F5F72BF80721BDE810400AA259
:10CA70000020F5F711B800004641554C5400000065
:10CA800072180020434F44453A00000088010020FE
:10CA900044455441494C3A004B303A524553455471
:10CAA0000000000010B5F4F7C1FF002113A20846F2
:10CAB000F4F7F2FF154CE078FFF7DCFD02460121A8
:10CAC0000020F4F7E9FF0320FFF73EFE0420FFF704
:10CAD00021FE0F4A05210020F4F7DEFF207D8007AC
:10CAE00004D50CA206210020F4F7D6FF0721BDE8EB
:10CAF00010400D4A0020F4F7CFBF00005441534BC3
:10CB00002052554E4E494E4700000000880100203B
:10CB10005C1800204E4F204D4F54494F4E204F552A
:10CB20005450555400000000F4C9000810B5F4F743
:10CB30007DFF002111A20846F4F7AEFF12A20221E8
:10CB40000020F4F7A9FFF5F765F808B111A200E09D
:10CB500013A203210020F4F79FFF144A05210020AF
:10CB6000F4F79AFF1248007D800706D50721BDE83B
:10CB7000104010A20020F4F78FBF10BD53454C4663
:10CB800020434845434B00004B4559203A204F4B2A
:10CB9000000000004F4C45443A204F4B000000007D
:10CBA0004F4C45443A205245545259005C180020DD
:10CBB000880100205441534B3A20534B454C455477
:10CBC0004F4E0000094810B581788279114301D099
:10CBD000406A10BD01784079014205D0F7F752FB59
:10CBE000BDE81040F5F712BD002010BDC8000020C0
:10CBF0002DE9F041394C86B0002525706570A5708F
:10CC0000E570257140F26538A4F80A8040F28B6621
:10CC1000A68125636563A563E56325646564A564F2
:10CC2000E5642FA02565206125726565F5F73EFD59
:10CC300040F28D27E766256227676562E571A56189
:10CC40006571A571A566F4F7C7FA002836D0F5F727
:10CC5000FDF8B0B33046F5F725F9002834D0F5F7E4
:10CC6000D9F8002832D000F005FD0125002832D087
:10CC700065701DA0F4F7E2FBF7F704FB6061E0616B
:10CC8000A0616571A062E06225701CA140F2EF60B6
:10CC9000F5F716FD0DF1080C02230A222B211E20A8
:10CCA0008CE80F0040F2BF10CDE9000643463A463B
:10CCB00041F288311548F4F7C1FB012006B0BDE808
:10CCC000F081FFE712A002E016A000E01BA0F4F73D
:10CCD000B5FB0020F2E71EA0CCE70000C800002052
:10CCE000484F4C44000000004F4B2C564953494FCD
:10CCF0004E5F494E49540D0A000000005249474812
:10CD0000545F4352554953450000000014E60008A3
:10CD10004552522C534552564F5F494E49540D0AC5
:10CD2000000000004552522C534552564F5F534568
:10CD3000545F4E45555452414C0D0A004552522CF9
:10CD4000534552564F5F454E41424C450D0A000037
:10CD50004552522C564953494F4E5F494E49540D46
:10CD60000A0000000148807870470000C8000020D9
:10CD70000148007870470000C80000200249887808
:10CD8000C978084070470000C800002070B5104CFA
:10CD9000207800281AD040F28B652846F5F782F8F3
:10CDA00000F082FCF5F71EF8002020706070E0783B
:10CDB00008B108A104E0A07808B108A100E009A129
:10CDC0002A46BDE8704009A0F4F738BB70BD0000EA
:10CDD000C800002050415353000000004641494C18
:10CDE0000000000041424F525400000042414C4CB0
:10CDF0005F42414C2C53544F502C524553554C5488
:10CE00003D25732C50554C53453D25750D0A0000AA
:10CE1000F0B59BB0F4F714FA654C207800287CD06C
:10CE200060780127002678B300F048FC607858B39A
:10CE300009A800F0DDFB38B3F7F724FA05469DF8A2
:10CE4000630028B30E98216B884245D020639DF87B
:10CE5000240048B3BDF82E00A063BDF934106FF074
:10CE60003102E163511A21646189091A216527722F
:10CE70006663616C69B1411AA164E26C114401EB13
:10CE8000D1714910E16406E0FFE7F7F7FBF90546C9
:10CE900022E0A664E6646064207905281CD2DFE8FD
:10CEA00000F0080C101419002672606B401C6063BF
:10CEB00012E02846F5F706FB0EE02846F5F738FBAA
:10CEC0000AE02846F5F798FA06E029460120F5F72A
:10CED00019F901E0F5F720FA606B0A2808D32079E8
:10CEE000042805D033A140F28B60F5F7E9FB6663B7
:10CEF000A178E079014360798843A179884310D013
:10CF00002846F5F783FB41F28831884209D3E7715F
:10CF10002846F5F77BFB014600E03BE028A0F4F74C
:10CF20008DFAE06A281AB0F57A7F10D3E56220798D
:10CF3000F5F7E2FB0146D4E913206678A3898DE872
:10CF40004D006069A36B2A1A2948F4F777FAA06AA2
:10CF5000281A32281ED3A562207A002820791BD0F7
:10CF6000F5F7CAFB014605AF2069A289A66EA36D3D
:10CF700087E84D0004F1480066890DC8CDE9030239
:10CF8000CDE90163E06B00906069A36B2A1A194830
:10CF9000F4F754FA1BB0F0BDF5F7AEFB0146A089DB
:10CFA00000906069636B2A1A13A0F4F747FAF1E75F
:10CFB000C8000020564953494F4E5F4C4F53540010
:10CFC00042414C4C5F42414C2C4255444745545FD2
:10CFD0004F5645525F4D533D256C752C434F4E5473
:10CFE000524F4C3D434F4E54494E55450D0A00009B
:10CFF00064E80008F0E6000842414C4C5F42414CB6
:10D000002C53544154453D25732C543D256C756D6E
:10D01000732C4E4F5F5441524745542C4C4F535440
:10D020003D256C752C50554C53453D25750D0A001A
:10D030000148F8F7A9BC0000DC16002010B5806B91
:10D040000021C185F8F793FC10BD70B5846B206892
:10D05000406994F84110C0F3C0100025212904D183
:10D0600018B1E584204600F062F82068406994F821
:10D070004210C0F38010222904D118B1E585204662
:10D0800000F02EF8606C40F0100060642046F8F765
:10D090006EFC70BD10B50146806B09680968C90552
:10D0A00016D40021C1840168143151E8002F22F008
:10D0B000800241E80023002BF5D101680C3151E8D2
:10D0C000002F42F0400241E80023002BF5D110BDB3
:10D0D000F8F70DFF10BD10B5806BF8F711FF10BD0C
:10D0E00001680C3151E8002F22F4907241E80023CE
:10D0F000002BF5D10168143151E8002F22F0010214
:10D1000041E80023002BF5D1016B012909D1016809
:10D110000C3151E8002F22F0100241E80023002BCF
:10D12000F5D1202180F84210002101637047016889
:10D130000C3151E8002F22F0C00241E80023002BFF
:10D14000F5D1202180F84110704708B590F84210C1
:10D15000222901D0022008BD82684FF480539A42F0
:10D1600001D1016921B1816A9A421BD04AB10AE01A
:10D170000268816A5268C2F308020A80816A891CC7
:10D1800008E0026972B10268526802F07F020A7018
:10D19000816A491C8162C18D491E0904090CC1853F
:10D1A00003D01BE002685268F1E70168CA6822F008
:10D1B0002002CA600168CA6822F48072CA600168ED
:10D1C0004A6922F001024A61202180F842100021C0
:10D1D0004163026B012A03D0F8F724FE002008BD4A
:10D1E000016301680C3151E8002F22F0100241E880
:10D1F0000023002BF5D101680A68D20602D50A681F
:10D2000049680091818DF8F7CDFAE7E770B50446DB
:10D2100000680169E26821F440511143016121690C
:10D22000A068E26908436169114308432168CA683C
:10D2300049F20C639A430243CA6020684169A269BB
:10D2400021F440711143416131492068884202D084
:10D250003049884202D1F7F7C5FC01E0F7F7B2FC8C
:10D26000E2690023192164253226B2F5004F626875
:10D2700028D0A0FB0101930F9200F2F7A3FF014613
:10D28000B0FBF5F06FF01802504301EB800006EBA5
:10D290000010B0FBF5F000F0F002B1FBF5F002EB8E
:10D2A0000012B1FBF5F06FF01803584301EB80005A
:10D2B00006EB0010B0FBF5F000F00F002168104401
:10D2C000886070BDA0FB010192185B41F2F77AFF04
:10D2D0000146B0FBF5F00201B1FBF5F06FF0180369
:10D2E000584301EB800006EBC000B0FBF5F000F006
:10D2F000F80002EB4002B1FBF5F0584301EB80006F
:10D3000006EBC000B0FBF5F000F00700D6E7000028
:10D31000001001400014014081628285C285002115
:10D320004164222180F84210016921B10168CA6874
:10D3300042F48072CA6001684A6942F001024A619F
:10D340000068C16841F02001C16000207047000002
:10D350000148F8F719BB0000241700200148F8F72E
:10D3600013BB00006C1700200148F8F70DBB00004C
:10D37000B4170020FEE7000010B5992802D86FF01E
:10D38000770010BDB0F5916F23D2134A002100BF82
:10D3900002EB41035B88834217D332F8113002EB72
:10D3A0004102C01A5288D21A0B4B0A3303EB4104D4
:10D3B00033F91110B4F90240631A584300EB5200DC
:10D3C000B0FBF2F0084400B210BD491CC9B20429F8
:10D3D000DED3782010BD0000F6E5000870B504002B
:10D3E00036D0FAB10D2933D0002594F862000A290D
:10D3F00001D0B8B917E020B184F86250A4F86050A9
:10D4000026E0B4F8601069B1204600F029F8A4F8CD
:10D41000605020B1606E401C6066012070BDA06E3F
:10D42000401CA06614E0B4F8600060280BD3012013
:10D4300084F8620024F8605FE068401CE060A06847
:10D44000401CA06004E0215434F8600F401C208090
:10D45000002070BD002802D07021F2F72EBF704767
:10D460002DE9F04F144689B00322ADF820200028A2
:10D4700078D0002C76D0042974D30278532A71D145
:10D480004278422A6ED182782C2A6BD10022E9465A
:10D490000026804608AF09EB820AB446DFF818B1CF
:10D4A0000AE0303B5E455DD806EB86066D1C03EB5B
:10D4B00046063D804FF0010C3D888D4205D218F89C
:10D4C0000530302B01D3392BEBD9BCF1000F49D0FB
:10D4D000521CCAF80060082A09D2BDF820308B42DD
:10D4E00040D2C55C2C2D3DD15B1CADF82030D2B2B2
:10D4F000082ACDD3BDF82000884233D100990129F4
:10D5000030D899B301994FF4A06081422AD203998F
:10D51000814227D20599814224D202994FF470703A
:10D5200081421FD2049981421CD20699814219D2AC
:10D530000798B0F57A7F15D803990198884211D8D9
:10D540000499029888420DD80399019808440599D6
:10D55000B1EB500F06D10499029808440699B1EB3B
:10D56000500F10D0002009B0BDE8F08FFFE7012078
:10D570004FEA090252F82030002BF3D1401CC0B210
:10D580000828F7D301B10121217001986080029829
:10D59000A0800398E08004982081059880B2608183
:10D5A000069AA281079AE28111B1FFF7E5FE00E039
:10D5B000002020820120D6E7A086010010B50122BC
:10D5C00009490A48F8F720FC28B100210648817073
:10D5D000817811B106E00121F8E74169491C4161F8
:10D5E0000121C170807810BD68000020B4170020B0
:10D5F00030B587B0040031D06846F4F77FFC68B3DB
:10D60000F6F740FE0546122218492046F2F73CFE86
:10D61000174841686161154982687039A2614B6E93
:10D62000E3618B6E2362C96E61620099A162019908
:10D63000E16202992163039961630499A163BDF8D2
:10D640001410A187017884F83E10407884F83F00D8
:10D6500038B1A81A642804D8012003E0002007B0DC
:10D6600030BD002084F840000120F8E7081C0020AD
:10D670002402002010B50A4C002012212070607096
:10D680006060A0600748F2F718FE06487038FFF7A0
:10D69000E1FEF4F759FC002801D00120207010BDF4
:10D6A00024020020081C002010B5F4F7CBFC02482F
:10D6B00000210170417010BD2402002030B5124CD1
:10D6C00087B0207800281CD0F4F77CFC012513E0FB
:10D6D0006A469DF814100D48FFF780FE60B10B48B4
:10D6E000122269467030F2F7CFFD6068401C60601E
:10D6F000F6F7C8FDA060657005A8F4F74BFC00289C
:10D70000E6D107B030BD000024020020981B0020A5
:10D7100020B190F8621009B1406A7047002070474C
:10D7200028B190F8621011B1B0F9280070470020BC
:10D73000704740B190F8621029B1006BC11700EB3F
:10D740009150801270470020704720B190F862100D
:10D7500009B1006A70470020704720B190F862104C
:10D7600009B1C06A70470020704720B190F862107C
:10D7700009B1C06970470020704720B190F862106D
:10D7800009B1806970470020704770B50C460500EC
:10D7900025D024B32068002821DB606800281EDB28
:10D7A000A06800281BDBB4F90C00002817DBB4F9D3
:10D7B0000E10002913DD884211DCB4F91000002896
:10D7C0000DDB88420BDCB4F91200002807DB88422D
:10D7D00005DCA08A18B1A07D08B1082801D9002075
:10D7E00070BD64212846F2F768FD182221462846BC
:10D7F000F2F74AFD012085F8620070BD28B190F86B
:10D80000621011B190F83600704700207047002870
:10D810001CD090F86210002918D00021816141626B
:10D820000185C1620163818680F836108163C1631E
:10D83000016441648164C164016541658165C165BC
:10D8400080F8601080F86110C1610162704740B1DA
:10D8500090F862202AB18269002A04DD002905DBE4
:10D8600006E00020704703DA002901DD012200E014
:10D870000022521E114206D1002202630285C262BA
:10D88000828680F836208161012070472DE9F05FA3
:10D890001546040060D094F8620000285CD0002D8A
:10D8A0005AD0204600F00DF9216AA0694FF0000A15
:10D8B000411A6162F0B3204600F0BEF82085616A2B
:10D8C00020684FF4806B80FB01675A460023304686
:10D8D0003946F2F7A8FC47F6FF73DA4300F0E3F8A5
:10D8E000E062616A6068A28A80FB013CA3FB0508D4
:10D8F0000CFB058503FB0A510023F2F794FCB4F9F5
:10D9000010209302226B101841EBE271C3F1000268
:10D9100000F0C9F8B4F928200546D117890241EA78
:10D9200092519202921941EB07085619914648EB21
:10D93000E07100E013E05A4653463046F2F773FCBC
:10D94000B4F90E60F717321A77EB010212DA626A45
:10D95000002A0FDD01220EE00020BDE8F09FA4F8B0
:10D9600028A0C4F82CA0C4F830A0A4F834A084F8EF
:10D9700036A0F1E700220023D6F1000C63EB070389
:10D98000B0EB0C00994104DA606A002801DA01204A
:10D9900000E00020024300D12563206B5A46C317E4
:10D9A00019EB000048EB03010023F2F73CFC321AAC
:10D9B00077EB010207DB0022734262EB0702C31A16
:10D9C00071EB020201DA012200E0002284F8362025
:10D9D000321A77EB010208DB0022734262EB070286
:10D9E000C31A914100DA704206B2A686A1690029E5
:10D9F00002DD002E03DB04E003DA002E01DDA4F8D3
:10DA000034A0B4F93420B4F9120049B1002807DD7C
:10DA1000002A05D006DD002902DB1146814205DB24
:10DA2000104607E00029FBDC5142F7E7002A01DC41
:10DA3000404200B2A08690E72DE9F0418469054696
:10DA4000002C06D008DA4FF00000614260EBE47071
:10DA500004E00020BDE8F0812146E017AA68A2FB9F
:10DA60000167D31703FB017102FB00114FF4007033
:10DA7000301841F100014FF480620023F2F7D3FB2C
:10DA8000B5F90C20D3178218B5F90E005941C31708
:10DA9000851A8B4100DA0246002C01DD10B2D9E76D
:10DAA000504200B2D6E730B5D417851A71EB0404A2
:10DAB00001DA104630BDDA171C1A8A41FADA184624
:10DAC00030BD2DE9F0410E4604464FF47A7786FBCF
:10DAD00007014FF0000815464346F2F7A4FBE0614A
:10DAE00094F8601094F86120A37DC8B204EB400064
:10DAF0009A420AD3B0F93830A26DD21AA265B0F8B2
:10DB00004830E26DD21AE26502E0521C84F86120CE
:10DB10000687A0F84850A06D491C8319A365E06DE5
:10DB20004219C8B2E265A17D814200D8002084F884
:10DB300060003AB183FB07010023F2F774FB206217
:10DB4000BDE8F081C4F82080FAE700007CB50C0045
:10DB50001D461646014601D0601E00E00020CDE9BA
:10DB60000010064B6A462946304600F0EBF8002CC0
:10DB700002D0009A002111707CBD00004BE4000827
:10DB80000907090E002804DB00F1E02080F80014EA
:10DB9000704700F00F0000F1E02080F8141D70477E
:10DBA00002E008C8121F08C1002AFAD17047704766
:10DBB000002001E001C1121F002AFBD170470000C4
:10DBC0002DE9FF5F82B00021DDE90430020DDDF8B0
:10DBD00040B0034318D044F61050A2F2FF32424343
:10DBE0001514119801281FD0A5EB0B00401C5FEA0B
:10DBF000000A4FF000064E4FDFF83891B04650460D
:10DC000015D5CAF1000413E0119801244AA3012894
:10DC100001D16FEA0B010298119AC0E90031C0E905
:10DC2000024206B0BDE8F09FCBF10000DFE70446FA
:10DC30000021404A491842EB0450CDE9001012E09F
:10DC4000E00707D032463B4640464946F2F729FCFA
:10DC50008046894632463B4610461946F2F721FC7B
:10DC600006460F466410002CEAD1DDE90401DDE927
:10DC70000023BAF1000F06DAF2F713FC42464B46D6
:10DC8000F2F70FFC05E0F2F77EFC42464B46F2F756
:10DC90007AFC04460E460022284BF2F7FBFC03D820
:10DCA0004FF0FF30014607E00022254B2046314669
:10DCB000F2F750FBF2F7D6FC102409E0002C0ADB47
:10DCC0000A220023F2F77EFA039B30321A55641EB3
:10DCD00050EA0102F2D1641C039AC4F11103144406
:10DCE000119A012A03D0012208430DD10AE008430A
:10DCF00004D000204FF0110B119072E7A3EB0B053D
:10DD00006D1E0DE05B4504DD4FF0000205F10105DD
:10DD100004E003DA4FF00002A5F10105002AECD07F
:10DD200002981199C0E90231C0E9004579E7000085
:10DD3000000014400000F03F300000000000F043FD
:10DD40000000E03F2DE9FF4F95B09A468846064611
:10DD50000025EEE1252877D100242746F94A012144
:10DD6000039400E0044316F8013F203B01FA03F05E
:10DD70001042F7D130782A2811D06FF02F03307875
:10DD8000A0F13002092A16D8039A44F0020402EBEB
:10DD9000820203EB42021044761C0390EFE758F82E
:10DDA000042B0392002A03DA504244F400540390F7
:10DDB00044F00204761C30782E2816D116F8010F94
:10DDC00044F004042A280DD06FF02F023078A0F11F
:10DDD0003003092B09D807EB870302EB4303C7186D
:10DDE000761CF3E758F8047B761C30786C280FD04B
:10DDF00006DC4C2817D068280DD06A2814D104E01E
:10DE0000742810D07A280FD10DE044F400140AE0F1
:10DE100044F4801401E044F440147278824202D148
:10DE200004F58014761C761C307866280BD013DC41
:10DE3000582877D009DC002875D04528F6D0462828
:10DE4000F4D047281AD193E118E0632835D064282C
:10DE500079D0652812D18BE1702873D008DC67284F
:10DE6000F1D069286FD06E280DD06F2806D1ACE0B4
:10DE700073282CD0752874D0782853D0524617991F
:10DE800090476D1C54E1C4F30250022809D00328C6
:10DE90000DD0D8F8001004280DD00D6008F104084A
:10DEA00046E1D8F80010EA17C1E90052F6E7D8F8C1
:10DEB00000100D80F2E70D70F0E718F8041B8DF8E4
:10DEC000001000208DF80100EB46012003E058F817
:10DED00004BB4FF0FF3061074FF0000102D40DE0AA
:10DEE00009F101018946B9420FDA8145F8DB1BF8D7
:10DEF00009100029F4D108E009F1010189468142A5
:10DF0000FADB1BF809100029F6D103985346A0EB61
:10DF1000090721463846179A00F080FA284400EB9A
:10DF2000090507E044E008E10DE01BF8010B52464B
:10DF300017999047B9F10109F7D25346214638465F
:10DF4000179AF2E039E00A21C4F302524FF0000BB5
:10DF50000091022A06D058F8040BC117032A09D0F1
:10DF60000AE023E008F1070020F00702F2E80201CE
:10DF7000904605E000B2C117042A01D140B2C11792
:10DF8000002906DA0A460021404261EB02012D22F7
:10DF900002E0220504D52B228DF80420012203E0A3
:10DFA000E20701D02022F7E7914657E00A2100E07E
:10DFB00010214FF0000B00910BE010214FF0000BEF
:10DFC00044F004040827009103E008204FF0000B00
:10DFD0000090C4F30252022A05D058F8040B002125
:10DFE000032A08D008E008F1070020F00702F2E851
:10DFF0000201904603E080B2042A00D1C0B24FF083
:10E00000000922072AD53278702A07D0DDF800C02F
:10E010008CF0100C5CEA0B0C05D00EE040228DF861
:10E020000420012208E050EA010306D030238DF8D5
:10E0300004308DF8052002229146009B83F00803EE
:10E0400053EA0B030AD150EA010201D1620705D558
:10E0500030228DF804204FF001097F1E3278582AB3
:10E0600004D039A20C920CAA02920BE03BA2F9E771
:10E070005B46009AF2F7A6F80C9B9B5C029A521E34
:10E080000292137050EA0102F2D1029804A9081A10
:10E0900000F1200B600702D524F4803400E0012752
:10E0A0005F4502DDA7EB0B0000E0002000EB0B0159
:10E0B000009003984944401A0390E00306D4534665
:10E0C0002146179A039800F0A9F90544002706E0B5
:10E0D00001A85246C05D179990476D1C7F1C4F45A3
:10E0E000F6DBE0030CD553462146179A039800F05F
:10E0F00095F9054404E030205246179990476D1C6D
:10E100000099481E00900029F5DC08E00298029969
:10E1100052460078491C0291179990476D1CBBF13B
:10E120000001ABF1010BF1DC5BE100F065F90544A6
:10E13000761C307800287FF40DAE19B02846BDE873
:10E14000F08F000009280100303132333435363782
:10E150003839616263646566000000003031323333
:10E1600034353637383941424344454600000000D3
:10E17000600700D4062708F1070020F00700F0E848
:10E180000223804603F0004C5FEA0C0001D097A008
:10E1900009E0200501D596A005E0E00701D095A093
:10E1A00001E0AFF24C001390307823F00043652873
:10E1B0000CD006DC452809D046281DD047287FD141
:10E1C0003BE0662818D067287AD136E00021112F6D
:10E1D00001DB112000E0781CCDE9000104A90CA8A6
:10E1E000FFF7EEFCDDE90D010C9A4FF0000B07F193
:10E1F0000109109200914EE04FF000400097CDE9E8
:10E20000011004A90CA8FFF7DBFCDDE90D020C9B53
:10E210000F994FF0000B91461093009211B9791CA1
:10E2200000EB0109B7EB090003D4C0F1FF3B07F194
:10E230000109A9EB0700019042E0012F00DA012754
:10E240000021112F01DD112000E03846CDE9000149
:10E2500004A90CA8FFF7B4FCDDE90D010C9A0091AC
:10E260004FF0000BB946109221070FD4009A4A458F
:10E2700003DA914601E0A9F10109B9F1010F05DDC9
:10E28000109AA9F10101515C3029F4D0B84202DAA8
:10E2900010F1040F03DA0121CDE9011010E000288C
:10E2A00003DC8344A9EB000102E0411C494500DD89
:10E2B0008946A0EB0B00401C01904FF000400290FB
:10E2C000200705D40198484502DB4FF0FF3001904C
:10E2D00000208DF84B0002980DF14B07B0F1004F74
:10E2E00025D002200C902B200D90029800280CDAEB
:10E2F000404202902D200D9007E00A210298F1F78C
:10E30000F4FF3031029007F8011D0C99481E0C9063
:10E310000029F2DC02980028EFD1791E0D980870D0
:10E32000307800F0200040F0450007F8020D11A8F9
:10E33000C01BC01D02901398007800B1012000EBB3
:10E340000901019801EBE071029801440398401A19
:10E35000401E0390E00306D453462146179A0398C3
:10E3600000F05CF805441398007818B152461799EC
:10E3700090476D1CE00323D553462146179A039816
:10E3800000F04CF805441BE0BBF1000F07DB0098E0
:10E39000584504DD1098179910F80B0001E0179903
:10E3A00030205246904701980BF1010B401E05F1B9
:10E3B0000105019004D12E205246179990476D1CFB
:10E3C000B9F10001A9F10109DEDC05E017F8010B44
:10E3D0005246179990476D1C0299481E02900029D9
:10E3E000F4DC53462146179A03989EE62D00000060
:10E3F0002B000000200000002DE9F041044600251C
:10E400001E461746880404D405E039462020B0474C
:10E410006D1C641EF9D52846BDE8F0812DE9F04158
:10E42000044600251E469046C80301D5302700E06B
:10E430002027880404D505E041463846B0476D1CC6
:10E44000641EF9D52846BDE8F0814A68002A06D046
:10E450000A68531C0B6010704868401E4860704783
:10E46000F6F774FAFAF75CFBF9F706F9F9F7E6F84C
:10E47000F9F766F8F9F77EF9F9F79CF9F9F7BAF9BF
:10E48000F9F740FAF9F774FAF9F7A8FAF9F7F8FA90
:10E49000F9F712FBF9F72CFBF9F700FAF9F7D4FAC0
:10E4A000FAF71CFB48B1F9F7B9FB40B1FAF716FBD4
:10E4B00038B100BFF9F730FDFCE772B6FEE772B67F
:10E4C000FEE772B6FEE7AED580A83FD30040A1C8F4
:10E4D000DA1281CFD9F1DB30A4A68D14AF3E5149B9
:10E4E000453E00427F400042615149462141454B33
:10E4F000311814127F1027454545393C4A494930A7
:10E5000001710905033649494936064949291E7EE4
:10E510001111117E7F494949363E414141227F41D7
:10E5200041221C7F494949417F090909013E41496E
:10E53000497A7F0808087F00417F41002040413F21
:10E54000017F081422417F404040407F020C027F3F
:10E550007F0408107F3E4141413E7F090909063E84
:10E560004151215E7F091929464649494931010136
:10E570007F01013F4040403F1F2040201F3F403867
:10E58000403F631408146307087008076151494548
:10E5900043000000000000363600000808080808A4
:10E5A00000606000000201510906004122140808C1
:10E5B000083E08082010080402141414141400065D
:10E5C00010160006101600000000000000000102F6
:10E5D0000304060708090000000001020304A8E480
:10E5E00078EC48F418FCE803B80B8813581B0001BA
:10E5F0000203040506079900BF018D026503880424
:10E6000088FFCEFF0000320078003F065B4F666D4A
:10E610007D077F6F42414C4C5F42414C2C5354412B
:10E6200052542C4354524C3D4449524543545F503C
:10E630004F53355F524556455253455F4E4547351A
:10E640005F484F4C442C5345513D4F5F544F5F50F2
:10E650004F53355F544F5F4E4547352C4C494D491C
:10E66000545F4D533D256C752C4F3D25752C504FF7
:10E6700053353D25752C4E4547353D25752C4E456A
:10E68000555452414C3D25752C504F53355F544FD6
:10E690004C3D25642C4E4547355F434150545552FF
:10E6A000453D25642C46494E414C5F544F4C5F4DCF
:10E6B0004D3D25642C46494E414C5F5350443D2509
:10E6C000642C53544152543D494D4D4544494154A5
:10E6D000452C46494E4953483D46495253545F5391
:10E6E000544F505F494E5F57494E444F570D0A00F3
:10E6F00042414C4C5F42414C2C53544154453D25C2
:10E70000732C543D256C756D732C43583D256C64FA
:10E710002C585F4D4D3D256C642C54415247455457
:10E720003D25752C4552523D252B6C642C5241578A
:10E730005F5350443D252B6C642C5350443D252B96
:10E740006C642C4D4F44453D25732C50554C53451E
:10E750003D25752C535441424C453D256C752C4844
:10E760004F4C445F424941533D252B6C640D0A00D8
:10E7700042414C4C5F42414C2C53544154455F4301
:10E7800048414E47452C53544154453D25732C5424
:10E7900041524745543D25752C43583D256C642C0A
:10E7A0005350443D252B6C642C543D256C756D7382
:10E7B0000D0A000042414C4C5F42414C2C524553E3
:10E7C000554C543D25732C524541534F4E3D2573B6
:10E7D0002C544F54414C5F4D533D256C752C504F7C
:10E7E00053355F4D533D256C752C46494E414C5F6A
:10E7F00043583D256C642C46494E414C5F4552526E
:10E800005F50583D256C642C46494E414C5F585F23
:10E810004D4D3D256C642C46494E414C5F4552524E
:10E820005F4D4D3D256C642C46494E414C5F535025
:10E83000443D256C642C504F53355F4F5645525F15
:10E8400050583D256C642C4E4547355F4F56455218
:10E850005F50583D256C642C50554C53453D2575F3
:10E860000D0A000042414C4C5F42414C2C48422C66
:10E8700053544154453D25732C543D256C756D739F
:10E880002C43583D256C642C4552523D252B6C641D
:10E890002C5350443D252B6C642C50554C53453D16
:10E8A00025752C564953494F4E3D25750D0A0000DC
:10E8B000484F4C44000000004150502C53543D251B
:10E8C000732C5441534B3D25752C544D3D25732CD1
:10E8D000454C41505345443D256C752C4449535497
:10E8E0003D256C752C53444953543D256C642C4F85
:10E8F0004C45443D25752C5741524E3D30782530CE
:10E90000386C580D0A00000054322C53543D2575C4
:10E910002C4D533D256C752C444953543D256C7545
:10E920002C53444953543D256C642C4D41534B3D6D
:10E930003078253032582C423D256C642C504F5392
:10E940003D256C642F256C752C4F46463D256C6427
:10E950000D0A000054322C415F4C494E453D312C8C
:10E96000444953543D256C752C4D41534B3D3078F3
:10E97000253032582C4E3D25752C433D256C642C9A
:10E980005441524745543D256C642C4849543D251B
:10E99000752F25750D0A000054322C5354415254E2
:10E9A0003D312C4352554953453D256C642F256C10
:10E9B000642C5345415243485F41465445523D25DE
:10E9C0006C752C534C4F573D256C642C4F46465369
:10E9D00045543D256C750D0A0000000054342C533D
:10E9E000543D25752C4D533D256C752C41423D25DC
:10E9F0006C752C4C4F434B3D25752C545249473D6B
:10EA000025732C444953543D256C752C423D256C8F
:10EA1000642C434D443D256C642F256C640D0A0025
:10EA200054342C425F524541434845443D312C54B7
:10EA30005249473D25732C41423D256C752C544964
:10EA40004D455F4F4B3D25752C42414C4C5F4F4B24
:10EA50003D25752C4D41585F4552525F4D4D3D252A
:10EA60006C752C444953543D256C752C5455524EAD
:10EA70003D256C640D0A0000543442414C4C2C433B
:10EA8000583D256C642C4552523D256C642C5052E7
:10EA900045443D256C642C565241573D256C642CF1
:10EAA00056463D256C642C4D4F44453D25732C50F6
:10EAB000554C53453D25752C535445503D25752CDB
:10EAC000424941533D256C642C504F533D256C64A5
:10EAD0002C44414D503D256C642C46463D256C64CC
:10EAE0002C43563D256C642C43413D256C642C4DD4
:10EAF000413D256C642C5455524E3D256C642C448C
:10EB0000594E3D25752C4C41554E43483D25752C9D
:10EB10004D41584D4D3D256C752C494E31434D3D71
:10EB200025752C56494F4C3D25752C563D25750DA8
:10EB30000A00000054342C53544152543D312C43AC
:10EB400054524C3D4D41494E5F4C41554E43485FF8
:10EB500046465F4F4C45445F56332C4F5F43583D0C
:10EB60003635332C544F4C5F50583D34332C425F74
:10EB700054494D453D256C752C53544F505F4154BD
:10EB80003D256C752C41425F4C494D49543D256CE7
:10EB9000752C5455524E5F474154453D256C752C9C
:10EBA0005455524E5F54483D256C642C5455524E7A
:10EBB0005F4D533D256C750D0A00000054352C53F4
:10EBC000543D25752C4D533D256C752C4C41503DC5
:10EBD000256C752C4C4F434B3D25752C44495354A3
:10EBE0003D256C752C504F53543D256C642F256C7E
:10EBF000752C4D41534B3D3078253032582C434DC8
:10EC0000443D256C642F256C640D0A005435424147
:10EC10004C4C2C43583D256C642C584D4D3D256C77
:10EC2000642C5447543D256C642C4552524D4D3D47
:10EC3000256C642C56463D256C642C4D4F44453D57
:10EC400025732C50554C53453D25752C46463D2586
:10EC50006C642C4D41584D4D3D256C752C494E3101
:10EC6000434D3D25752C56494F4C3D25752C563D41
:10EC700025750D0A0000000054352C524553554CA3
:10EC8000543D25732C4D533D256C752C4C41503D06
:10EC9000256C752C444953543D256C752C42414CD0
:10ECA0004C5F4F4B3D25752C4D41585F4552525F8F
:10ECB0004D4D3D256C750D0A0000000054352C5358
:10ECC000544152543D312C4354524C3D54345F50C6
:10ECD0005245444943544956452C544152474554A2
:10ECE0005F43583D256C642C5441524745545F4D59
:10ECF0004D3D256C642C5345415243485F41465479
:10ED000045523D256C752C504F53543D256C752C48
:10ED10004C494D49543D256C750D0A0054352C4124
:10ED20005F4C494E453D312C4C41503D256C752C76
:10ED300054494D455F4F4B3D25752C42414C4C5F2E
:10ED40004F4B3D25752C4D41585F4552525F4D4DFF
:10ED50003D256C752C444953543D256C752C504F02
:10ED600053543D256C750D0A000000005436474190
:10ED7000494E2C5343483D256C642C585343483D21
:10ED8000256C642C50473D256C642C56473D256C02
:10ED9000642C505245443D256C642C44423D256C06
:10EDA000642C464153543D256C642C5245433D250B
:10EDB0006C642C43423D25752C54503D25732C54D6
:10EDC00050523D256C642C5052453D256C642C43BB
:10EDD0004F55504C45443D300D0A000054362C41EF
:10EDE0005F4C494E453D312C4C41503D256C752CB6
:10EDF00054494D455F4F4B3D25752C42414C4C5F6E
:10EE00004F4B3D25752C4D41585F4552525F4D4D3E
:10EE10003D256C752C444953543D256C752C504F41
:10EE200053543D256C752C5350443D256C642F255F
:10EE30006C640D0A0000000054362C53543D2575B7
:10EE40002C4D533D256C752C4C41503D256C752C3B
:10EE50004C4F434B3D25752C444953543D256C750F
:10EE60002C504F53543D256C642F256C752C4D410F
:10EE7000534B3D3078253032582C434D443D256C62
:10EE8000642F256C642C4C4D3D25752C4D4541530C
:10EE90003D256C642F256C642C54413D256C640D1C
:10EEA0000A00000054362C53544152545F52414DD5
:10EEB000505F444F4E453D312C4D533D256C752CD4
:10EEC000444953543D256C752C535441424C453DA7
:10EED00025752C4552524D4D3D256C642C56463DB2
:10EEE000256C640D0A00000054362C524553554CD5
:10EEF000543D25732C4D533D256C752C4C41503D94
:10EF0000256C752C444953543D256C752C42414C5D
:10EF10004C5F4F4B3D25752C4D41585F4552525F1C
:10EF20004D4D3D256C752C46494E414C5F45525226
:10EF30005F4D4D3D256C640D0A00000054362C5089
:10EF400052454C4F41445F54494D454F55543D3116
:10EF50002C574149543D256C752C50554C53453D1B
:10EF600025752C44454C54413D256C642C46463D4A
:10EF7000256C642C4552524D4D3D256C642C5646F3
:10EF80003D256C642C563D25750D0A0054364241D2
:10EF90004C4C2C43583D256C642C584D4D3D256CF4
:10EFA000642C5447543D256C642C4552524D4D3DC4
:10EFB000256C642C56463D256C642C4D4F44453DD4
:10EFC00025732C50554C53453D25752C46463D2503
:10EFD0006C642C4D41584D4D3D256C752C494E317E
:10EFE000434D3D25752C56494F4C3D25752C563DBE
:10EFF00025750D0A0000000054362C5052454C4F28
:10F0000041445F52454144593D312C574149543D9B
:10F01000256C752C50554C53453D25752C44454C5D
:10F0200054413D256C642C46463D256C642C45526C
:10F03000524D4D3D256C642C56463D256C642C5339
:10F0400045513D256C750D0A0000000054362C53C7
:10F05000544152543D312C4354524C3D54365F4C34
:10F060004F53545F484F4C445F5631322C4341500C
:10F07000545552453D335F535441424C452C5052F8
:10F08000454C4F41445F4D494E3D256C752C5052C7
:10F09000454C4F41445F4D41583D256C752C5241C4
:10F0A0004D503D256C752C52414D505F4D41583DA2
:10F0B000256C752C4352554953453D256C642F25CD
:10F0C0006C642C4C4F53545F484F4C443D256C7539
:10F0D0002C5345415243485F41465445523D256CAF
:10F0E000752C504F53543D256C752C4C494D49544B
:10F0F0003D256C750D0A000054362C54415247458D
:10F10000545F4C4F434B3D312C43583D256C642C90
:10F11000584D4D3D256C642C4D533D256C752C5040
:10F1200052454C4F41445F4D494E3D256C752C5026
:10F1300052454C4F41445F4D41583D256C750D0A79
:10F140000000000064F10008000000204C030000F3
:10F15000C6070008A0F100084C030020DC330000C3
:10F16000B0DB0008012A0366DC05023FFF258D02A3
:10F170008B0613B0E80258084B8D0204013C3201A3
:10F1800082104324F4091F521AFF0101241A685DFA
:10F1900029042A2C65014F6953D208091FBB01E5D8
:040000050800018965
:00000001FF
